Logistic_Recall,Logistic_Precision,Tree_Recall,Tree_Precision
1.0,0.23932848807452145,1.0,0.23932848807452145
1.0,0.23935298935298935,0.6253207869974337,0.6192291401948327
1.0,0.2393774956486127,0.0,1.0
1.0,0.23940200696293262,,
1.0,0.23942652329749103,,
1.0,0.2394510446538304,,
1.0,0.2394755710334938,,
1.0,0.239500102438025,,
1.0,0.23952463886896835,,
1.0,0.23954918032786884,,
1.0,0.23957372681627215,,
1.0,0.23959827833572453,,
1.0,0.2396228348877729,,
1.0,0.23964739647396474,,
1.0,0.2396719630958483,,
1.0,0.23969653475497232,,
1.0,0.2397211114528863,,
1.0,0.23974569319114028,,
1.0,0.239770279971285,,
1.0,0.2397948717948718,,
1.0,0.23981946866345266,,
1.0,0.23984407057858023,,
1.0,0.23986867754180774,,
1.0,0.2398932895546891,,
1.0,0.23991790661877885,,
1.0,0.23994252873563218,,
1.0,0.2399671559068049,,
1.0,0.2399917881338534,,
1.0,0.24001642541833487,,
1.0,0.24004106776180698,,
1.0,0.24006571516582811,,
1.0,0.2400903676319573,,
1.0,0.24011502516175415,,
1.0,0.24013968775677896,,
1.0,0.2401643554185927,,
1.0,0.24018902814875692,,
1.0,0.24021370594883387,,
1.0,0.24023838882038637,,
1.0,0.2402630767649779,,
1.0,0.24028776978417266,,
1.0,0.24031246787953542,,
1.0,0.24033717105263158,,
1.0,0.24036187930502725,,
1.0,0.24038659263828913,,
1.0,0.24041131105398458,,
0.9995722840034217,0.24033319621554916,,
0.9995722840034217,0.24035791422400493,,
0.9995722840034217,0.2403826373174244,,
0.9995722840034217,0.24040736549737682,,
0.9995722840034217,0.2404320987654321,,
0.9995722840034217,0.24045683712316082,,
0.9995722840034217,0.24048158057213417,,
0.9995722840034217,0.24050632911392406,,
0.9995722840034217,0.24053108275010293,,
0.9995722840034217,0.24055584148224396,,
0.9995722840034217,0.24058060531192094,,
0.9995722840034217,0.24060537424070833,,
0.9995722840034217,0.24063014827018123,,
0.9995722840034217,0.24065492740191535,,
0.9995722840034217,0.24067971163748714,,
0.9995722840034217,0.24070450097847357,,
0.9995722840034217,0.2407292954264524,,
0.9995722840034217,0.24075409498300196,,
0.9995722840034217,0.24077889964970123,,
0.9995722840034217,0.24080370942812984,,
0.9995722840034217,0.2408285243198681,,
0.9995722840034217,0.24085334432649697,,
0.9995722840034217,0.24087816944959803,,
0.9995722840034217,0.24090299969075354,,
0.9995722840034217,0.24092783505154639,,
0.9995722840034217,0.24095267553356017,,
0.9995722840034217,0.24097752113837906,,
0.9995722840034217,0.2410023718675879,,
0.9995722840034217,0.24102722772277227,,
0.9995722840034217,0.2410520887055183,,
0.9995722840034217,0.24107695481741284,,
0.9995722840034217,0.24110182606004332,,
0.9995722840034217,0.24112670243499792,,
0.9995722840034217,0.24115158394386543,,
0.9995722840034217,0.2411764705882353,,
0.9995722840034217,0.2412013623696976,,
0.9995722840034217,0.2412262592898431,,
0.9995722840034217,0.24125116135026323,,
0.9995722840034217,0.24127606855255007,,
0.9995722840034217,0.24130098089829632,,
0.9995722840034217,0.2413258983890954,,
0.9995722840034217,0.24135082102654137,,
0.9995722840034217,0.24137574881222887,,
0.9995722840034217,0.24140068174775334,,
0.9995722840034217,0.24142561983471075,,
0.9995722840034217,0.2414505630746978,,
0.9995722840034217,0.24147551146931184,,
0.9995722840034217,0.24150046502015088,,
0.9995722840034217,0.24152542372881355,,
0.9995722840034217,0.24155038759689923,,
0.9995722840034217,0.24157535662600785,,
0.9995722840034217,0.2416003308177401,,
0.9995722840034217,0.24162531017369726,,
0.9995722840034217,0.24165029469548133,,
0.9995722840034217,0.24167528438469493,,
0.9995722840034217,0.24170027924294135,,
0.9995722840034217,0.24172527927182458,,
0.9995722840034217,0.24175028447294922,,
0.9995722840034217,0.24177529484792054,,
0.9995722840034217,0.24180031039834454,,
0.9995722840034217,0.24182533112582782,,
0.9995722840034217,0.24185035703197766,,
0.9995722840034217,0.24187538811840198,,
0.9995722840034217,0.24190042438670945,,
0.9995722840034217,0.24192546583850932,,
0.9995722840034217,0.24195051247541152,,
0.9995722840034217,0.24197556429902672,,
0.9995722840034217,0.24200062131096614,,
0.9995722840034217,0.24202568351284176,,
0.9995722840034217,0.24205075090626618,,
0.9995722840034217,0.2420758234928527,,
0.9995722840034217,0.24210090127421527,,
0.9995722840034217,0.2421259842519685,,
0.9995722840034217,0.2421510724277277,,
0.9995722840034217,0.2421761658031088,,
0.9995722840034217,0.24220126437972847,,
0.9995722840034217,0.24222636815920398,,
0.9995722840034217,0.24225147714315332,,
0.9995722840034217,0.2422765913331951,,
0.9995722840034217,0.24230171073094867,,
0.9995722840034217,0.242326835338034,,
0.9995722840034217,0.24235196515607177,,
0.9995722840034217,0.24237710018668326,,
0.9995722840034217,0.2424022404314905,,
0.9995722840034217,0.24242738589211618,,
0.9995722840034217,0.24245253657018362,,
0.9995722840034217,0.24247769246731687,,
0.9995722840034217,0.2425028535851406,,
0.9995722840034217,0.2425280199252802,,
0.9995722840034217,0.2425531914893617,,
0.9995722840034217,0.24257836827901183,,
0.9995722840034217,0.24260355029585798,,
0.9995722840034217,0.24262873754152825,,
0.9995722840034217,0.24265393001765134,,
0.9995722840034217,0.2426791277258567,,
0.9995722840034217,0.24270433066777444,,
0.9995722840034217,0.24272953884503531,,
0.9995722840034217,0.2427547522592708,,
0.9995722840034217,0.24277997091211304,,
0.9995722840034217,0.2428051948051948,,
0.9995722840034217,0.24283042394014961,,
0.9995722840034217,0.24285565831861167,,
0.9995722840034217,0.24288089794221576,,
0.9995722840034217,0.24290614281259745,,
0.9995722840034217,0.24293139293139293,,
0.9995722840034217,0.2429566483002391,,
0.9995722840034217,0.24298190892077354,,
0.9995722840034217,0.2430071747946345,,
0.9995722840034217,0.2430324459234609,,
0.9995722840034217,0.24305772230889236,,
0.9995722840034217,0.24308300395256918,,
0.9995722840034217,0.2431082908561323,,
0.9995722840034217,0.24313358302122348,,
0.9995722840034217,0.24315888044948497,,
0.9995722840034217,0.24318418314255982,,
0.9995722840034217,0.24320949110209178,,
0.9995722840034217,0.24323480432972522,,
0.9995722840034217,0.24326012282710524,,
0.9995722840034217,0.24328544659587759,,
0.9995722840034217,0.24331077563768871,,
0.9995722840034217,0.24333610995418575,,
0.9995722840034217,0.24336144954701655,,
0.9995722840034217,0.24338679441782962,,
0.9995722840034217,0.24341214456827415,,
0.9995722840034217,0.2434375,,
0.9995722840034217,0.24346286071465778,,
0.9995722840034217,0.24348822671389872,,
0.9995722840034217,0.2435135979993748,,
0.9995722840034217,0.24353897457273865,,
0.9995722840034217,0.24356435643564356,,
0.9995722840034217,0.24358974358974358,,
0.9995722840034217,0.24361513603669344,,
0.9995722840034217,0.24364053377814845,,
0.9995722840034217,0.2436659368157648,,
0.9995722840034217,0.24369134515119917,,
0.9995722840034217,0.24371675878610907,,
0.9995722840034217,0.2437421777221527,,
0.9995722840034217,0.24376760196098884,,
0.9995722840034217,0.24379303150427706,,
0.9995722840034217,0.24381846635367763,,
0.9995722840034217,0.24384390651085142,,
0.9995722840034217,0.2438693519774601,,
0.9995722840034217,0.24389480275516592,,
0.9995722840034217,0.24392025884563198,,
0.9995722840034217,0.2439457202505219,,
0.9995722840034217,0.24397118697150016,,
0.9995722840034217,0.2439966590102318,,
0.9995722840034217,0.24402213636838258,,
0.9995722840034217,0.24404761904761904,,
0.9995722840034217,0.24407310704960836,,
0.9995722840034217,0.24409860037601838,,
0.9995722840034217,0.2441240990285177,,
0.9995722840034217,0.24414960300877558,,
0.9995722840034217,0.24417511231846203,,
0.9995722840034217,0.24420062695924766,,
0.9995722840034217,0.24422614693280384,,
0.9995722840034217,0.2442516722408027,,
0.9995722840034217,0.2442772028849169,,
0.9995722840034217,0.24430273886682,,
0.9995722840034217,0.2443282801881861,,
0.9995722840034217,0.2443538268506901,,
0.9995722840034217,0.24437937885600752,,
0.9995722840034217,0.2444049362058147,,
0.9995722840034217,0.24443049890178853,,
0.9995722840034217,0.2444560669456067,,
0.9995722840034217,0.2444816403389476,,
0.9995722840034217,0.24450721908349027,,
0.9995722840034217,0.24453280318091453,,
0.9995722840034217,0.2445583926329008,,
0.9995722840034217,0.2445839874411303,,
0.9995722840034217,0.2446095876072849,,
0.9995722840034217,0.2446351931330472,,
0.9995722840034217,0.24466080402010051,,
0.9995722840034217,0.2446864202701288,,
0.9995722840034217,0.24471204188481677,,
0.9995722840034217,0.24473766886584983,,
0.9995722840034217,0.24476330121491413,,
0.9995722840034217,0.24478893893369644,,
0.9995722840034217,0.24481458202388434,,
0.9995722840034217,0.24486588432523052,,
0.9995722840034217,0.24489154353976736,,
0.9995722840034217,0.24491720813246698,,
0.9995722840034217,0.24494287810502044,,
0.9995722840034217,0.2449685534591195,,
0.9995722840034217,0.24499423419645666,,
0.9995722840034217,0.2450199203187251,,
0.9995722840034217,0.24504561182761875,,
0.9995722840034217,0.2450713087248322,,
0.9995722840034217,0.24509701101206083,,
0.9995722840034217,0.24512271869100064,,
0.9995722840034217,0.24514843176334836,,
0.9995722840034217,0.24517415023080152,,
0.9995722840034217,0.24519987409505822,,
0.9995722840034217,0.24522560335781743,,
0.9995722840034217,0.24525133802077867,,
0.9995722840034217,0.2452770780856423,,
0.9995722840034217,0.24530282355410937,,
0.9995722840034217,0.24532857442788158,,
0.9995722840034217,0.24535433070866142,,
0.9995722840034217,0.24538009239815203,,
0.9995722840034217,0.24540585949805732,,
0.9995722840034217,0.24543163201008192,,
0.9995722840034217,0.2454574099359311,,
0.9995722840034217,0.2454831932773109,,
0.9995722840034217,0.24550898203592814,,
0.9995722840034217,0.24553477621349024,,
0.9995722840034217,0.24556057581170537,,
0.9995722840034217,0.24558638083228246,,
0.9995722840034217,0.24561219127693115,,
0.9995722840034217,0.24563800714736178,,
0.9995722840034217,0.2456638284452854,,
0.9995722840034217,0.24568965517241378,,
0.9995722840034217,0.24571548733045948,,
0.9995722840034217,0.24574132492113565,,
0.9995722840034217,0.24576716794615627,,
0.9995722840034217,0.245793016407236,,
0.9995722840034217,0.24581887030609026,,
0.9995722840034217,0.2458447296444351,,
0.9995722840034217,0.24587059442398737,,
0.9995722840034217,0.24589646464646464,,
0.9995722840034217,0.24592234031358517,,
0.9995722840034217,0.245948221427068,,
0.9995722840034217,0.24597410798863278,,
0.9995722840034217,0.246,,
0.9995722840034217,0.24602589746289083,,
0.9995722840034217,0.24605180037902716,,
0.9995722840034217,0.24607770875013163,,
0.9995722840034217,0.24610362257792756,,
0.9995722840034217,0.24612954186413902,,
0.9995722840034217,0.24615546661049084,,
0.9995722840034217,0.24618139681870851,,
0.9995722840034217,0.24620733249051832,,
0.9995722840034217,0.24623327362764724,,
0.9995722840034217,0.24625922023182298,,
0.9995722840034217,0.24628517230477395,,
0.9995722840034217,0.24631112984822934,,
0.9995722840034217,0.24633709286391905,,
0.9995722840034217,0.2463630613535737,,
0.9995722840034217,0.24638903531892462,,
0.9995722840034217,0.2464150147617039,,
0.9995722840034217,0.2464409996836444,,
0.9995722840034217,0.24646699008647965,,
0.9995722840034217,0.24649298597194388,,
0.9995722840034217,0.24651898734177216,,
0.9995722840034217,0.24654499419770018,,
0.9995722840034217,0.24657100654146444,,
0.9995722840034217,0.24659702437480216,,
0.9995722840034217,0.24662304769945126,,
0.9995722840034217,0.2466490765171504,,
0.9995722840034217,0.246675110829639,,
0.9995722840034217,0.24670115063865725,,
0.9995722840034217,0.24672719594594594,,
0.9995722840034217,0.24675324675324675,,
0.9995722840034217,0.246779303062302,,
0.9995722840034217,0.2468053648748548,,
0.9995722840034217,0.24683143219264891,,
0.9995722840034217,0.24685750501742895,,
0.9995722840034217,0.2468835833509402,,
0.9995722840034217,0.24690966719492868,,
0.9995722840034217,0.24693575655114117,,
0.9995722840034217,0.24696185142132515,,
0.9995722840034217,0.2469879518072289,,
0.9995722840034217,0.24701405771060142,,
0.9995722840034217,0.24704016913319238,,
0.9995722840034217,0.2470662860767523,,
0.9995722840034217,0.24709240854303235,,
0.9995722840034217,0.2471185365337845,,
0.9995722840034217,0.24714467005076143,,
0.9995722840034217,0.24717080909571656,,
0.9995722840034217,0.24719695367040406,,
0.9995722840034217,0.24722310377657886,,
0.9995722840034217,0.24724925941599663,,
0.9995722840034217,0.2472754205904137,,
0.9995722840034217,0.2473015873015873,,
0.9995722840034217,0.24732775955127526,,
0.9995722840034217,0.24735393734123623,,
0.9995722840034217,0.2473801206732296,,
0.9995722840034217,0.24740630954901546,,
0.9995722840034217,0.24743250397035468,,
0.9995722840034217,0.2474587039390089,,
0.9995722840034217,0.24748490945674045,,
0.9995722840034217,0.24751112052531243,,
0.9995722840034217,0.2475373371464887,,
0.9995722840034217,0.2475635593220339,,
0.9995722840034217,0.24758978705371332,,
0.9995722840034217,0.24761602034329308,,
0.9995722840034217,0.24764225919254002,,
0.9995722840034217,0.2476685036032217,,
0.9995722840034217,0.24769475357710652,,
0.9995722840034217,0.24772100911596354,,
0.9995722840034217,0.2477472702215626,,
0.9995722840034217,0.2477735368956743,,
0.9995722840034217,0.24779980914007,,
0.9995722840034217,0.24782608695652175,,
0.9995722840034217,0.2478523703468024,,
0.9995722840034217,0.24787865931268563,,
0.9995722840034217,0.2479049538559457,,
0.9995722840034217,0.24793125397835775,,
0.9995722840034217,0.2479575596816976,,
0.9995722840034217,0.24798387096774194,,
0.9995722840034217,0.24801018783826806,,
0.9995722840034217,0.24803651029505414,,
0.9995722840034217,0.248062838339879,,
0.9995722840034217,0.2480891719745223,,
0.9995722840034217,0.24811551120076442,,
0.9995722840034217,0.2481418560203865,,
0.9995722840034217,0.24816820643517043,,
0.9995722840034217,0.2481945624468989,,
0.9995722840034217,0.2482209240573553,,
0.9995722840034217,0.24824729126832376,,
0.9995722840034217,0.2482736640815893,,
0.9995722840034217,0.24830004249893753,,
0.9995722840034217,0.24832642652215492,,
0.9995722840034217,0.2483528161530287,,
0.9995722840034217,0.2483792113933468,,
0.9995722840034217,0.24840561224489796,,
0.9995722840034217,0.24843201870947168,,
0.9995722840034217,0.24845843078885818,,
0.9995722840034217,0.24848484848484848,,
0.9995722840034217,0.24851127179923438,,
0.9995722840034217,0.24853770073380835,,
0.9995722840034217,0.24856413529036375,,
0.9995722840034217,0.2485905754706946,,
0.9995722840034217,0.24861702127659574,,
0.9995722840034217,0.24864347270986276,,
0.9995722840034217,0.24866992977229196,,
0.9995722840034217,0.24869639246568054,,
0.9995722840034217,0.24872286079182632,,
0.9995722840034217,0.24874933475252795,,
0.9995722840034217,0.24877581434958485,,
0.9995722840034217,0.2488022995847972,,
0.9995722840034217,0.24882879045996592,,
0.9995722840034217,0.24885528697689277,,
0.9995722840034217,0.24888178913738018,,
0.9995722840034217,0.24890829694323144,,
0.9995722840034217,0.24893481039625054,,
0.9995722840034217,0.24896132949824226,,
0.9995722840034217,0.24898785425101214,,
0.9995722840034217,0.24901438465636655,,
0.9995722840034217,0.24904092071611253,,
0.9995722840034217,0.249067462432058,,
0.9995722840034217,0.2490940098060115,,
0.9995722840034217,0.24912056283978254,,
0.9995722840034217,0.24914712153518123,,
0.9995722840034217,0.24917368589401856,,
0.9995722840034217,0.2492002559181062,,
0.9995722840034217,0.24922683160925668,,
0.9995722840034217,0.24925341296928327,,
0.9995722840034217,0.24928,,
0.9995722840034217,0.24930659270322167,,
0.9995722840034217,0.2493331910807639,,
0.9995722840034217,0.24935979513444304,,
0.9995722840034217,0.2493864048660762,,
0.9995722840034217,0.24941302027748133,,
0.9995722840034217,0.2494396413704771,,
0.9995722840034217,0.249466268146883,,
0.9995722840034217,0.24949290060851928,,
0.9995722840034217,0.24951953875720692,,
0.9995722840034217,0.24954618259476774,,
0.9995722840034217,0.24957283212302434,,
0.9995722840034217,0.24959948734380005,,
0.9995722840034217,0.24962614825891905,,
0.9995722840034217,0.24965281487020619,,
0.9995722840034217,0.24967948717948718,,
0.9995722840034217,0.2497061651885885,,
0.9995722840034217,0.24973284889933747,,
0.9995722840034217,0.24975953831356204,,
0.9995722840034217,0.24978623343309106,,
0.9995722840034217,0.24981293425975415,,
0.9995722840034217,0.24983964079538165,,
0.9995722840034217,0.24986635304180477,,
0.9995722840034217,0.24989307100085542,,
0.9995722840034217,0.24991979467436637,,
0.9995722840034217,0.24994652406417112,,
0.9995722840034217,0.24997325917210397,,
0.9995722840034217,0.25,,
0.9995722840034217,0.2500267465496951,,
0.9995722840034217,0.2500534988230259,,
0.9995722840034217,0.2500802568218299,,
0.9995722840034217,0.2501070205479452,,
0.9995722840034217,0.25013379000321095,,
0.9995722840034217,0.25016056518946694,,
0.9995722840034217,0.2501873461085537,,
0.9995722840034217,0.25021413276231264,,
0.9995722840034217,0.25024092515258595,,
0.9995722840034217,0.25026772328121655,,
0.9995722840034217,0.2502945271500482,,
0.9995722840034217,0.25032133676092544,,
0.9995722840034217,0.2503481521156936,,
0.9995722840034217,0.25037497321619884,,
0.9995722840034217,0.250401800064288,,
0.9995722840034217,0.2504286326618088,,
0.9995722840034217,0.2504554710106098,,
0.9995722840034217,0.2504823151125402,,
0.9995722840034217,0.2505091649694501,,
0.9995722840034217,0.2505360205831904,,
0.9995722840034217,0.2505628819556127,,
0.9995722840034217,0.25058974908856957,,
0.9995722840034217,0.2506166219839142,,
0.9995722840034217,0.25064350064350066,,
0.9995722840034217,0.25067038506918377,,
0.9995722840034217,0.25069727526281915,,
0.9995722840034217,0.2507241712262633,,
0.9995722840034217,0.2507510729613734,,
0.9995722840034217,0.2507779804700075,,
0.9995722840034217,0.2508048937540245,,
0.9995722840034217,0.2508318128152839,,
0.9995722840034217,0.2508587376556462,,
0.9995722840034217,0.2508856682769726,,
0.9995722840034217,0.2509126046811252,,
0.9995722840034217,0.2509395468699667,,
0.9995722840034217,0.2509664948453608,,
0.9995722840034217,0.25099344860917194,,
0.9995722840034217,0.2510204081632653,,
0.9995722840034217,0.25104737350950695,,
0.9995722840034217,0.25107434464976364,,
0.9995722840034217,0.2511013215859031,,
0.9995722840034217,0.25112830431979366,,
0.9995722840034217,0.2511552928533047,,
0.9995722840034217,0.2511822871883061,,
0.9995722840034217,0.2512092873266688,,
0.9995722840034217,0.2512362932702645,,
0.9995722840034217,0.2512633050209655,,
0.9995722840034217,0.25129032258064515,,
0.9995722840034217,0.25131734595117755,,
0.9995722840034217,0.2513443751344375,,
0.9995722840034217,0.25137141013230074,,
0.9995722840034217,0.2513984509466437,,
0.9995722840034217,0.25142549757934374,,
0.9995722840034217,0.2514525500322789,,
0.9995722840034217,0.2514796083073281,,
0.9995722840034217,0.2515066724063711,,
0.9995722840034217,0.25153374233128833,,
0.9995722840034217,0.25156081808396125,,
0.9995722840034217,0.25158789966627193,,
0.9995722840034217,0.2516149870801034,,
0.9995722840034217,0.2516420803273393,,
0.9995722840034217,0.25166917940986433,,
0.9995722840034217,0.2516962843295638,,
0.9995722840034217,0.251723395088324,,
0.9995722840034217,0.25175051168803186,,
0.9995722840034217,0.2517776341305753,,
0.9995722840034217,0.2518047624178429,,
0.9995722840034217,0.2518318965517241,,
0.9995722840034217,0.2518590365341093,,
0.9995722840034217,0.2518861823668894,,
0.9995722840034217,0.25191333405195643,,
0.9995722840034217,0.25194049159120313,,
0.9995722840034217,0.2519676549865229,,
0.9995722840034217,0.25199482423981023,,
0.9995722840034217,0.2520219993529602,,
0.9995722840034217,0.2520491803278688,,
0.9995722840034217,0.25207636716643295,,
0.9995722840034217,0.25210355987055016,,
0.9995722840034217,0.2521307584421189,,
0.9995722840034217,0.25215796288303843,,
0.9995722840034217,0.2521851731952088,,
0.9995722840034217,0.252212389380531,,
0.9995722840034217,0.2522396114409066,,
0.9995722840034217,0.25226683937823835,,
0.9995722840034217,0.2522940731944294,,
0.9995722840034217,0.25232131289138415,,
0.9995722840034217,0.25234855847100746,,
0.9995722840034217,0.2523758099352052,,
0.9995722840034217,0.252403067285884,,
0.9995722840034217,0.2524303305249514,,
0.9995722840034217,0.25245759965431563,,
0.9995722840034217,0.25248487467588593,,
0.9995722840034217,0.25251215559157214,,
0.9995722840034217,0.2525394424032851,,
0.9995722840034217,0.25256673511293637,,
0.9995722840034217,0.2525940337224384,,
0.9995722840034217,0.2526213382337045,,
0.9995722840034217,0.25264864864864867,,
0.9995722840034217,0.2526759649691859,,
0.9995722840034217,0.25270328719723184,,
0.9995722840034217,0.25273061533470315,,
0.9995722840034217,0.2527579493835172,,
0.9995722840034217,0.2527852893455922,,
0.9995722840034217,0.25281263522284725,,
0.9995722840034217,0.25283998701720223,,
0.9995722840034217,0.2528673447305778,,
0.9995722840034217,0.2528947083648956,,
0.9995722840034217,0.25292207792207794,,
0.9995722840034217,0.25294945340404806,,
0.9995722840034217,0.25297683481273003,,
0.9995722840034217,0.2530042221500487,,
0.9995722840034217,0.25303161541792984,,
0.9995722840034217,0.25305901461829994,,
0.9995722840034217,0.25308641975308643,,
0.9995722840034217,0.25311383082421746,,
0.9995722840034217,0.2531412478336222,,
0.9995722840034217,0.2531686707832304,,
0.9995722840034217,0.2531960996749729,,
0.9995722840034217,0.2532235345107812,,
0.9995722840034217,0.2532509752925878,,
0.9995722840034217,0.25327842202232576,,
0.9995722840034217,0.25330587470192933,,
0.9995722840034217,0.25333333333333335,,
0.9995722840034217,0.25336079791847355,,
0.9995722840034217,0.2533882684592866,,
0.9995722840034217,0.2534157449577098,,
0.9995722840034217,0.2534432274156816,,
0.9995722840034217,0.253470715835141,,
0.9995722840034217,0.253498210218028,,
0.9995722840034217,0.25352571056628337,,
0.9995722840034217,0.25355321688184873,,
0.9995722840034217,0.2535807291666667,,
0.9995722840034217,0.2536082474226804,,
0.9995722840034217,0.25363577165183415,,
0.9995722840034217,0.25366330185607294,,
0.9995722840034217,0.2536908380373426,,
0.9995722840034217,0.25371838019758985,,
0.9995722840034217,0.2537459283387622,,
0.9995722840034217,0.2537734824628081,,
0.9995722840034217,0.2538010425716768,,
0.9995722840034217,0.2538286086673183,,
0.9995722840034217,0.2538561807516837,,
0.9995722840034217,0.2538837588267246,,
0.9995722840034217,0.25391134289439377,,
0.9995722840034217,0.25393893295664455,,
0.9995722840034217,0.25396652901543143,,
0.9995722840034217,0.25399413107270946,,
0.9995722840034217,0.2540217391304348,,
0.9995722840034217,0.2540493531905642,,
0.9995722840034217,0.25407697325505546,,
0.9995722840034217,0.25410459932586715,,
0.9995722840034217,0.25413223140495866,,
0.9995722840034217,0.25415986949429037,,
0.9995722840034217,0.25418751359582337,,
0.9995722840034217,0.25421516371151964,,
0.9995722840034217,0.254242819843342,,
0.9995722840034217,0.25427048199325425,,
0.9995722840034217,0.2542981501632209,,
0.9995722840034217,0.2543258243552073,,
0.9995722840034217,0.2543535045711798,,
0.9995722840034217,0.25438119081310545,,
0.9995722840034217,0.25440888308295234,,
0.9995722840034217,0.25443658138268915,,
0.9995722840034217,0.2544642857142857,,
0.9995722840034217,0.2544919960797125,,
0.9995722840034217,0.25451971248094096,,
0.9995722840034217,0.25454743491994336,,
0.9995722840034217,0.2545751633986928,,
0.9995722840034217,0.2546028979191633,,
0.9995722840034217,0.2546306384833297,,
0.9995722840034217,0.2546583850931677,,
0.9995722840034217,0.2546861377506539,,
0.9995722840034217,0.25471389645776565,,
0.9995722840034217,0.25474166121648134,,
0.9995722840034217,0.2547694320287801,,
0.9995722840034217,0.254797208896642,,
0.9995722840034217,0.25482499182204776,,
0.9995722840034217,0.25485278080697926,,
0.9995722840034217,0.2548805758534191,,
0.9995722840034217,0.2549083769633508,,
0.9995722840034217,0.25493618413875857,,
0.9995722840034217,0.2549639973816277,,
0.9995722840034217,0.25499181669394433,,
0.9995722840034217,0.25501964207769534,,
0.9995722840034217,0.2550474735348685,,
0.9995722840034217,0.2550753110674525,,
0.9995722840034217,0.25510315467743694,,
0.9995722840034217,0.25513100436681224,,
0.9995722840034217,0.2551588601375696,,
0.9995722840034217,0.2551867219917012,,
0.9995722840034217,0.25521458993120016,,
0.9995722840034217,0.2552424639580603,,
0.9995722840034217,0.25527034407427635,,
0.9995722840034217,0.255298230281844,,
0.9995722840034217,0.2553261225827598,,
0.9995722840034217,0.255354020979021,,
0.9995722840034217,0.25538192547262595,,
0.9995722840034217,0.25540983606557377,,
0.9995722840034217,0.25543775275986447,,
0.9995722840034217,0.2554656755574989,,
0.9995722840034217,0.25549360446047886,,
0.9995722840034217,0.2555215394708069,,
0.9995722840034217,0.2555494805904866,,
0.9995722840034217,0.2555774278215223,,
0.9995722840034217,0.2556053811659193,,
0.9995722840034217,0.25563334062568366,,
0.9995722840034217,0.25566130620282246,,
0.9995722840034217,0.25568927789934354,,
0.9995722840034217,0.25571725571725573,,
0.9995722840034217,0.2557452396585686,,
0.9995722840034217,0.25577322972529276,,
0.9995722840034217,0.2558012259194396,,
0.9995722840034217,0.25582922824302134,,
0.9995722840034217,0.2558572366980512,,
0.9995722840034217,0.2558852512865433,,
0.9995722840034217,0.2559132720105125,,
0.9995722840034217,0.2559412988719746,,
0.9995722840034217,0.25596933187294635,,
0.9995722840034217,0.2559973710154453,,
0.9995722840034217,0.2560254163014899,,
0.9995722840034217,0.2560534677330996,,
0.9995722840034217,0.25608152531229456,,
0.9995722840034217,0.2561095890410959,,
0.9995722840034217,0.2561376589215256,,
0.9995722840034217,0.2561657349556067,,
0.9995722840034217,0.2561938171453629,,
0.9995722840034217,0.25622190549281876,,
0.9995722840034217,0.25625,,
0.9995722840034217,0.256278100668933,,
0.9995722840034217,0.2563062075016451,,
0.9995722840034217,0.2563343205001645,,
0.9995722840034217,0.2563624396665204,,
0.9995722840034217,0.2563905650027427,,
0.9995722840034217,0.2564186965108624,,
0.9995722840034217,0.2564468341929112,,
0.9995722840034217,0.25647497805092184,,
0.9995722840034217,0.2565031280869279,,
0.9995722840034217,0.2565312843029638,,
0.9995722840034217,0.2565594467010649,,
0.9995722840034217,0.25658761528326746,,
0.9995722840034217,0.25661579005160867,,
0.9995722840034217,0.2566439710081265,,
0.9995722840034217,0.25667215815485994,,
0.9995722840034217,0.25670035149384884,,
0.9995722840034217,0.25672855102713393,,
0.9995722840034217,0.25675675675675674,,
0.9995722840034217,0.2567849686847599,,
0.9995722840034217,0.2568131868131868,,
0.9995722840034217,0.25684141114408177,,
0.9995722840034217,0.25686964167949,,
0.9995722840034217,0.2568978784214576,,
0.9995722840034217,0.25692612137203164,,
0.9995722840034217,0.25695437053326003,,
0.9995722840034217,0.25698262590719156,,
0.9995722840034217,0.257010887495876,,
0.9995722840034217,0.25703915530136384,,
0.9995722840034217,0.25706742932570675,,
0.9995722840034217,0.2570957095709571,,
0.9995722840034217,0.25712399603916825,,
0.9995722840034217,0.2571522887323944,,
0.9995722840034217,0.25718058765269064,,
0.9995722840034217,0.2572088928021131,,
0.9995722840034217,0.2572372041827188,,
0.9995722840034217,0.25726552179656537,,
0.9995722840034217,0.2572938456457118,,
0.9995722840034217,0.25732217573221755,,
0.9995722840034217,0.25735051205814335,,
0.9995722840034217,0.25737885462555066,,
0.9995722840034217,0.2574072034365018,,
0.9995722840034217,0.25743555849306016,,
0.9995722840034217,0.25746391979728983,,
0.9995722840034217,0.25749228735125607,,
0.9995722840034217,0.25752066115702477,,
0.9995722840034217,0.257549041216663,,
0.9995722840034217,0.2575774275322385,,
0.9995722840034217,0.2576058201058201,,
0.9995722840034217,0.25763421893947747,,
0.9995722840034217,0.2576626240352812,,
0.9995722840034217,0.2576910353953027,,
0.9995722840034217,0.2577194530216145,,
0.9995722840034217,0.25774787691628986,,
0.9995722840034217,0.25777630708140303,,
0.9995722840034217,0.2578047435190292,,
0.9995722840034217,0.25783318623124446,,
0.9995722840034217,0.2578616352201258,,
0.9995722840034217,0.257890090487751,,
0.9995722840034217,0.2579185520361991,,
0.9995722840034217,0.25794701986754964,,
0.9995722840034217,0.2579754939838834,,
0.9995722840034217,0.25800397438728195,,
0.9995722840034217,0.25803246107982775,,
0.9995722840034217,0.25806095406360424,,
0.9995722840034217,0.2580894533406958,,
0.9995722840034217,0.25811795891318756,,
0.9995722840034217,0.2581464707831658,,
0.9995722840034217,0.2581749889527176,,
0.9995722840034217,0.25820351342393105,,
0.9995722840034217,0.258232044198895,,
0.9995722840034217,0.2582605812796994,,
0.9995722840034217,0.258289124668435,,
0.9995722840034217,0.25831767436719355,,
0.9995722840034217,0.25834623037806764,,
0.9995722840034217,0.2583747927031509,,
0.9995722840034217,0.25840336134453784,,
0.9995722840034217,0.25843193630432376,,
0.9995722840034217,0.2584605175846052,,
0.9995722840034217,0.25848910518747925,,
0.9995722840034217,0.25851769911504424,,
0.9995722840034217,0.25854629936939927,,
0.9995722840034217,0.2585749059526444,,
0.9995722840034217,0.2586035188668806,,
0.9995722840034217,0.2586321381142098,,
0.9995722840034217,0.2586607636967349,,
0.9995722840034217,0.2586893956165597,,
0.9995722840034217,0.2587180338757888,,
0.9995722840034217,0.2587466784765279,,
0.9995722840034217,0.2587753294208836,,
0.9995722840034217,0.25880398671096344,,
0.9995722840034217,0.25883265034887587,,
0.9995722840034217,0.25886132033673015,,
0.9995722840034217,0.25888999667663676,,
0.9995722840034217,0.25891867937070684,,
0.9995722840034217,0.25894736842105265,,
0.9995722840034217,0.2589760638297872,,
0.9995722840034217,0.2590047655990247,,
0.9995722840034217,0.2590334737308801,,
0.9995722840034217,0.25906218822746924,,
0.9995722840034217,0.2590909090909091,,
0.9995722840034217,0.2591196363233174,,
0.9995722840034217,0.25914836992681306,,
0.9995722840034217,0.25917710990351556,,
0.9995722840034217,0.2592058562555457,,
0.9995722840034217,0.259234608985025,,
0.9995722840034217,0.2592633680940759,,
0.9995722840034217,0.25929213358482195,,
0.9995722840034217,0.25932090545938746,,
0.9995722840034217,0.2593496837198979,,
0.9995722840034217,0.25937846836847944,,
0.9995722840034217,0.2594072594072594,,
0.9995722840034217,0.2594360568383659,,
0.9995722840034217,0.25946486066392804,,
0.9995722840034217,0.25949367088607594,,
0.9995722840034217,0.25952248750694057,,
0.9995722840034217,0.25955131052865393,,
0.9995722840034217,0.2595801399533489,,
0.9995722840034217,0.2596089757831593,,
0.9995722840034217,0.25963781802021996,,
0.9995722840034217,0.25966666666666666,,
0.9995722840034217,0.25969552172463606,,
0.9995722840034217,0.25972438319626584,,
0.9995722840034217,0.25975325108369457,,
0.9995722840034217,0.2597821253890618,,
0.9995722840034217,0.2598110061145081,,
0.9995722840034217,0.25983989326217477,,
0.9995722840034217,0.2598687868342044,,
0.9995722840034217,0.2598976868327402,,
0.9995722840034217,0.2599265932599266,,
0.9995722840034217,0.2599555061179088,,
0.9995722840034217,0.25998442540883304,,
0.9995722840034217,0.26001335113484647,,
0.9995722840034217,0.26004228329809725,,
0.9995722840034217,0.26007122190073445,,
0.9995722840034217,0.2601001669449082,,
0.9995722840034217,0.26012911843276937,,
0.9995722840034217,0.26015807636647,,
0.9995722840034217,0.260187040748163,,
0.9995722840034217,0.26021601158000224,,
0.9995722840034217,0.26024498886414255,,
0.9995722840034217,0.2602739726027397,,
0.9995722840034217,0.26030296279795057,,
0.9995722840034217,0.2603319594519327,,
0.9995722840034217,0.26036096256684493,,
0.9995722840034217,0.26038997214484677,,
0.9995722840034217,0.26041898818809894,,
0.9995722840034217,0.26044801069876294,,
0.9995722840034217,0.2604770396790013,,
0.9995722840034217,0.2605060751309776,,
0.9995722840034217,0.26053511705685617,,
0.9995722840034217,0.26056416545880257,,
0.9995722840034217,0.2605932203389831,,
0.9995722840034217,0.2606222816995651,,
0.9995722840034217,0.2606513495427169,,
0.9995722840034217,0.2606804238706079,,
0.9995722840034217,0.2607095046854083,,
0.9995722840034217,0.2607385919892893,,
0.9995722840034217,0.2607676857844231,,
0.9995722840034217,0.2607967860729829,,
0.9995722840034217,0.26082589285714286,,
0.9995722840034217,0.260855006139078,,
0.9995722840034217,0.2608841259209645,,
0.9995722840034217,0.26091325220497935,,
0.9995722840034217,0.2609423849933006,,
0.9995722840034217,0.2609715242881072,,
0.9995722840034217,0.2610006700915792,,
0.9995722840034217,0.26102982240589745,,
0.9995722840034217,0.26105898123324395,,
0.9995722840034217,0.2610881465758016,,
0.9995722840034217,0.2611173184357542,,
0.9995722840034217,0.2611464968152866,,
0.9995722840034217,0.26117568171658473,,
0.9995722840034217,0.26120487314183527,,
0.9995722840034217,0.26123407109322605,,
0.9995722840034217,0.26126327557294576,,
0.9995722840034217,0.26129248658318427,,
0.9995722840034217,0.26132170412613215,,
0.9995722840034217,0.2613509282039812,,
0.9995722840034217,0.26138015881892407,,
0.9995722840034217,0.2614093959731544,,
0.9995722840034217,0.26143863966886677,,
0.9995722840034217,0.26146788990825687,,
0.9995722840034217,0.2614971466935213,,
0.9995722840034217,0.26152641002685767,,
0.9995722840034217,0.26155567991046447,,
0.9995722840034217,0.2615849563465413,,
0.9995722840034217,0.2616142393372887,,
0.9995722840034217,0.2616435288849082,,
0.9995722840034217,0.26167282499160227,,
0.9995722840034217,0.26170212765957446,,
0.9995722840034217,0.26173143689102923,,
0.9995722840034217,0.26176075268817206,,
0.9995722840034217,0.2617900750532094,,
0.9995722840034217,0.26181940398834863,,
0.9995722840034217,0.26184873949579834,,
0.9995722840034217,0.2618780815777678,,
0.9995722840034217,0.26190743023646756,,
0.9995722840034217,0.2619367854741089,,
0.9995722840034217,0.2619661472929044,,
0.9995722840034217,0.26199551569506724,,
0.9995722840034217,0.262024890682812,,
0.9995722840034217,0.26205427225835387,,
0.9995722840034217,0.2620836604239094,,
0.9995722840034217,0.2621130551816958,,
0.9995722840034217,0.2621424565339316,,
0.9995722840034217,0.26217186448283597,,
0.9995722840034217,0.2622012790306294,,
0.9995722840034217,0.2622307001795332,,
0.9995722840034217,0.2622601279317697,,
0.9995722840034217,0.2622895622895623,,
0.9995722840034217,0.26231900325513524,,
0.9995722840034217,0.26234845083071395,,
0.9995722840034217,0.26237790501852476,,
0.9995722840034217,0.262407365820795,,
0.9995722840034217,0.2624368332397529,,
0.9995722840034217,0.26246630727762804,,
0.9995722840034217,0.26249578793665057,,
0.9995722840034217,0.2625252752190519,,
0.9995722840034217,0.2625547691270644,,
0.9995722840034217,0.26258426966292137,,
0.9995722840034217,0.26261377682885717,,
0.9995722840034217,0.26264329062710723,,
0.9995722840034217,0.2626728110599078,,
0.9995722840034217,0.2627023381294964,,
0.9995722840034217,0.2627318718381113,,
0.9995722840034217,0.2627614121879919,,
0.9995722840034217,0.2627909591813786,,
0.9995722840034217,0.26282051282051283,,
0.9995722840034217,0.2628500731076369,,
0.9995722840034217,0.26287964004499437,,
0.9995722840034217,0.26290921363482955,,
0.9995722840034217,0.26293879387938796,,
0.9995722840034217,0.26296838078091594,,
0.9995722840034217,0.26299797434166106,,
0.9995722840034217,0.2630275745638717,,
0.9995722840034217,0.2630571814497974,,
0.9995722840034217,0.26308679500168863,,
0.9995722840034217,0.2631164152217969,,
0.9995722840034217,0.26314604211237475,,
0.9995722840034217,0.2631756756756757,,
0.9995722840034217,0.2632053159139543,,
0.9995722840034217,0.2632349628294661,,
0.9995722840034217,0.26326461642446775,,
0.9995722840034217,0.26329427670121675,,
0.9995722840034217,0.2633239436619718,,
0.9995722840034217,0.26335361730899254,,
0.9995722840034217,0.2633832976445396,,
0.9995722840034217,0.26341298467087465,,
0.9995722840034217,0.2634426783902604,,
0.9995722840034217,0.26347237880496055,,
0.9995722840034217,0.26350208591723984,,
0.9995722840034217,0.263531799729364,,
0.9995722840034217,0.26356152024359986,,
0.9995722840034217,0.2635912474622152,,
0.9995722840034217,0.26362098138747886,,
0.9995722840034217,0.2636507220216607,,
0.9995722840034217,0.2636804693670315,,
0.9995722840034217,0.26371022342586325,,
0.9995722840034217,0.2637399842004288,,
0.9995722840034217,0.26376975169300226,,
0.9995722840034217,0.2637995259058584,,
0.9995722840034217,0.2638293068412734,,
0.9995722840034217,0.2638590945015242,,
0.9995722840034217,0.2638888888888889,,
0.9995722840034217,0.26391869000564655,,
0.9995722840034217,0.26394849785407726,,
0.9995722840034217,0.2639783124364622,,
0.9995722840034217,0.2640081337550836,,
0.9995722840034217,0.2640379618122246,,
0.9995722840034217,0.2640677966101695,,
0.9995722840034217,0.2640976381512035,,
0.9995722840034217,0.264127486437613,,
0.9995722840034217,0.2641573414716853,,
0.9995722840034217,0.26418720325570877,,
0.9995722840034217,0.26421707179197285,,
0.9995722840034217,0.26424694708276797,,
0.9995722840034217,0.26427682913038564,,
0.9995722840034217,0.2643067179371183,,
0.9995722840034217,0.2643366135052596,,
0.9995722840034217,0.2643665158371041,,
0.9995722840034217,0.2643964249349474,,
0.9995722840034217,0.26442634080108623,,
0.9995722840034217,0.26445626343781825,,
0.9995722840034217,0.2644861928474423,,
0.9995722840034217,0.2645161290322581,,
0.9995722840034217,0.2645460719945664,,
0.9995722840034217,0.26457602173666933,,
0.9995722840034217,0.26460597826086957,,
0.9995722840034217,0.2646359415694712,,
0.9995722840034217,0.26466591166477915,,
0.9995722840034217,0.26469588854909953,,
0.9995722840034217,0.2647258722247395,,
0.9995722840034217,0.264755862694007,,
0.9995722840034217,0.26478585995921144,,
0.9995722840034217,0.2648158640226629,,
0.9995722840034217,0.2648458748866727,,
0.9995722840034217,0.2648758925535532,,
0.9995722840034217,0.2649059170256178,,
0.9995722840034217,0.2649359483051808,,
0.9995722840034217,0.2649659863945578,,
0.9995722840034217,0.2649960312960653,,
0.9995722840034217,0.26502608301202085,,
0.9995722840034217,0.2650561415447431,,
0.9995722840034217,0.2650862068965517,,
0.9995722840034217,0.2651162790697674,,
0.9995722840034217,0.26514635806671205,,
0.9995722840034217,0.2651764438897084,,
0.9995722840034217,0.26520653654108034,,
0.9995722840034217,0.2652366360231529,,
0.9995722840034217,0.265266742338252,,
0.9995722840034217,0.26529685548870474,,
0.9995722840034217,0.26532697547683926,,
0.9995722840034217,0.26535710230498466,,
0.9995722840034217,0.26538723597547126,,
0.9995722840034217,0.2654173764906303,,
0.9995722840034217,0.2654475238527942,,
0.9995722840034217,0.2654776780642963,,
0.9995722840034217,0.26550783912747106,,
0.9995722840034217,0.265538007044654,,
0.9995722840034217,0.2655681818181818,,
0.9995722840034217,0.2655983634503921,,
0.9995722840034217,0.26562855194362356,,
0.9995722840034217,0.265658747300216,,
0.9995722840034217,0.2656889495225102,,
0.9995722840034217,0.2657191586128482,,
0.9995722840034217,0.2657493745735729,,
0.9995722840034217,0.26577959740702833,,
0.9995722840034217,0.2658098271155596,,
0.9995722840034217,0.2658400637015129,,
0.9995722840034217,0.2658703071672355,,
0.9995722840034217,0.2659005575150757,,
0.9995722840034217,0.2659308147473828,,
0.9995722840034217,0.26596107886650733,,
0.9995722840034217,0.26599134987480083,,
0.9995722840034217,0.2660216277746158,,
0.9995722840034217,0.266051912568306,,
0.9995722840034217,0.2660822042582261,,
0.9995722840034217,0.26611250284673194,,
0.9995722840034217,0.26614280833618037,,
0.9995722840034217,0.2661731207289294,,
0.9995722840034217,0.266203440027338,,
0.9995722840034217,0.2662337662337662,,
0.9995722840034217,0.2662640993505754,,
0.9995722840034217,0.26629443938012765,,
0.9995722840034217,0.26632478632478634,,
0.9995722840034217,0.26635514018691586,,
0.9995722840034217,0.2663855009688818,,
0.9995722840034217,0.2664158686730506,,
0.9995722840034217,0.26644624330179,,
0.9995722840034217,0.26647662485746865,,
0.9995722840034217,0.26650701334245636,,
0.9995722840034217,0.2665374087591241,,
0.9995722840034217,0.26656781110984373,,
0.9995722840034217,0.2665982203969884,,
0.9995722840034217,0.2666286366229321,,
0.9995722840034217,0.2666590597900502,,
0.9995722840034217,0.26668948990071895,,
0.9995722840034217,0.26671992695731567,,
0.9995722840034217,0.26675037096221893,,
0.9995722840034217,0.2667808219178082,,
0.9995722840034217,0.2668112798264642,,
0.9995722840034217,0.26684174469056865,,
0.9995722840034217,0.26687221651250426,,
0.9995722840034217,0.2669026952946551,,
0.9995722840034217,0.26693318103940605,,
0.9995722840034217,0.26696367374914326,,
0.9995722840034217,0.26699417342625387,,
0.9995722840034217,0.26702468007312613,,
0.9995722840034217,0.2670551936921495,,
0.9995722840034217,0.26708571428571426,,
0.9995722840034217,0.26711624185621213,,
0.9995722840034217,0.2671467764060357,,
0.9995722840034217,0.2671773179375786,,
0.9995722840034217,0.26720786645323574,,
0.9995722840034217,0.2672384219554031,,
0.9995722840034217,0.26726898444647756,,
0.9995722840034217,0.26729955392885735,,
0.9995722840034217,0.26733013040494163,,
0.9995722840034217,0.2673607138771308,,
0.9995722840034217,0.2673913043478261,,
0.9995722840034217,0.26742190181943015,,
0.9995722840034217,0.2674525062943465,,
0.9995722840034217,0.26748311777497996,,
0.9995722840034217,0.26751373626373626,,
0.9995722840034217,0.2675443617630223,,
0.9995722840034217,0.26757499427524617,,
0.9995722840034217,0.2676056338028169,,
0.9995722840034217,0.26763628034814474,,
0.9995722840034217,0.26766693391364105,,
0.9995722840034217,0.2676975945017182,,
0.9995722840034217,0.2677282621147898,,
0.9995722840034217,0.2677589367552704,,
0.9995722840034217,0.2677896184255758,,
0.9995722840034217,0.2678203071281228,,
0.9995722840034217,0.26785100286532953,,
0.9995722840034217,0.26788170563961483,,
0.9995722840034217,0.26791241545339906,,
0.9995722840034217,0.26794313230910344,,
0.9995722840034217,0.2679738562091503,,
0.9995722840034217,0.2680045871559633,,
0.9995722840034217,0.268035325151967,,
0.9995722840034217,0.26806607019958706,,
0.9995722840034217,0.2680968223012504,,
0.9995722840034217,0.26812758145938503,,
0.9995722840034217,0.26815834767641994,,
0.9995722840034217,0.2681891209547854,,
0.9995722840034217,0.26821990129691264,,
0.9995722840034217,0.26825068870523416,,
0.9995722840034217,0.2682814831821834,,
0.9995722840034217,0.2683122847301952,,
0.9995722840034217,0.26834309335170514,,
0.9995722840034217,0.2683739090491502,,
0.9995722840034217,0.26840473182496843,,
0.9995722840034217,0.2684355616815989,,
0.9995722840034217,0.2684663986214819,,
0.9995722840034217,0.2684972426470588,,
0.9995722840034217,0.26852809376077214,,
0.9995722840034217,0.2685589519650655,,
0.9995722840034217,0.2685898172623836,,
0.9995722840034217,0.26862068965517244,,
0.9995722840034217,0.26865156914587884,,
0.9995722840034217,0.26868245573695104,,
0.9995722840034217,0.26871334943083824,,
0.9995722840034217,0.2687442502299908,,
0.9995722840034217,0.26877515813686026,,
0.9995722840034217,0.26880607315389926,,
0.9995722840034217,0.2688369952835615,,
0.9995722840034217,0.2688679245283019,,
0.9995722840034217,0.26889886089057646,,
0.9995722840034217,0.26892980437284236,,
0.9995722840034217,0.26896075497755784,,
0.9995722840034217,0.2689917127071823,,
0.9995722840034217,0.26902267756417636,,
0.9995722840034217,0.26905364955100164,,
0.9995722840034217,0.2690846286701209,,
0.9995722840034217,0.26911561492399816,,
0.9995722840034217,0.26914660831509846,,
0.9995722840034217,0.26917760884588804,,
0.9995722840034217,0.2692086165188342,,
0.9995722840034217,0.26923963133640555,,
0.9995722840034217,0.2692706533010715,,
0.9995722840034217,0.26930168241530306,,
0.9995722840034217,0.269332718681572,,
0.9995722840034217,0.2693637621023513,,
0.9995722840034217,0.2693948126801153,,
0.9995722840034217,0.2694258704173392,,
0.9995722840034217,0.2694569353164995,,
0.9995722840034217,0.2694880073800738,,
0.9995722840034217,0.26951908661054086,,
0.9995722840034217,0.26955017301038064,,
0.9995722840034217,0.26958126658207404,,
0.9995722840034217,0.26961236732810334,,
0.9995722840034217,0.2696434752509519,,
0.9995722840034217,0.2696745903531041,,
0.9995722840034217,0.26970571263704557,,
0.9995722840034217,0.26973684210526316,,
0.9995722840034217,0.2697679787602447,,
0.9995722840034217,0.26979912260447936,,
0.9995722840034217,0.2698302736404572,,
0.9995722840034217,0.26986143187066974,,
0.9995722840034217,0.26989259729760945,,
0.9991445680068435,0.26980826980826983,,
0.9991445680068435,0.26983943629432827,,
0.9991445680068435,0.2698706099815157,,
0.9991445680068435,0.26990179087232813,,
0.9991445680068435,0.26993297896926277,,
0.9991445680068435,0.269964174274818,,
0.9991445680068435,0.26999537679149327,,
0.9991445680068435,0.2700265865217894,,
0.9991445680068435,0.27005780346820807,,
0.9991445680068435,0.2700890276332524,,
0.9991445680068435,0.27012025901942643,,
0.9991445680068435,0.27015149762923557,,
0.9991445680068435,0.2701827434651862,,
0.9991445680068435,0.270213996529786,,
0.9991445680068435,0.27024525682554373,,
0.9991445680068435,0.27027652435496935,,
0.9991445680068435,0.27030779912057395,,
0.9991445680068435,0.2703390811248698,,
0.9991445680068435,0.27037037037037037,,
0.9991445680068435,0.2704016668595902,,
0.9991445680068435,0.2704329705950452,,
0.9991445680068435,0.27046428157925206,,
0.9991445680068435,0.27049559981472904,,
0.9991445680068435,0.27052692530399536,,
0.9991445680068435,0.27055825804957145,,
0.9991445680068435,0.2705895980539789,,
0.9991445680068435,0.2706209453197405,,
0.9991445680068435,0.27065229984938016,,
0.9991445680068435,0.27068366164542296,,
0.9991445680068435,0.27071503071039515,,
0.9991445680068435,0.2707464070468243,,
0.9991445680068435,0.2707777906572389,,
0.9991445680068435,0.2708091815441688,,
0.9991445680068435,0.2708405797101449,,
0.9991445680068435,0.27087198515769945,,
0.9991445680068435,0.2709033978893656,,
0.9991445680068435,0.27093481790767804,,
0.9991445680068435,0.27096624521517226,,
0.9991445680068435,0.27099767981438516,,
0.9991445680068435,0.27102912170785476,,
0.9991445680068435,0.2710605708981202,,
0.9991445680068435,0.2710920273877219,,
0.9991445680068435,0.2711234911792015,,
0.9991445680068435,0.27115496227510155,,
0.9991445680068435,0.2711864406779661,,
0.9991445680068435,0.2712179263903402,,
0.9991445680068435,0.2712494194147701,,
0.9991445680068435,0.27128091975380325,,
0.9991445680068435,0.2713124274099884,,
0.9991445680068435,0.2713439423858752,,
0.9991445680068435,0.27137546468401486,,
0.9991445680068435,0.27140699430695947,,
0.9991445680068435,0.27143853125726236,,
0.9991445680068435,0.2714700755374782,,
0.9991445680068435,0.27150162715016274,,
0.9991445680068435,0.27153318609787286,,
0.9991445680068435,0.2715647523831667,,
0.9991445680068435,0.2715963260086037,,
0.9991445680068435,0.27162790697674416,,
0.9991445680068435,0.27165949529015004,,
0.9991445680068435,0.27169109095138405,,
0.9991445680068435,0.27172269396301035,,
0.9991445680068435,0.27175430432759423,,
0.9991445680068435,0.27178592204770213,,
0.9991445680068435,0.2718175471259018,,
0.9991445680068435,0.271849179564762,,
0.9991445680068435,0.2718808193668529,,
0.9991445680068435,0.27191246653474566,,
0.9991445680068435,0.2719441210710128,,
0.9991445680068435,0.27197578297822794,,
0.9991445680068435,0.272007452258966,,
0.9991445680068435,0.27203912891580295,,
0.9991445680068435,0.2720708129513161,,
0.9991445680068435,0.27210250436808386,,
0.9991445680068435,0.2721342031686859,,
0.9991445680068435,0.2721659093557031,,
0.9991445680068435,0.27219762293171756,,
0.9991445680068435,0.2722293438993124,,
0.9991445680068435,0.27226107226107227,,
0.9991445680068435,0.2722928080195827,,
0.9991445680068435,0.27232455117743065,,
0.9991445680068435,0.27235630173720415,,
0.9991445680068435,0.27238805970149255,,
0.9991445680068435,0.2724198250728863,,
0.9991445680068435,0.27245159785397716,,
0.9991445680068435,0.272483378047358,,
0.9991445680068435,0.27251516565562295,,
0.9991445680068435,0.2725469606813674,,
0.9991445680068435,0.2725787631271879,,
0.9991445680068435,0.2726105729956821,,
0.9991445680068435,0.2726423902894491,,
0.9991445680068435,0.27267421501108907,,
0.9991445680068435,0.27270604716320335,,
0.9991445680068435,0.2727378867483946,,
0.9991445680068435,0.2727697337692667,,
0.9991445680068435,0.2728015882284246,,
0.9991445680068435,0.27283345012847465,,
0.9991445680068435,0.2728653194720243,,
0.9991445680068435,0.27289719626168224,,
0.9991445680068435,0.27292908050005843,,
0.9991445680068435,0.27296097218976395,,
0.9991445680068435,0.27299287133341127,,
0.9991445680068435,0.27302477793361385,,
0.9991445680068435,0.27305669199298654,,
0.9991445680068435,0.27308861351414543,,
0.9991445680068435,0.2731205424997077,,
0.9991445680068435,0.2731524789522919,,
0.9991445680068435,0.2731844228745176,,
0.9991445680068435,0.27321637426900586,,
0.9991445680068435,0.27324833313837876,,
0.9991445680068435,0.2732802994852597,,
0.9991445680068435,0.2733122733122733,,
0.9991445680068435,0.2733442546220454,,
0.9991445680068435,0.27337624341720307,,
0.9991445680068435,0.27340823970037453,,
0.9987168520102652,0.27332318857544186,,
0.9987168520102652,0.2733551861390775,,
0.9987168520102652,0.2733871911954104,,
0.9987168520102652,0.2734192037470726,,
0.9987168520102652,0.2734512237966975,,
0.9987168520102652,0.27348325134691964,,
0.9987168520102652,0.2735152864003748,,
0.9987168520102652,0.2735473289597001,,
0.9987168520102652,0.2735793790275337,,
0.9987168520102652,0.2736114366065151,,
0.9987168520102652,0.27364350169928514,,
0.9987168520102652,0.2736755743084857,,
0.9987168520102652,0.27370765443676004,,
0.9987168520102652,0.2737397420867526,,
0.9987168520102652,0.27377183726110915,,
0.9987168520102652,0.27380393996247654,,
0.9987168520102652,0.273836050193503,,
0.9987168520102652,0.2738681679568379,,
0.9987168520102652,0.273900293255132,,
0.9987168520102652,0.2739324260910371,,
0.9987168520102652,0.2739645664672064,,
0.9987168520102652,0.2739967143862943,,
0.9987168520102652,0.2740288698509565,,
0.9987168520102652,0.27406103286384975,,
0.9987168520102652,0.2740932034276323,,
0.998289136013687,0.27400798309462315,,
0.998289136013687,0.27404015498414935,,
0.998289136013687,0.27407233442930956,,
0.998289136013687,0.2741045214327657,,
0.998289136013687,0.2741367159971811,,
0.998289136013687,0.27416891812522026,,
0.998289136013687,0.27420112781954886,,
0.998289136013687,0.274233345082834,,
0.998289136013687,0.2742655699177438,,
0.998289136013687,0.27429780232694795,,
0.998289136013687,0.2743300423131171,,
0.998289136013687,0.27436228987892325,,
0.998289136013687,0.27439454502703975,,
0.998289136013687,0.2744268077601411,,
0.998289136013687,0.2744590780809031,,
0.998289136013687,0.2744913559920028,,
0.998289136013687,0.2745236414961186,,
0.998289136013687,0.2745559345959299,,
0.998289136013687,0.27458823529411763,,
0.998289136013687,0.2746205435933639,,
0.998289136013687,0.2746528594963521,,
0.998289136013687,0.2746851830057667,,
0.998289136013687,0.2747175141242938,,
0.998289136013687,0.2747498528546204,,
0.998289136013687,0.2747821991994349,,
0.998289136013687,0.27481455316142706,,
0.998289136013687,0.2748469147432878,,
0.998289136013687,0.27487928394770933,,
0.998289136013687,0.27491166077738516,,
0.998289136013687,0.27494404523501004,,
0.998289136013687,0.2749764373232799,,
0.998289136013687,0.2750088370448922,,
0.998289136013687,0.27504124440254535,,
0.998289136013687,0.2750736593989393,,
0.998289136013687,0.2751060820367751,,
0.998289136013687,0.27513851231875514,,
0.998289136013687,0.2751709502475831,,
0.998289136013687,0.2752033958259639,,
0.998289136013687,0.27523584905660375,,
0.998289136013687,0.2752683099422102,,
0.998289136013687,0.27530077848549184,,
0.998289136013687,0.2753332546891589,,
0.998289136013687,0.2753657385559226,,
0.998289136013687,0.27539823008849557,,
0.998289136013687,0.27543072928959167,,
0.998289136013687,0.27546323616192614,,
0.998289136013687,0.2754957507082153,,
0.998289136013687,0.27552827293117693,,
0.998289136013687,0.2755608028335301,,
0.998289136013687,0.27559334041799505,,
0.998289136013687,0.27562588568729335,,
0.998289136013687,0.27565843864414785,,
0.998289136013687,0.27569099929128277,,
0.998289136013687,0.2757235676314235,,
0.998289136013687,0.2757561436672968,,
0.998289136013687,0.27578872740163063,,
0.998289136013687,0.27582131883715433,,
0.998289136013687,0.27585391797659853,,
0.998289136013687,0.27588652482269505,,
0.998289136013687,0.2759191393781771,,
0.998289136013687,0.27595176164577917,,
0.998289136013687,0.27598439162823696,,
0.998289136013687,0.2760170293282876,,
0.998289136013687,0.2760496747486694,,
0.998289136013687,0.27608232789212206,,
0.998289136013687,0.2761149887613865,,
0.998289136013687,0.27614765735920493,,
0.998289136013687,0.2761803336883209,,
0.998289136013687,0.2762130177514793,,
0.998289136013687,0.2762457095514262,,
0.998289136013687,0.2762784090909091,,
0.998289136013687,0.2763111163726767,,
0.998289136013687,0.27634383139947905,,
0.998289136013687,0.2763765541740675,,
0.998289136013687,0.2764092846991947,,
0.998289136013687,0.2764420229776146,,
0.998289136013687,0.27647476901208246,,
0.998289136013687,0.2765075228053548,,
0.998289136013687,0.27654028436018957,,
0.998289136013687,0.27657305367934587,,
0.998289136013687,0.27660583076558426,,
0.998289136013687,0.2766386156216665,,
0.998289136013687,0.27667140825035563,,
0.998289136013687,0.27670420865441614,,
0.998289136013687,0.2767370168366137,,
0.998289136013687,0.2767698327997154,,
0.998289136013687,0.27680265654648956,,
0.998289136013687,0.27683548807970587,,
0.998289136013687,0.27686832740213524,,
0.998289136013687,0.27690117451655,,
0.998289136013687,0.27693402942572376,,
0.998289136013687,0.2769668921324315,,
0.998289136013687,0.2769997626394493,,
0.998289136013687,0.2770326409495549,,
0.998289136013687,0.27706552706552706,,
0.998289136013687,0.27709842099014603,,
0.998289136013687,0.2771313227261933,,
0.998289136013687,0.2771642322764517,,
0.998289136013687,0.27719714964370545,,
0.998289136013687,0.27723007483073997,,
0.998289136013687,0.27726300784034213,,
0.998289136013687,0.2772959486753,,
0.998289136013687,0.27732889733840305,,
0.998289136013687,0.27736185383244205,,
0.998289136013687,0.27739481816020917,,
0.998289136013687,0.2774277903244978,,
0.998289136013687,0.27746077032810273,,
0.998289136013687,0.27749375817382,,
0.998289136013687,0.2775267538644471,,
0.998289136013687,0.2775597574027827,,
0.998289136013687,0.27759276879162703,,
0.998289136013687,0.27762578803378135,,
0.998289136013687,0.27765881513204854,,
0.998289136013687,0.2776918500892326,,
0.998289136013687,0.27772489290813895,,
0.998289136013687,0.27775794359157446,,
0.998289136013687,0.2777910021423471,,
0.998289136013687,0.2778240685632663,,
0.998289136013687,0.27785714285714286,,
0.998289136013687,0.2778902250267889,,
0.998289136013687,0.2779233150750179,,
0.998289136013687,0.2779564130046445,,
0.998289136013687,0.277989518818485,,
0.998289136013687,0.27802263251935677,,
0.998289136013687,0.2780557541100786,,
0.998289136013687,0.2780888835934707,,
0.998289136013687,0.2781220209723546,,
0.998289136013687,0.2781551662495531,,
0.9978614200171086,0.27806912991656735,,
0.9978614200171086,0.2781022767910359,,
0.9978614200171086,0.27813543156890796,,
0.9978614200171086,0.2781685942530106,,
0.9978614200171086,0.2782017648461722,,
0.9978614200171086,0.2782349433512224,,
0.9978614200171086,0.27826812977099236,,
0.9978614200171086,0.27830132410831443,,
0.9978614200171086,0.2783345263660224,,
0.9978614200171086,0.27836773654695146,,
0.9978614200171086,0.27840095465393794,,
0.9978614200171086,0.2784341806898198,,
0.9978614200171086,0.27846741465743613,,
0.9978614200171086,0.2785006565596275,,
0.9978614200171086,0.2785339063992359,,
0.9978614200171086,0.2785671641791045,,
0.9978614200171086,0.27860042990207784,,
0.9978614200171086,0.27863370357100203,,
0.9978614200171086,0.2786669851887243,,
0.9978614200171086,0.2787002747580934,,
0.9978614200171086,0.2787335722819594,,
0.9978614200171086,0.2787668777631736,,
0.9978614200171086,0.27880019120458893,,
0.9978614200171086,0.2788335126090594,,
0.9978614200171086,0.2788668419794406,,
0.9978614200171086,0.27890017931858935,,
0.9978614200171086,0.27893352462936394,,
0.9978614200171086,0.27896687791462393,,
0.9978614200171086,0.2790002391772303,,
0.9978614200171086,0.27903360842004543,,
0.9978614200171086,0.279066985645933,,
0.9978614200171086,0.27910037085775813,,
0.9978614200171086,0.2791337640583872,,
0.9978614200171086,0.279167165250688,,
0.9978614200171086,0.27920057443752994,,
0.9978614200171086,0.27923399162178336,,
0.9978614200171086,0.27926741680632033,,
0.9978614200171086,0.2793008499940141,,
0.9978614200171086,0.27933429118773945,,
0.9978614200171086,0.27936774039037243,,
0.9978614200171086,0.27940119760479043,,
0.9978614200171086,0.2794346628338723,,
0.9978614200171086,0.2794681360804983,,
0.9978614200171086,0.27950161734755,,
0.9978614200171086,0.27953510663791037,,
0.9978614200171086,0.27956860395446376,,
0.9978614200171086,0.2796021093000959,,
0.9978614200171086,0.2796356226776939,,
0.9978614200171086,0.27966914409014626,,
0.9978614200171086,0.2797026735403429,,
0.9978614200171086,0.2797362110311751,,
0.9978614200171086,0.27976975656553543,,
0.9978614200171086,0.27980331014631804,,
0.9978614200171086,0.27983687177641836,,
0.9978614200171086,0.2798704414587332,,
0.9978614200171086,0.27990401919616076,,
0.9978614200171086,0.2799376049916007,,
0.9978614200171086,0.2799711988479539,,
0.9978614200171086,0.2800048007681229,,
0.9978614200171086,0.2800384107550114,,
0.9978614200171086,0.2800720288115246,,
0.9978614200171086,0.2801056549405691,,
0.9978614200171086,0.2801392891450528,,
0.9978614200171086,0.2801729314278852,,
0.9978614200171086,0.28020658179197694,,
0.9978614200171086,0.28024024024024025,,
0.9978614200171086,0.28027390677558867,,
0.9978614200171086,0.28030758140093714,,
0.9978614200171086,0.2803412641192021,,
0.9978614200171086,0.2803749549333013,,
0.9978614200171086,0.2804086538461538,,
0.9978614200171086,0.28044236086068036,,
0.9978614200171086,0.28047607597980284,,
0.9978614200171086,0.28050979920644464,,
0.9978614200171086,0.28054353054353054,,
0.9978614200171086,0.28057726999398674,,
0.9978614200171086,0.2806110175607409,,
0.9978614200171086,0.280644773246722,,
0.9978614200171086,0.28067853705486046,,
0.9978614200171086,0.2807123089880881,,
0.9978614200171086,0.2807460890493381,,
0.9978614200171086,0.2807798772415453,,
0.9978614200171086,0.28081367356764564,,
0.9978614200171086,0.28084747803057664,,
0.9978614200171086,0.28088129063327716,,
0.9978614200171086,0.2809151113786875,,
0.9978614200171086,0.28094894026974954,,
0.9978614200171086,0.28098277730940624,,
0.9978614200171086,0.2810166225006023,,
0.9978614200171086,0.28105047584628357,,
0.9978614200171086,0.2810843373493976,,
0.9978614200171086,0.28111820701289314,,
0.9978614200171086,0.28115208483972043,,
0.9978614200171086,0.28118597083283114,,
0.9978614200171086,0.2812198649951784,,
0.9978614200171086,0.2812537673297167,,
0.9978614200171086,0.28128767783940195,,
0.9978614200171086,0.28132159652719163,,
0.9978614200171086,0.28135552339604436,,
0.9978614200171086,0.2813894584489205,,
0.9974337040205303,0.2813027744270205,,
0.9974337040205303,0.281336711304138,,
0.9974337040205303,0.2813706563706564,,
0.9974337040205303,0.2814046096295402,,
0.9974337040205303,0.28143857108375575,,
0.9974337040205303,0.28147254073627037,,
0.9974337040205303,0.2815065185900531,,
0.9974337040205303,0.2815405046480744,,
0.9974337040205303,0.28157449891330594,,
0.9974337040205303,0.2816085013887212,,
0.9974337040205303,0.2816425120772947,,
0.9974337040205303,0.2816765309820027,,
0.9974337040205303,0.2817105581058227,,
0.9974337040205303,0.2817445934517337,,
0.9974337040205303,0.28177863702271627,,
0.9974337040205303,0.28181268882175226,,
0.9974337040205303,0.281846748851825,,
0.9974337040205303,0.2818808171159193,,
0.9974337040205303,0.28191489361702127,,
0.9974337040205303,0.2819489783581187,,
0.9974337040205303,0.28198307134220074,,
0.9974337040205303,0.28201717257225783,,
0.9974337040205303,0.28205128205128205,,
0.9974337040205303,0.2820853997822668,,
0.9974337040205303,0.2821195257682071,,
0.9974337040205303,0.28215366001209924,,
0.9974337040205303,0.2821878025169409,,
0.9974337040205303,0.2822219532857316,,
0.9974337040205303,0.2822561123214718,,
0.9974337040205303,0.2822902796271638,,
0.9974337040205303,0.2823244552058111,,
0.9974337040205303,0.2823586390604189,,
0.9974337040205303,0.2823928311939937,,
0.9974337040205303,0.2824270316095434,,
0.9974337040205303,0.2824612403100775,,
0.9974337040205303,0.2824954572986069,,
0.9974337040205303,0.2825296825781439,,
0.9974337040205303,0.2825639161517024,,
0.9974337040205303,0.28259815802229765,,
0.9974337040205303,0.2826324081929463,,
0.9974337040205303,0.2826666666666667,,
0.9974337040205303,0.28270093344647834,,
0.9974337040205303,0.2827352085354025,,
0.9974337040205303,0.2827694919364617,,
0.9974337040205303,0.2828037836526801,,
0.9974337040205303,0.2828380836870831,,
0.9974337040205303,0.2828723920426977,,
0.9974337040205303,0.28290670872255247,,
0.9974337040205303,0.28294103372967727,,
0.9974337040205303,0.2829753670671035,,
0.9974337040205303,0.2830097087378641,,
0.9974337040205303,0.28304405874499333,,
0.9974337040205303,0.2830784170915271,,
0.9974337040205303,0.2831127837805026,,
0.9974337040205303,0.2831471588149587,,
0.9974337040205303,0.2831815421979356,,
0.9974337040205303,0.28321593393247513,,
0.9974337040205303,0.2832503340216203,,
0.9974337040205303,0.28328474246841595,,
0.9974337040205303,0.2833191592759082,,
0.9974337040205303,0.2833535844471446,,
0.9974337040205303,0.2833880179851744,,
0.9974337040205303,0.28342245989304815,,
0.9974337040205303,0.2834569101738179,,
0.9974337040205303,0.2834913688305373,,
0.9974337040205303,0.2835258358662614,,
0.9974337040205303,0.2835603112840467,,
0.9974337040205303,0.28359479508695123,,
0.9974337040205303,0.28362928727803455,,
0.9974337040205303,0.2836637878603576,,
0.9974337040205303,0.28369829683698294,,
0.9974337040205303,0.28373281421097457,,
0.9974337040205303,0.2837673399853979,,
0.9974337040205303,0.2838018741633199,,
0.9974337040205303,0.28383641674780913,,
0.9974337040205303,0.2838709677419355,,
0.9974337040205303,0.2839055271487704,,
0.9974337040205303,0.28394009497138684,,
0.9974337040205303,0.28397467121285924,,
0.9974337040205303,0.2840092558762635,,
0.9974337040205303,0.2840438489646772,,
0.9974337040205303,0.2840784504811792,,
0.9974337040205303,0.28411306042884993,,
0.9974337040205303,0.2841476788107713,,
0.9974337040205303,0.28418230563002683,,
0.9974337040205303,0.2842169408897014,,
0.9974337040205303,0.2842515845928815,,
0.9974337040205303,0.28428623674265513,,
0.9974337040205303,0.2843208973421117,,
0.9974337040205303,0.2843555663943422,,
0.9974337040205303,0.284390243902439,,
0.9974337040205303,0.2844249298694963,,
0.9974337040205303,0.28445962429860944,,
0.9974337040205303,0.28449432719287543,,
0.9974337040205303,0.28452903855539285,,
0.9974337040205303,0.28456375838926173,,
0.9974337040205303,0.2845984866975836,,
0.9974337040205303,0.2846332234834615,,
0.9974337040205303,0.28466796875,,
0.9974337040205303,0.2847027225003052,,
0.9974337040205303,0.2847374847374847,,
0.9974337040205303,0.2847722554646477,,
0.9974337040205303,0.28480703468490476,,
0.9974337040205303,0.284841822401368,,
0.9974337040205303,0.28487661861715124,,
0.9974337040205303,0.28491142333536956,,
0.9974337040205303,0.2849462365591398,,
0.9974337040205303,0.2849810582915801,,
0.9974337040205303,0.28501588853581034,,
0.9974337040205303,0.28505072729495173,,
0.9974337040205303,0.28508557457212713,,
0.9974337040205303,0.2851204303704609,,
0.9974337040205303,0.285155294693079,,
0.9974337040205303,0.2851901675431087,,
0.9974337040205303,0.28522504892367906,,
0.9974337040205303,0.2852599388379205,,
0.9974337040205303,0.285294837288965,,
0.9974337040205303,0.2853297442799462,,
0.9974337040205303,0.285364659813999,,
0.9974337040205303,0.2853995838942602,,
0.9974337040205303,0.2854345165238678,,
0.9974337040205303,0.28546945770596155,,
0.9974337040205303,0.28550440744368266,,
0.9974337040205303,0.28553936574017386,,
0.9974337040205303,0.28557433259857945,,
0.9974337040205303,0.2856093080220453,,
0.9974337040205303,0.28564429201371877,,
0.9974337040205303,0.28567928457674874,,
0.9974337040205303,0.2857142857142857,,
0.9974337040205303,0.2857492954294817,,
0.9974337040205303,0.2857843137254902,,
0.9974337040205303,0.2858193406054664,,
0.9974337040205303,0.2858543760725668,,
0.9974337040205303,0.2858894201299497,,
0.9974337040205303,0.2859244727807749,,
0.9974337040205303,0.28595953402820357,,
0.9974337040205303,0.2859946038753986,,
0.9974337040205303,0.28602968232552434,,
0.9974337040205303,0.2860647693817468,,
0.9974337040205303,0.28609986504723345,,
0.9974337040205303,0.28613496932515337,,
0.9974337040205303,0.2861700822186771,,
0.9974337040205303,0.2862052037309769,,
0.9974337040205303,0.28624033386522646,,
0.9974337040205303,0.286275472624601,,
0.9974337040205303,0.2863106200122775,,
0.9974337040205303,0.2863457760314342,,
0.9974337040205303,0.28638094068525116,,
0.9974337040205303,0.28641611397690986,,
0.9974337040205303,0.2864512959095934,,
0.9974337040205303,0.2864864864864865,,
0.9974337040205303,0.2865216857107753,,
0.9974337040205303,0.28655689358564757,,
0.9974337040205303,0.28659211011429275,,
0.9974337040205303,0.2866273352999017,,
0.9974337040205303,0.28666256914566685,,
0.9974337040205303,0.2866978116547824,,
0.9974337040205303,0.28673306283044386,,
0.9974337040205303,0.2867683226758485,,
0.9974337040205303,0.2868035911941951,,
0.9974337040205303,0.2868388683886839,,
0.9974337040205303,0.2868741542625169,,
0.9974337040205303,0.2869094488188976,,
0.9974337040205303,0.28694475206103115,,
0.9974337040205303,0.28698006399212406,,
0.9974337040205303,0.2870153846153846,,
0.9974337040205303,0.28705071393402265,,
0.9974337040205303,0.28708605195124953,,
0.9974337040205303,0.28712139867027825,,
0.9974337040205303,0.28715675409432334,,
0.9974337040205303,0.287192118226601,,
0.9974337040205303,0.28722749107032886,,
0.9974337040205303,0.2872628726287263,,
0.9974337040205303,0.28729826290501415,,
0.9974337040205303,0.287333661902415,,
0.9974337040205303,0.2873690696241528,,
0.9974337040205303,0.2874044860734533,,
0.9974337040205303,0.2874399112535437,,
0.9974337040205303,0.2874753451676529,,
0.9974337040205303,0.28751078781901124,,
0.9974337040205303,0.2875462392108508,,
0.9974337040205303,0.2875816993464052,,
0.9974337040205303,0.2876171682289097,,
0.9974337040205303,0.2876526458616011,,
0.9974337040205303,0.2876881322477177,,
0.9974337040205303,0.28772362739049967,,
0.9974337040205303,0.28775913129318853,,
0.9974337040205303,0.28779464395902754,,
0.9974337040205303,0.28783016539126144,,
0.9974337040205303,0.28786569559313663,,
0.9974337040205303,0.28790123456790123,,
0.9974337040205303,0.2879367823188048,,
0.9974337040205303,0.28797233884909856,,
0.9974337040205303,0.2880079041620353,,
0.9974337040205303,0.28804347826086957,,
0.9974337040205303,0.28807906114885734,,
0.9974337040205303,0.28811465282925625,,
0.9974337040205303,0.28815025330532557,,
0.9974337040205303,0.28818586258032625,,
0.9974337040205303,0.2882214806575207,,
0.9974337040205303,0.28825710754017303,,
0.9974337040205303,0.288292743231549,,
0.9974337040205303,0.2883283877349159,,
0.9974337040205303,0.28836404105354274,,
0.9974337040205303,0.28839970319069996,,
0.9974337040205303,0.28843537414965986,,
0.9974337040205303,0.2884710539336962,,
0.9974337040205303,0.2885067425460844,,
0.9974337040205303,0.2885424399901015,,
0.9974337040205303,0.2885781462690261,,
0.9974337040205303,0.2886138613861386,,
0.9974337040205303,0.2886495853447209,,
0.9974337040205303,0.2886853181480564,,
0.9974337040205303,0.28872105979943047,,
0.9974337040205303,0.28875681030212974,,
0.9974337040205303,0.2887925696594427,,
0.9974337040205303,0.2888283378746594,,
0.9974337040205303,0.28886411495107145,,
0.9974337040205303,0.28889990089197226,,
0.9974337040205303,0.2889356957006567,,
0.9974337040205303,0.2889714993804213,,
0.9974337040205303,0.28900731193456436,,
0.9974337040205303,0.2890431333663857,,
0.9974337040205303,0.2890789636791868,,
0.9974337040205303,0.2891148028762708,,
0.9974337040205303,0.28915065096094233,,
0.9974337040205303,0.28918650793650796,,
0.9974337040205303,0.2892223738062756,,
0.9974337040205303,0.289258248573555,,
0.9974337040205303,0.28929413224165734,,
0.9974337040205303,0.2893300248138958,,
0.9974337040205303,0.2893659262935848,,
0.9974337040205303,0.2894018366840407,,
0.9974337040205303,0.28943775598858135,,
0.9974337040205303,0.2894736842105263,,
0.9974337040205303,0.2895096213531968,,
0.9974337040205303,0.28954556741991555,,
0.9974337040205303,0.2895815224140072,,
0.9974337040205303,0.2896174863387978,,
0.9974337040205303,0.2896534591976152,,
0.9974337040205303,0.2896894409937888,,
0.9974337040205303,0.2897254317306498,,
0.9974337040205303,0.2897614314115308,,
0.9974337040205303,0.2897974400397664,,
0.9974337040205303,0.2898334576186925,,
0.9974337040205303,0.289869484151647,,
0.9974337040205303,0.28990551964196914,,
0.9974337040205303,0.28994156409300015,,
0.9974337040205303,0.28997761750808254,,
0.9974337040205303,0.29001367989056087,,
0.9974337040205303,0.2900497512437811,,
0.9974337040205303,0.2900858315710909,,
0.9974337040205303,0.29012192087583977,,
0.9974337040205303,0.2901580191613786,,
0.9974337040205303,0.29019412643106024,,
0.9974337040205303,0.29023024268823894,,
0.9974337040205303,0.29026636793627086,,
0.9974337040205303,0.2903025021785136,,
0.9974337040205303,0.2903386454183267,,
0.9974337040205303,0.2903747976590711,,
0.9974337040205303,0.29041095890410956,,
0.9974337040205303,0.2904471291568066,,
0.9974337040205303,0.29048330842052816,,
0.9974337040205303,0.2905194966986421,,
0.9974337040205303,0.2905556939945178,,
0.9974337040205303,0.2905919003115265,,
0.9974337040205303,0.29062811565304086,,
0.9974337040205303,0.2906643400224355,,
0.9974337040205303,0.29070057342308653,,
0.9974337040205303,0.2907368158583718,,
0.9974337040205303,0.2907730673316708,,
0.9974337040205303,0.2908093278463649,,
0.9974337040205303,0.2908455974058369,,
0.9974337040205303,0.2908818760134714,,
0.9974337040205303,0.2909181636726547,,
0.9974337040205303,0.2909544603867748,,
0.9974337040205303,0.29099076615922137,,
0.9974337040205303,0.29102708099338576,,
0.9974337040205303,0.291063404892661,,
0.9970059880239521,0.2909749094994383,,
0.9970059880239521,0.2910112359550562,,
0.9970059880239521,0.29104757148208266,,
0.9970059880239521,0.2910839160839161,,
0.9970059880239521,0.29112026976395655,,
0.9970059880239521,0.2911566325256058,,
0.9970059880239521,0.2911930043722673,,
0.9970059880239521,0.2912293853073463,,
0.9970059880239521,0.29126577533424963,,
0.9970059880239521,0.2913021744563859,,
0.9970059880239521,0.29133858267716534,,
0.9970059880239521,0.291375,,
0.9970059880239521,0.29141142642830353,,
0.9970059880239521,0.2914478619654914,,
0.9970059880239521,0.2914843066149806,,
0.9970059880239521,0.2915207603801901,,
0.9970059880239521,0.2915572232645403,,
0.9970059880239521,0.29159369527145357,,
0.9970059880239521,0.2916301764043538,,
0.9970059880239521,0.2916666666666667,,
0.9970059880239521,0.29170316606181956,,
0.9970059880239521,0.29173967459324157,,
0.9970059880239521,0.2917761922643635,,
0.9970059880239521,0.29181271907861794,,
0.9970059880239521,0.2918492550394391,,
0.9970059880239521,0.29188580015026294,,
0.9970059880239521,0.29192235441452724,,
0.9970059880239521,0.29195891783567135,,
0.9970059880239521,0.2919954904171364,,
0.9970059880239521,0.2920320721623653,,
0.9970059880239521,0.29206866307480267,,
0.9970059880239521,0.29210526315789476,,
0.9970059880239521,0.2921418724150896,,
0.9970059880239521,0.29217849084983705,,
0.9970059880239521,0.29221511846558856,,
0.9970059880239521,0.2922517552657974,,
0.9970059880239521,0.2922884012539185,,
0.9970059880239521,0.29232505643340856,,
0.9970059880239521,0.2923617208077261,,
0.9970059880239521,0.29239839438033116,,
0.9970059880239521,0.29243507715468575,,
0.9970059880239521,0.29247176913425343,,
0.9970059880239521,0.2925084703224997,,
0.9970059880239521,0.29254518072289154,,
0.9970059880239521,0.29258190033889797,,
0.9970059880239521,0.29261862917398945,,
0.9970059880239521,0.29265536723163843,,
0.9970059880239521,0.29269211451531896,,
0.9970059880239521,0.29272887102850687,,
0.9970059880239521,0.2927656367746797,,
0.9970059880239521,0.2928024117573169,,
0.9970059880239521,0.2928391959798995,,
0.9970059880239521,0.2928759894459103,,
0.9970059880239521,0.29291279215883387,,
0.9970059880239521,0.2929496041221566,,
0.9970059880239521,0.29298642533936653,,
0.9970059880239521,0.2930232558139535,,
0.9970059880239521,0.2930600955494091,,
0.9970059880239521,0.2930969445492267,,
0.9970059880239521,0.29313380281690143,,
0.9970059880239521,0.2931706703559301,,
0.9970059880239521,0.29320754716981134,,
0.9970059880239521,0.2932444332620455,,
0.9970059880239521,0.2932813286361349,,
0.9970059880239521,0.29331823329558326,,
0.9970059880239521,0.2933551472438963,,
0.9970059880239521,0.2933920704845815,,
0.9970059880239521,0.29342900302114805,,
0.9970059880239521,0.29346594485710686,,
0.9970059880239521,0.2935028959959708,,
0.9970059880239521,0.29353985644125424,,
0.9970059880239521,0.2935768261964736,,
0.9970059880239521,0.29361380526514674,,
0.9970059880239521,0.29365079365079366,,
0.9970059880239521,0.29368779135693585,,
0.9970059880239521,0.29372479838709675,,
0.9970059880239521,0.2937618147448015,,
0.9970059880239521,0.293798840433577,,
0.9970059880239521,0.293835875456952,,
0.9970059880239521,0.29387291981845687,,
0.9970059880239521,0.293909973521624,,
0.9970059880239521,0.2939470365699874,,
0.9970059880239521,0.2939841089670829,,
0.9970059880239521,0.29402119071644806,,
0.9970059880239521,0.2940582818216223,,
0.9970059880239521,0.29409538228614684,,
0.9970059880239521,0.2941324921135647,,
0.9970059880239521,0.2941696113074205,,
0.9970059880239521,0.2942067398712609,,
0.9970059880239521,0.2942438778086342,,
0.9970059880239521,0.2942810251230905,,
0.9970059880239521,0.2943181818181818,,
0.9970059880239521,0.2943553478974618,,
0.9970059880239521,0.29439252336448596,,
0.9970059880239521,0.29442970822281167,,
0.9970059880239521,0.294466902475998,,
0.9970059880239521,0.2945041061276058,,
0.9970059880239521,0.29454131918119786,,
0.9970059880239521,0.2945785416403387,,
0.9970059880239521,0.2946157735085945,,
0.9970059880239521,0.29465301478953354,,
0.9970059880239521,0.29469026548672567,,
0.9970059880239521,0.29472752560374255,,
0.9970059880239521,0.2947647951441578,,
0.9970059880239521,0.29480207411154674,,
0.9970059880239521,0.29483936250948645,,
0.9970059880239521,0.29487666034155596,,
0.9970059880239521,0.29491396761133604,,
0.9970059880239521,0.2949512843224092,,
0.9970059880239521,0.2949886104783599,,
0.9970059880239521,0.2950259460827743,,
0.9970059880239521,0.2950632911392405,,
0.9970059880239521,0.29510064565134825,,
0.9970059880239521,0.29513800962268927,,
0.9970059880239521,0.29517538305685703,,
0.9970059880239521,0.29521276595744683,,
0.9970059880239521,0.29525015832805573,,
0.9970059880239521,0.29528756017228275,,
0.9965782720273738,0.29519827695426326,,
0.9965782720273738,0.29523568170299036,,
0.9965782720273738,0.2952730959320745,,
0.9965782720273738,0.2953105196451204,,
0.9965782720273738,0.29534795284573456,,
0.9965782720273738,0.29538539553752535,,
0.9965782720273738,0.29542284772410293,,
0.9965782720273738,0.29546030940907936,,
0.9965782720273738,0.29549778059606846,,
0.9965782720273738,0.29553526128868596,,
0.9965782720273738,0.2955727514905493,,
0.9965782720273738,0.29561025120527784,,
0.9965782720273738,0.2956477604364928,,
0.9965782720273738,0.2956852791878173,,
0.9965782720273738,0.295722807462876,,
0.9965782720273738,0.29576034526529577,,
0.9965782720273738,0.2957978925987051,,
0.9965782720273738,0.2958354494667344,,
0.9965782720273738,0.2958730158730159,,
0.9965782720273738,0.2959105918211836,,
0.9965782720273738,0.2959481773148736,,
0.9965782720273738,0.29598577235772355,,
0.9965782720273738,0.29602337695337316,,
0.9965782720273738,0.2960609911054638,,
0.9965782720273738,0.2960986148176388,,
0.9965782720273738,0.29613624809354344,,
0.9965782720273738,0.2961738909368247,,
0.9965782720273738,0.2962115433511315,,
0.9965782720273738,0.29624920534011445,,
0.9965782720273738,0.2962868769074262,,
0.9965782720273738,0.29632455805672137,,
0.9965782720273738,0.29636224879165607,,
0.9965782720273738,0.2963999491158886,,
0.9965782720273738,0.2964376590330789,,
0.9965782720273738,0.29647537854688893,,
0.9965782720273738,0.29651310766098243,,
0.9965782720273738,0.29655084637902507,,
0.9965782720273738,0.2965885947046843,,
0.9965782720273738,0.2966263526416295,,
0.9965782720273738,0.29666412019353194,,
0.9965782720273738,0.2967018973640647,,
0.9965782720273738,0.2967396841569027,,
0.9965782720273738,0.29677748057572284,,
0.9965782720273738,0.2968152866242038,,
0.9965782720273738,0.29685310230602624,,
0.9965782720273738,0.29689092762487257,,
0.9965782720273738,0.2969287625844272,,
0.9965782720273738,0.29696660718837625,,
0.9965782720273738,0.29700446144040793,,
0.9965782720273738,0.29704232534421215,,
0.9965782720273738,0.2970801989034808,,
0.9965782720273738,0.29711808212190766,,
0.9965782720273738,0.29715597500318836,,
0.9965782720273738,0.2971938775510204,,
0.9965782720273738,0.2972317897691032,,
0.9965782720273738,0.297269711661138,,
0.9965782720273738,0.29730764323082814,,
0.9965782720273738,0.29734558448187853,,
0.9965782720273738,0.29738353541799617,,
0.9965782720273738,0.29742149604289,,
0.9965782720273738,0.29745946636027065,,
0.9965782720273738,0.2974974463738509,,
0.9965782720273738,0.2975354360873452,,
0.9965782720273738,0.29757343550446996,,
0.9965782720273738,0.2976114446289437,,
0.9965782720273738,0.29764946346448645,,
0.9965782720273738,0.2976874920148205,,
0.9965782720273738,0.2977255302836698,,
0.9965782720273738,0.2977635782747604,,
0.9965782720273738,0.29780163599182,,
0.9965782720273738,0.2978397034385786,,
0.9965782720273738,0.2978777806187676,,
0.9965782720273738,0.2979158675361207,,
0.9965782720273738,0.2979539641943734,,
0.9965782720273738,0.29799207059726307,,
0.9965782720273738,0.29803018674852905,,
0.9965782720273738,0.2980683126519125,,
0.9965782720273738,0.2981064483111566,,
0.9965782720273738,0.2981445937300064,,
0.9965782720273738,0.29818274891220886,,
0.9965782720273738,0.29822091386151284,,
0.9965782720273738,0.2982590885816692,,
0.9965782720273738,0.29829727307643067,,
0.9965782720273738,0.29833546734955185,,
0.9965782720273738,0.2983736714047893,,
0.9965782720273738,0.2984118852459016,,
0.9965782720273738,0.29845010887664913,,
0.9965782720273738,0.29848834230079424,,
0.9965782720273738,0.2985265855221012,,
0.9965782720273738,0.29856483854433624,,
0.9965782720273738,0.29860310137126744,,
0.9965782720273738,0.29864137400666496,,
0.9965782720273738,0.2986796564543007,,
0.9965782720273738,0.2987179487179487,,
0.9965782720273738,0.2987562508013848,,
0.9965782720273738,0.2987945627083868,,
0.9961505560307955,0.29870462998589203,,
0.9961505560307955,0.2987429451000513,,
0.9961505560307955,0.29878127004490057,,
0.9961505560307955,0.29881960482422376,,
0.9961505560307955,0.29885794944180677,,
0.9961505560307955,0.2988963039014374,,
0.9961505560307955,0.2989346682069054,,
0.9961505560307955,0.29897304236200256,,
0.9961505560307955,0.2990114263705225,,
0.9961505560307955,0.2990498202362609,,
0.9961505560307955,0.29908822396301527,,
0.9961505560307955,0.29912663755458513,,
0.9961505560307955,0.29916506101477197,,
0.9961505560307955,0.29920349434737925,,
0.9961505560307955,0.29924193755621226,,
0.9961505560307955,0.2992803906450784,,
0.9961505560307955,0.29931885361778693,,
0.9961505560307955,0.2993573264781491,,
0.9961505560307955,0.29939580922997816,,
0.9961505560307955,0.29943430187708925,,
0.9961505560307955,0.2994728044232995,,
0.9961505560307955,0.299511316872428,,
0.9961505560307955,0.2995498392282958,,
0.9961505560307955,0.299588371494726,,
0.9961505560307955,0.29962691367554356,,
0.9961505560307955,0.2996654657745754,,
0.9961505560307955,0.2997040277956505,,
0.9961505560307955,0.29974259974259976,,
0.9961505560307955,0.29978118161925604,,
0.9961505560307955,0.29981977342945415,,
0.9961505560307955,0.299858375177031,,
0.9961505560307955,0.2998969868658254,,
0.9961505560307955,0.29993560849967804,,
0.9961505560307955,0.29997424008243173,,
0.9961505560307955,0.3000128816179312,,
0.9961505560307955,0.3000515331100232,,
0.9961505560307955,0.30009019456255637,,
0.9961505560307955,0.30012886597938143,,
0.9961505560307955,0.3001675473643511,,
0.9961505560307955,0.3002062387213199,,
0.9961505560307955,0.30024494005414465,,
0.9961505560307955,0.30028365136668383,,
0.9961505560307955,0.3003223726627982,,
0.9961505560307955,0.3003611039463503,,
0.9961505560307955,0.3003998452212047,,
0.9961505560307955,0.30043859649122806,,
0.9961505560307955,0.300477357760289,,
0.9961505560307955,0.30051612903225805,,
0.9961505560307955,0.3005549103110079,,
0.9961505560307955,0.300593701600413,,
0.9961505560307955,0.30063250290435006,,
0.9961505560307955,0.30067131422669763,,
0.9961505560307955,0.30071013557133636,,
0.9961505560307955,0.30074896694214875,,
0.9961505560307955,0.3007878083430195,,
0.9961505560307955,0.3008266597778352,,
0.9961505560307955,0.30086552125048444,,
0.9961505560307955,0.30090439276485786,,
0.9961505560307955,0.3009432743248482,,
0.9961505560307955,0.30098216593434995,,
0.9961505560307955,0.30102106759725994,,
0.9961505560307955,0.30105997931747674,,
0.9961505560307955,0.3010989010989011,,
0.9961505560307955,0.3011378329454357,,
0.9961505560307955,0.3011767748609854,,
0.9961505560307955,0.3012157268494568,,
0.9961505560307955,0.30125468891475876,,
0.9961505560307955,0.3012936610608021,,
0.9961505560307955,0.30133264329149956,,
0.9961505560307955,0.301371635610766,,
0.9961505560307955,0.30141063802251844,,
0.9961505560307955,0.30144965053067563,,
0.9961505560307955,0.30148867313915856,,
0.9961505560307955,0.3015277058518902,,
0.9961505560307955,0.30156674867279554,,
0.9961505560307955,0.3016058016058016,,
0.9961505560307955,0.3016448646548375,,
0.9961505560307955,0.3016839378238342,,
0.9961505560307955,0.30172302111672494,,
0.9961505560307955,0.30176211453744495,,
0.9961505560307955,0.3018012180899313,,
0.9961505560307955,0.30184033177812336,,
0.9961505560307955,0.3018794556059624,,
0.9961505560307955,0.30191858957739176,,
0.9961505560307955,0.3019577336963568,,
0.9961505560307955,0.30199688796680496,,
0.9961505560307955,0.30203605239268577,,
0.9961505560307955,0.3020752269779507,,
0.9961505560307955,0.3021144117265534,,
0.9961505560307955,0.3021536066424494,,
0.9961505560307955,0.30219281172959644,,
0.9961505560307955,0.30223202699195434,,
0.9961505560307955,0.30227125243348474,,
0.9961505560307955,0.3023104880581516,,
0.9961505560307955,0.3023497338699208,,
0.9961505560307955,0.3023889898727603,,
0.9961505560307955,0.30242825607064017,,
0.9961505560307955,0.30246753246753244,,
0.9961505560307955,0.30250681906741134,,
0.9961505560307955,0.30254611587425306,,
0.9961505560307955,0.3025854228920359,,
0.9961505560307955,0.3026247401247401,,
0.9961505560307955,0.3026640675763483,,
0.9961505560307955,0.3027034052508448,,
0.9961505560307955,0.3027427531522163,,
0.9961505560307955,0.30278211128445137,,
0.9961505560307955,0.30282147965154077,,
0.9961505560307955,0.3028608582574772,,
0.9961505560307955,0.3029002471062557,,
0.9961505560307955,0.302939646201873,,
0.9961505560307955,0.3029790555483283,,
0.9961505560307955,0.3030184751496227,,
0.9961505560307955,0.30305790500975927,,
0.9961505560307955,0.3030973451327434,,
0.9961505560307955,0.3031367955225823,,
0.9961505560307955,0.3031762561832856,,
0.9961505560307955,0.30321572711886474,,
0.9961505560307955,0.30325520833333336,,
0.9961505560307955,0.3032946998307071,,
0.9961505560307955,0.3033342016150039,,
0.9961505560307955,0.3033737136902436,,
0.9961505560307955,0.3034132360604482,,
0.9961505560307955,0.3034527687296417,,
0.9961505560307955,0.3034923117018504,,
0.9961505560307955,0.3035318649811026,,
0.9961505560307955,0.30357142857142855,,
0.9961505560307955,0.3036110024768609,,
0.9961505560307955,0.30365058670143413,,
0.9961505560307955,0.303690181249185,,
0.9961505560307955,0.3037297861241523,,
0.9961505560307955,0.30376940133037694,,
0.9961505560307955,0.3038090268719019,,
0.9961505560307955,0.30384866275277234,,
0.9961505560307955,0.3038883089770355,,
0.9961505560307955,0.3039279655487407,,
0.9961505560307955,0.3039676324719394,,
0.9961505560307955,0.3040073097506853,,
0.9961505560307955,0.30404699738903396,,
0.9961505560307955,0.3040866953910432,,
0.9961505560307955,0.30412640376077305,,
0.9961505560307955,0.3041661225022855,,
0.9961505560307955,0.3042058516196447,,
0.9961505560307955,0.30424559111691707,,
0.9961505560307955,0.3042853409981709,,
0.9961505560307955,0.3043251012674768,,
0.9961505560307955,0.3043648719289075,,
0.9961505560307955,0.3044046529865377,,
0.9961505560307955,0.30444444444444446,,
0.9961505560307955,0.3044842463067068,,
0.9961505560307955,0.30452405857740583,,
0.9961505560307955,0.30456388126062506,,
0.9961505560307955,0.3046037143604499,,
0.9961505560307955,0.304643557880968,,
0.9961505560307955,0.30468341182626896,,
0.9961505560307955,0.30472327620044487,,
0.9961505560307955,0.30476315100758966,,
0.9961505560307955,0.3048030362517995,,
0.9961505560307955,0.30484293193717277,,
0.9961505560307955,0.3048828380678099,,
0.9961505560307955,0.30492275464781354,,
0.9961505560307955,0.3049626816812885,,
0.9961505560307955,0.30500261917234156,,
0.9961505560307955,0.3050425671250819,,
0.9961505560307955,0.30508252554362064,,
0.9961505560307955,0.3051224944320713,,
0.9961505560307955,0.30516247379454925,,
0.9961505560307955,0.30520246363517234,,
0.9961505560307955,0.30524246395806026,,
0.9961505560307955,0.30528247476733517,,
0.9961505560307955,0.30532249606712114,,
0.9961505560307955,0.3053625278615445,,
0.9961505560307955,0.3054025701547338,,
0.9961505560307955,0.3054426229508197,,
0.9961505560307955,0.30548268625393493,,
0.9961505560307955,0.3055227600682146,,
0.9961505560307955,0.30556284439779585,,
0.9961505560307955,0.30560293924681803,,
0.9961505560307955,0.3056430446194226,,
0.9961505560307955,0.30568316051975325,,
0.9961505560307955,0.3057232869519559,,
0.9961505560307955,0.3057634239201785,,
0.9961505560307955,0.30580357142857145,,
0.9961505560307955,0.3058437294812869,,
0.9961505560307955,0.3058838980824796,,
0.9961505560307955,0.3059240772363063,,
0.9961505560307955,0.3059642669469259,,
0.9961505560307955,0.30600446721849955,,
0.9961505560307955,0.30604467805519053,,
0.9961505560307955,0.3060848994611644,,
0.9961505560307955,0.30612513144058884,,
0.9961505560307955,0.30616537399763377,,
0.9961505560307955,0.3062056271364712,,
0.9961505560307955,0.30624589086127546,,
0.9961505560307955,0.30628616517622304,,
0.9961505560307955,0.3063264500854926,,
0.9961505560307955,0.30636674559326493,,
0.9961505560307955,0.3064070517037232,,
0.9961505560307955,0.30644736842105263,,
0.9957228400342173,0.30635609948677456,,
0.9957228400342173,0.3063964201105554,,
0.9957228400342173,0.3064367513492168,,
0.9957228400342173,0.30647709320695105,,
0.9957228400342173,0.3065174456879526,,
0.9957228400342173,0.30655780879641825,,
0.9957228400342173,0.3065981825365468,,
0.9957228400342173,0.3066385669125395,,
0.9957228400342173,0.30667896192859967,,
0.9957228400342173,0.3067193675889328,,
0.9957228400342173,0.3067597838977467,,
0.9957228400342173,0.30680021085925147,,
0.9957228400342173,0.30684064847765913,,
0.9957228400342173,0.3068810967571843,,
0.9957228400342173,0.3069215557020435,,
0.9957228400342173,0.3069620253164557,,
0.9957228400342173,0.307002505604642,,
0.9957228400342173,0.3070429965708256,,
0.9957228400342173,0.3070834982192323,,
0.9957228400342173,0.3071240105540897,,
0.9957228400342173,0.3071645335796279,,
0.9957228400342173,0.3072050673000792,,
0.9957228400342173,0.30724561171967796,,
0.9957228400342173,0.307286166842661,,
0.9957228400342173,0.3073267326732673,,
0.9957228400342173,0.30736730921573807,,
0.9957228400342173,0.30740789647431666,,
0.9957228400342173,0.3074484944532488,,
0.9957228400342173,0.30748910315678246,,
0.9957228400342173,0.3075297225891678,,
0.9957228400342173,0.30757035275465716,,
0.9957228400342173,0.30761099365750527,,
0.9957228400342173,0.3076516453019691,,
0.9957228400342173,0.3076923076923077,,
0.9957228400342173,0.30773298083278255,,
0.9957228400342173,0.3077736647276573,,
0.9957228400342173,0.30781435938119794,,
0.9957228400342173,0.30785506479767255,,
0.9957228400342173,0.3078957809813517,,
0.9957228400342173,0.30793650793650795,,
0.9957228400342173,0.3079772456674163,,
0.9957228400342173,0.30801799417835407,,
0.9957228400342173,0.3080587534736006,,
0.9957228400342173,0.3080995235574378,,
0.9957228400342173,0.3081403044341496,,
0.9957228400342173,0.30818109610802225,,
0.995295124037639,0.3080895008605852,,
0.995295124037639,0.3081302966101695,,
0.995295124037639,0.3081711031651437,,
0.995295124037639,0.30821192052980134,,
0.995295124037639,0.3082527487084382,,
0.995295124037639,0.3082935877053524,,
0.995295124037639,0.3083344375248443,,
0.995295124037639,0.30837529817121656,,
0.995295124037639,0.308416169648774,,
0.995295124037639,0.308457051961824,,
0.995295124037639,0.3084979451146759,,
0.995295124037639,0.3085388491116415,,
0.995295124037639,0.3085797639570349,,
0.995295124037639,0.3086206896551724,,
0.995295124037639,0.30866162621037274,,
0.995295124037639,0.30870257362695674,,
0.995295124037639,0.3087435319092477,,
0.995295124037639,0.3087845010615711,,
0.995295124037639,0.3088254810882548,,
0.995295124037639,0.3088664719936289,,
0.995295124037639,0.30890747378202577,,
0.995295124037639,0.3089484864577801,,
0.995295124037639,0.30898951002522906,,
0.995295124037639,0.3090305444887118,,
0.995295124037639,0.30907158985257005,,
0.995295124037639,0.3091126461211477,,
0.995295124037639,0.30915371329879104,,
0.995295124037639,0.3091947913898485,,
0.995295124037639,0.3092358803986711,,
0.995295124037639,0.30927698032961193,,
0.995295124037639,0.30931809118702647,,
0.995295124037639,0.3093592129752725,,
0.995295124037639,0.3094003456987103,,
0.995295124037639,0.3094414893617021,,
0.995295124037639,0.30948264396861286,,
0.995295124037639,0.30952380952380953,,
0.995295124037639,0.30956498603166155,,
0.995295124037639,0.30960617349654074,,
0.995295124037639,0.30964737192282105,,
0.995295124037639,0.3096885813148789,,
0.995295124037639,0.309729801677093,,
0.995295124037639,0.3097710330138445,,
0.995295124037639,0.3098122753295167,,
0.995295124037639,0.30985352862849536,,
0.995295124037639,0.30989479291516847,,
0.995295124037639,0.3099360681939265,,
0.995295124037639,0.30997735446916214,,
0.995295124037639,0.31001865174527043,,
0.995295124037639,0.3100599600266489,,
0.995295124037639,0.3101012793176972,,
0.995295124037639,0.31014260962281753,,
0.995295124037639,0.31018395094641427,,
0.995295124037639,0.31022530329289427,,
0.995295124037639,0.3102666666666667,,
0.995295124037639,0.31030804107214294,,
0.995295124037639,0.310349426513737,,
0.995295124037639,0.310390822995865,,
0.995295124037639,0.31043223052294555,,
0.995295124037639,0.3104736490993996,,
0.995295124037639,0.3105150787296504,,
0.995295124037639,0.31055651941812357,,
0.995295124037639,0.3105979711692472,,
0.995295124037639,0.3106394339874516,,
0.995295124037639,0.31068090787716957,,
0.995295124037639,0.31072239284283615,,
0.995295124037639,0.3107638888888889,,
0.995295124037639,0.3108053960197676,,
0.995295124037639,0.3108469142399145,,
0.995295124037639,0.3108884435537742,,
0.995295124037639,0.3109299839657937,,
0.995295124037639,0.3109715354804223,,
0.995295124037639,0.31101309810211175,,
0.995295124037639,0.31105467183531615,,
0.995295124037639,0.311096256684492,,
0.995295124037639,0.31113785265409816,,
0.995295124037639,0.3111794597485959,,
0.995295124037639,0.31122107797244886,,
0.995295124037639,0.31126270733012307,,
0.995295124037639,0.31130434782608696,,
0.995295124037639,0.31134599946481134,,
0.995295124037639,0.3113876622507694,,
0.995295124037639,0.3114293361884368,,
0.995295124037639,0.31147102128229154,,
0.995295124037639,0.3115127175368139,,
0.995295124037639,0.31155442495648683,,
0.995295124037639,0.3115961435457954,,
0.995295124037639,0.31163787330922726,,
0.995295124037639,0.31167961425127244,,
0.995295124037639,0.3117213663764233,,
0.995295124037639,0.3117631296891747,,
0.995295124037639,0.31180490419402385,,
0.995295124037639,0.3118466898954704,,
0.995295124037639,0.31188848679801634,,
0.995295124037639,0.3119302949061662,,
0.995295124037639,0.3119721142244269,,
0.995295124037639,0.3120139447573076,,
0.995295124037639,0.3120557865093201,,
0.995295124037639,0.31209763948497854,,
0.995295124037639,0.31213950368879945,,
0.995295124037639,0.31218137912530186,,
0.995295124037639,0.3122232657990071,,
0.995295124037639,0.3122651637144391,,
0.995295124037639,0.312307072876124,,
0.995295124037639,0.3123489932885906,,
0.995295124037639,0.31239092495637,,
0.995295124037639,0.3124328678839957,,
0.995295124037639,0.31247482207600374,,
0.995295124037639,0.31251678753693257,,
0.995295124037639,0.312558764271323,,
0.995295124037639,0.3126007522837184,,
0.995295124037639,0.3126427515786645,,
0.995295124037639,0.3126847621607095,,
0.995295124037639,0.31272678403440396,,
0.995295124037639,0.31276881720430105,,
0.995295124037639,0.3128108616749563,,
0.995295124037639,0.3128529174509277,,
0.995295124037639,0.31289498453677556,,
0.995295124037639,0.3129370629370629,,
0.995295124037639,0.31297915265635506,,
0.995295124037639,0.3130212536992198,,
0.995295124037639,0.3130633660702274,,
0.995295124037639,0.3131054897739505,,
0.995295124037639,0.31314762481496433,,
0.995295124037639,0.3131897711978466,,
0.995295124037639,0.31323192892717727,,
0.995295124037639,0.313274098007539,,
0.995295124037639,0.3133162784435169,,
0.995295124037639,0.3133584702396984,,
0.995295124037639,0.3134006734006734,,
0.995295124037639,0.3134428879310345,,
0.995295124037639,0.3134851138353765,,
0.995295124037639,0.31352735111829694,,
0.995295124037639,0.31356959978439564,,
0.995295124037639,0.31361185983827494,,
0.995295124037639,0.3136541312845397,,
0.995295124037639,0.31369641412779725,,
0.995295124037639,0.3137387083726574,,
0.995295124037639,0.3137810140237325,,
0.995295124037639,0.3138233310856372,,
0.995295124037639,0.31386565956298895,,
0.995295124037639,0.31390799946040737,,
0.995295124037639,0.3139503507825148,,
0.995295124037639,0.31399271353393604,,
0.995295124037639,0.3140350877192982,,
0.995295124037639,0.3140774733432312,,
0.995295124037639,0.31411987041036715,,
0.995295124037639,0.3141622789253409,,
0.995295124037639,0.3142046988927896,,
0.995295124037639,0.31424713031735313,,
0.995295124037639,0.3142895732036737,,
0.995295124037639,0.31433202755639605,,
0.995295124037639,0.31437449338016754,,
0.995295124037639,0.31441697067963786,,
0.995295124037639,0.31445945945945947,,
0.995295124037639,0.3145019597242871,,
0.995295124037639,0.31454447147877806,,
0.995295124037639,0.3145869947275923,,
0.995295124037639,0.3146295294753921,,
0.995295124037639,0.31467207572684247,,
0.995295124037639,0.3147146334866108,,
0.995295124037639,0.31475720275936697,,
0.995295124037639,0.31479978354978355,,
0.995295124037639,0.3148423758625355,,
0.995295124037639,0.3148849797023004,,
0.995295124037639,0.3149275950737583,,
0.995295124037639,0.31497022198159175,,
0.995295124037639,0.315012860430486,,
0.995295124037639,0.31505551042512864,,
0.995295124037639,0.3150981719702099,,
0.995295124037639,0.31514084507042256,,
0.995295124037639,0.3151835297304619,,
0.995295124037639,0.31522622595502575,,
0.995295124037639,0.31526893374881454,,
0.995295124037639,0.31531165311653114,,
0.995295124037639,0.31535438406288113,,
0.995295124037639,0.3153971265925725,,
0.9948674080410608,0.31530432425105054,,
0.9948674080410608,0.3153470715835141,,
0.9948674080410608,0.3153898305084746,,
0.9948674080410608,0.31543260103064824,,
0.9948674080410608,0.3154753831547538,,
0.9948674080410608,0.31551817688551276,,
0.9948674080410608,0.3155609822276489,,
0.9948674080410608,0.3156037991858887,,
0.9948674080410608,0.31564662776496133,,
0.9948674080410608,0.31568946796959824,,
0.9948674080410608,0.31573231980453376,,
0.9948674080410608,0.3157751832745045,,
0.9948674080410608,0.3158180583842498,,
0.9948674080410608,0.3158609451385117,,
0.9948674080410608,0.3159038435420345,,
0.9948674080410608,0.3159467535995653,,
0.9948674080410608,0.3159896753158538,,
0.9948674080410608,0.3160326086956522,,
0.9948674080410608,0.31607555374371515,,
0.9948674080410608,0.3161185104648002,,
0.9948674080410608,0.31616147886366724,,
0.9948674080410608,0.31620445894507887,,
0.9948674080410608,0.3162474507138001,,
0.9948674080410608,0.31629045417459883,,
0.9948674080410608,0.3163334693322453,,
0.9948674080410608,0.31637649619151254,,
0.9948674080410608,0.3164195347571759,,
0.9948674080410608,0.3164625850340136,,
0.9948674080410608,0.3165056470268064,,
0.9948674080410608,0.3165487207403375,,
0.9948674080410608,0.316591806179393,,
0.9948674080410608,0.3166349033487612,,
0.9948674080410608,0.3166780122532335,,
0.9948674080410608,0.3167211328976035,,
0.9948674080410608,0.31676426528666757,,
0.9948674080410608,0.31680740942522473,,
0.9948674080410608,0.31685056531807654,,
0.9948674080410608,0.31689373297002726,,
0.9948674080410608,0.3169369123858836,,
0.9948674080410608,0.31698010357045514,,
0.9948674080410608,0.3170233065285539,,
0.9948674080410608,0.31706652126499457,,
0.9948674080410608,0.3171097477845944,,
0.9948674080410608,0.31715298609217346,,
0.9948674080410608,0.3171962361925542,,
0.9948674080410608,0.3172394980905619,,
0.9948674080410608,0.31728277179102443,,
0.9948674080410608,0.31732605729877217,,
0.9948674080410608,0.3173693546186383,,
0.9948674080410608,0.3174126637554585,,
0.9948674080410608,0.31745598471407127,,
0.9948674080410608,0.3174993174993175,,
0.9948674080410608,0.31754266211604093,,
0.9948674080410608,0.3175860185690879,,
0.9948674080410608,0.3176293868633074,,
0.9948674080410608,0.31767276700355096,,
0.9948674080410608,0.31771615899467287,,
0.9948674080410608,0.31775956284153006,,
0.9948674080410608,0.3178029785489821,,
0.9948674080410608,0.31784640612189125,,
0.9948674080410608,0.31788984556512234,,
0.9948674080410608,0.31793329688354294,,
0.9948674080410608,0.31797676008202325,,
0.9948674080410608,0.31802023516543615,,
0.9948674080410608,0.3180637221386572,,
0.9948674080410608,0.3181072210065646,,
0.9948674080410608,0.31815073177403913,,
0.9948674080410608,0.31819425444596444,,
0.9948674080410608,0.3182377890272267,,
0.9948674080410608,0.3182813355227148,,
0.9948674080410608,0.3183248939373204,,
0.9948674080410608,0.31836846427593757,,
0.9948674080410608,0.3184120465434634,,
0.9948674080410608,0.3184556407447974,,
0.9948674080410608,0.3184992468848418,,
0.9948674080410608,0.31854286496850176,,
0.9948674080410608,0.3185864950006848,,
0.9948674080410608,0.3186301369863014,,
0.9948674080410608,0.31867379093026443,,
0.9948674080410608,0.3187174568374897,,
0.9948674080410608,0.3187611347128957,,
0.9948674080410608,0.3188048245614035,,
0.9948674080410608,0.3188485263879369,,
0.9948674080410608,0.3188922401974225,,
0.9948674080410608,0.3189359659947895,,
0.9948674080410608,0.3189797037849698,,
0.9948674080410608,0.3190234535728981,,
0.9948674080410608,0.3190672153635117,,
0.9948674080410608,0.31911098916175057,,
0.9948674080410608,0.3191547749725576,,
0.9948674080410608,0.31919857280087827,,
0.9948674080410608,0.3192423826516607,,
0.9948674080410608,0.31928620452985584,,
0.9948674080410608,0.31933003844041735,,
0.9948674080410608,0.3193738843883015,,
0.9948674080410608,0.31941774237846743,,
0.9948674080410608,0.31946161241587695,,
0.9948674080410608,0.3195054945054945,,
0.9948674080410608,0.3195493886522874,,
0.9948674080410608,0.3195932948612256,,
0.9948674080410608,0.31963721313728183,,
0.9948674080410608,0.31968114348543153,,
0.9948674080410608,0.3197250859106529,,
0.9948674080410608,0.31976904041792686,,
0.9948674080410608,0.319813007012237,,
0.9948674080410608,0.31985698569856985,,
0.9948674080410608,0.31990097648191446,,
0.9948674080410608,0.31994497936726274,,
0.9948674080410608,0.3199889943596093,,
0.9948674080410608,0.3200330214639516,,
0.9948674080410608,0.3200770606852897,,
0.9948674080410608,0.3201211120286265,,
0.9948674080410608,0.32016517549896767,,
0.9948674080410608,0.3202092511013216,,
0.9948674080410608,0.32025333884069945,,
0.9948674080410608,0.32029743872211514,,
0.9948674080410608,0.32034155075058535,,
0.9948674080410608,0.32038567493112946,,
0.9948674080410608,0.3204298112687698,,
0.9948674080410608,0.32047395976853127,,
0.9948674080410608,0.32051812043544164,,
0.9948674080410608,0.3205622932745314,,
0.9948674080410608,0.3206064782908339,,
0.9948674080410608,0.32065067548938514,,
0.9948674080410608,0.320694884875224,,
0.9948674080410608,0.32073910645339215,,
0.9948674080410608,0.32078334022893396,,
0.9948674080410608,0.32082758620689655,,
0.9948674080410608,0.32087184439232996,,
0.9948674080410608,0.320916114790287,,
0.9948674080410608,0.3209603974058231,,
0.9948674080410608,0.3210046922439967,,
0.9948674080410608,0.32104899930986885,,
0.9948674080410608,0.3210933186085036,,
0.9948674080410608,0.32113765014496753,,
0.9948674080410608,0.3211819939243303,,
0.9948674080410608,0.32122634995166416,,
0.9948674080410608,0.3212707182320442,,
0.9948674080410608,0.3213150987705484,,
0.9948674080410608,0.3213594915722575,,
0.9948674080410608,0.3214038966422551,,
0.9948674080410608,0.3214483139856274,,
0.9948674080410608,0.3214927436074637,,
0.9948674080410608,0.321537185512856,,
0.9948674080410608,0.32158163970689896,,
0.9948674080410608,0.3216261061946903,,
0.9948674080410608,0.3216705849813304,,
0.9948674080410608,0.32171507607192257,,
0.9948674080410608,0.32175957947157285,,
0.9948674080410608,0.32180409518539016,,
0.9948674080410608,0.32184862321848623,,
0.9948674080410608,0.32189316357597564,,
0.9948674080410608,0.3219377162629758,,
0.9948674080410608,0.3219822812846069,,
0.9948674080410608,0.32202685864599195,,
0.9948674080410608,0.322071448352257,,
0.9948674080410608,0.3221160504085307,,
0.9948674080410608,0.3221606648199446,,
0.9948674080410608,0.3222052915916332,,
0.9948674080410608,0.3222499307287337,,
0.9948674080410608,0.3222945822363863,,
0.9948674080410608,0.3223392461197339,,
0.9948674080410608,0.3223839223839224,,
0.9948674080410608,0.32242861103410037,,
0.9948674080410608,0.3224733120754194,,
0.9948674080410608,0.3225180255130338,,
0.9948674080410608,0.32256275135210094,,
0.9948674080410608,0.32260748959778085,,
0.9948674080410608,0.32265224025523653,,
0.9948674080410608,0.32269700332963375,,
0.9948674080410608,0.32274177882614125,,
0.9948674080410608,0.3227865667499306,,
0.9948674080410608,0.32283136710617627,,
0.9948674080410608,0.3228761799000555,,
0.9948674080410608,0.3229210051367486,,
0.9948674080410608,0.3229658428214385,,
0.9948674080410608,0.32301069295931123,,
0.9948674080410608,0.32305555555555554,,
0.9948674080410608,0.32310043061536325,,
0.9948674080410608,0.3231453181439289,,
0.9948674080410608,0.32319021814644994,,
0.9948674080410608,0.32323513062812675,,
0.9948674080410608,0.3232800555941626,,
0.9948674080410608,0.3233249930497637,,
0.9948674080410608,0.32336994300013905,,
0.9948674080410608,0.32341490545050056,,
0.9948674080410608,0.32345988040606316,,
0.9948674080410608,0.3235048678720445,,
0.9948674080410608,0.3235498678536653,,
0.9948674080410608,0.32359488035614914,,
0.9948674080410608,0.3236399053847224,,
0.9948674080410608,0.32368494294461453,,
0.9948674080410608,0.32372999304105776,,
0.9948674080410608,0.3237750556792873,,
0.9948674080410608,0.32382013086454126,,
0.9948674080410608,0.3238652186020607,,
0.9948674080410608,0.32391031889708954,,
0.9944396920444825,0.32381615598885793,,
0.9944396920444825,0.3238612620142081,,
0.9944396920444825,0.32390638060741156,,
0.9944396920444825,0.3239515117737216,,
0.9944396920444825,0.3239966555183946,,
0.9944396920444825,0.3240418118466899,,
0.9944396920444825,0.32408698076386955,,
0.9944396920444825,0.32413216227519864,,
0.9944396920444825,0.32417735638594536,,
0.9944396920444825,0.32422256310138053,,
0.9944396920444825,0.32426778242677823,,
0.9944396920444825,0.3243130143674153,,
0.9944396920444825,0.32435825892857145,,
0.9944396920444825,0.32440351611552953,,
0.9944396920444825,0.32444878593357523,,
0.9944396920444825,0.3244940683879972,,
0.9944396920444825,0.32453936348408713,,
0.9944396920444825,0.32458467122713947,,
0.9944396920444825,0.3246299916224518,,
0.9944396920444825,0.3246753246753247,,
0.9944396920444825,0.32472067039106145,,
0.9944396920444825,0.3247660287749686,,
0.9944396920444825,0.3248113998323554,,
0.9944396920444825,0.3248567835685343,,
0.9944396920444825,0.3249021799888206,,
0.9944396920444825,0.3249475890985325,,
0.9944396920444825,0.3249930109029913,,
0.9944396920444825,0.3250384454075213,,
0.9944396920444825,0.3250838926174497,,
0.9944396920444825,0.32512935253810654,,
0.9944396920444825,0.32517482517482516,,
0.9944396920444825,0.32522031053294165,,
0.9944396920444825,0.3252658086177952,,
0.9944396920444825,0.32531131943472785,,
0.9944396920444825,0.3253568429890848,,
0.9944396920444825,0.3254023792862141,,
0.9944396920444825,0.32544792833146696,,
0.9944396920444825,0.3254934901301974,,
0.9944396920444825,0.32553906468776256,,
0.9944396920444825,0.32558465200952247,,
0.9944396920444825,0.32563025210084034,,
0.9944396920444825,0.32567586496708223,,
0.9944396920444825,0.32572149061361727,,
0.9944396920444825,0.32576712904581756,,
0.9944396920444825,0.3258127802690583,,
0.9944396920444825,0.3258584442887176,,
0.9944396920444825,0.32590412111017664,,
0.9944396920444825,0.32594981073881957,,
0.9944396920444825,0.32599551318003367,,
0.9944396920444825,0.3260412284392091,,
0.9944396920444825,0.32608695652173914,,
0.9944396920444825,0.32613269743302004,,
0.9944396920444825,0.3261784511784512,,
0.9944396920444825,0.3262242177634348,,
0.9944396920444825,0.32626999719337635,,
0.9944396920444825,0.3263157894736842,,
0.9944396920444825,0.32636159460976977,,
0.9944396920444825,0.3264074126070476,,
0.9944396920444825,0.32645324347093513,,
0.9944396920444825,0.32649908720685294,,
0.9944396920444825,0.3265449438202247,,
0.9944396920444825,0.32659081331647705,,
0.9944396920444825,0.3266366957010396,,
0.9944396920444825,0.3266825909793452,,
0.9944396920444825,0.32672849915682967,,
0.9944396920444825,0.32677442023893183,,
0.9944396920444825,0.3268203542310936,,
0.9944396920444825,0.32686630113876003,,
0.9944396920444825,0.3269122609673791,,
0.9944396920444825,0.3269582337224019,,
0.9944396920444825,0.3270042194092827,,
0.9944396920444825,0.32705021803347867,,
0.9944396920444825,0.3270962296004502,,
0.9944396920444825,0.3271422541156606,,
0.9944396920444825,0.3271882915845764,,
0.9944396920444825,0.32723434201266716,,
0.9944396920444825,0.32728040540540543,,
0.9944396920444825,0.32732648176826695,,
0.9944396920444825,0.3273725711067305,,
0.9944396920444825,0.327418673426278,,
0.9944396920444825,0.3274647887323944,,
0.9944396920444825,0.32751091703056767,,
0.9944396920444825,0.3275570583262891,,
0.9944396920444825,0.3276032126250528,,
0.9944396920444825,0.32764937993235627,,
0.9944396920444825,0.3276955602536998,,
0.9944396920444825,0.32774175359458696,,
0.9944396920444825,0.32778795996052446,,
0.9944396920444825,0.32783417935702197,,
0.9944396920444825,0.32788041178959243,,
0.9944396920444825,0.32792665726375175,,
0.9944396920444825,0.327972915785019,,
0.9944396920444825,0.3280191873589165,,
0.9944396920444825,0.32806547199096936,,
0.9944396920444825,0.3281117696867062,,
0.9944396920444825,0.32815808045165845,,
0.9944396920444825,0.32820440429136083,,
0.9944396920444825,0.3282507412113511,,
0.9944396920444825,0.32829709121717027,,
0.9944396920444825,0.3283434543143624,,
0.9944396920444825,0.3283898305084746,,
0.9944396920444825,0.3284362198050572,,
0.9944396920444825,0.32848262220966373,,
0.9944396920444825,0.3285290377278508,,
0.9944396920444825,0.3285754663651781,,
0.9944396920444825,0.3286219081272085,,
0.9944396920444825,0.3286683630195081,,
0.9944396920444825,0.328714831047646,,
0.9944396920444825,0.32876131221719457,,
0.9944396920444825,0.3288078065337293,,
0.9944396920444825,0.32885431400282883,,
0.9944396920444825,0.32890083463007497,,
0.9944396920444825,0.32894736842105265,,
0.9944396920444825,0.3289939153813499,,
0.9944396920444825,0.3290404755165582,,
0.9944396920444825,0.32908704883227174,,
0.9944396920444825,0.32913363533408835,,
0.9944396920444825,0.3291802350276087,,
0.9944396920444825,0.3292268479184367,,
0.9944396920444825,0.3292734740121796,,
0.9944396920444825,0.3293201133144476,,
0.9944396920444825,0.3293667658308542,,
0.9944396920444825,0.32941343156701614,,
0.9944396920444825,0.32946011052855323,,
0.9944396920444825,0.32950680272108845,,
0.9944396920444825,0.32955350815024803,,
0.9944396920444825,0.32960022682166146,,
0.9944396920444825,0.3296469587409613,,
0.9944396920444825,0.32969370391378333,,
0.9944396920444825,0.32974046234576654,,
0.9944396920444825,0.32978723404255317,,
0.9944396920444825,0.32983401900978865,,
0.9944396920444825,0.32988081725312146,,
0.9944396920444825,0.3299276287782035,,
0.9944396920444825,0.3299744535906898,,
0.9944396920444825,0.33002129169623845,,
0.9944396920444825,0.3300681431005111,,
0.9944396920444825,0.33011500780917225,,
0.9944396920444825,0.3301618858278898,,
0.9944396920444825,0.3302087771623349,,
0.9944396920444825,0.3302556818181818,,
0.9944396920444825,0.3303025998011081,,
0.9944396920444825,0.33034953111679455,,
0.9944396920444825,0.3303964757709251,,
0.9944396920444825,0.33044343376918706,,
0.9944396920444825,0.3304904051172708,,
0.9944396920444825,0.33053738982087005,,
0.9944396920444825,0.3305843878856818,,
0.9944396920444825,0.33063139931740615,,
0.9944396920444825,0.33067842412174653,,
0.9944396920444825,0.3307254623044097,,
0.9944396920444825,0.3307725138711054,,
0.9944396920444825,0.330819578827547,,
0.9944396920444825,0.3308666571794507,,
0.9944396920444825,0.3309137489325363,,
0.9944396920444825,0.3309608540925267,,
0.9944396920444825,0.3310079726651481,,
0.9944396920444825,0.33105510465612986,,
0.9944396920444825,0.3311022500712048,,
0.9944396920444825,0.33114940891610883,,
0.9944396920444825,0.3311965811965812,,
0.9944396920444825,0.33124376691836444,,
0.9944396920444825,0.3312909660872043,,
0.9944396920444825,0.33133817870884996,,
0.9944396920444825,0.3313854047890536,,
0.9944396920444825,0.33143264433357095,,
0.9944396920444825,0.3314798973481608,,
0.9944396920444825,0.3315271638385855,,
0.9944396920444825,0.3315744438106104,,
0.9944396920444825,0.33162173727000427,,
0.9944396920444825,0.33166904422253923,,
0.9944396920444825,0.33171636467399057,,
0.9944396920444825,0.331763698630137,,
0.9944396920444825,0.3318110460967604,,
0.9944396920444825,0.33185840707964603,,
0.9944396920444825,0.33190578158458245,,
0.9944396920444825,0.3319531696173615,,
0.9944396920444825,0.3320005711837784,,
0.9944396920444825,0.33204798628963156,,
0.9944396920444825,0.33209541494072276,,
0.9944396920444825,0.33214285714285713,,
0.9944396920444825,0.33219031290184314,,
0.9944396920444825,0.33223778222349243,,
0.9944396920444825,0.3322852651136201,,
0.9944396920444825,0.3323327615780446,,
0.9944396920444825,0.33238027162258754,,
0.9944396920444825,0.3324277952530741,,
0.9944396920444825,0.33247533247533245,,
0.9944396920444825,0.3325228832951945,,
0.9944396920444825,0.3325704477184952,,
0.9940119760479041,0.33247496423462086,,
0.9940119760479041,0.33252253541279153,,
0.9940119760479041,0.3325701202060675,,
0.9940119760479041,0.3326177186202948,,
0.9935842600513259,0.3325221872316061,,
0.9935842600513259,0.3325697924123121,,
0.9935842600513259,0.33261741122565863,,
0.9935842600513259,0.3326650436775025,,
0.9935842600513259,0.33271268977370383,,
0.9935842600513259,0.33276034952012606,,
0.9935842600513259,0.3328080229226361,,
0.9935842600513259,0.3328557099871042,,
0.9935842600513259,0.3329034107194038,,
0.9935842600513259,0.3329511251254121,,
0.9935842600513259,0.3329988532110092,,
0.9935842600513259,0.33304659498207884,,
0.9935842600513259,0.3330943504445082,,
0.9935842600513259,0.3331421196041876,,
0.9935842600513259,0.3331899024670109,,
0.9935842600513259,0.33323769903887535,,
0.9935842600513259,0.3332855093256815,,
0.9935842600513259,0.3333333333333333,,
0.9935842600513259,0.33338117106773824,,
0.9935842600513259,0.33342902253480694,,
0.9935842600513259,0.33347688774045364,,
0.9935842600513259,0.33352476669059583,,
0.9935842600513259,0.3335726593911545,,
0.9935842600513259,0.333620565848054,,
0.9935842600513259,0.33366848606722205,,
0.9935842600513259,0.33371642005458985,,
0.9935842600513259,0.333764367816092,,
0.9935842600513259,0.3338123293576663,,
0.9935842600513259,0.3338603046852544,,
0.9935842600513259,0.3339082938048009,,
0.9935842600513259,0.3339562967222542,,
0.9935842600513259,0.3340043134435658,,
0.9931565440547476,0.3339085418464193,,
0.9931565440547476,0.3339565655112901,,
0.9931565440547476,0.3340046029919448,,
0.9931565440547476,0.33405265429434616,,
0.9931565440547476,0.33410071942446046,,
0.9931565440547476,0.3341487983882573,,
0.9927288280581694,0.33405296488198044,,
0.9927288280581694,0.3341010508133007,,
0.9927288280581694,0.3341491505902678,,
0.9927288280581694,0.3341972642188625,,
0.9927288280581694,0.3342453917050691,,
0.9927288280581694,0.3342935330548754,,
0.9927288280581694,0.3343416882742725,,
0.9927288280581694,0.33438985736925514,,
0.9927288280581694,0.3344380403458213,,
0.9927288280581694,0.3344862372099726,,
0.9927288280581694,0.33453444796771403,,
0.9927288280581694,0.33458267262505403,,
0.9927288280581694,0.3346309111880046,,
0.9927288280581694,0.3346791636625811,,
0.9927288280581694,0.33472743005480243,,
0.9923011120615911,0.33463147266695514,,
0.9923011120615911,0.3346797461050202,,
0.9923011120615911,0.33472803347280333,,
0.9923011120615911,0.3347763347763348,,
0.9923011120615911,0.33482465002164813,,
0.9923011120615911,0.3348729792147806,,
0.9923011120615911,0.3349213223617728,,
0.9923011120615911,0.3349696794686688,,
0.9923011120615911,0.33501805054151623,,
0.9923011120615911,0.3350664355863663,,
0.9923011120615911,0.33511483460927344,,
0.9923011120615911,0.33516324761629585,,
0.9923011120615911,0.33521167461349516,,
0.9923011120615911,0.3352601156069364,,
0.9923011120615911,0.33530857060268826,,
0.9923011120615911,0.3353570396068228,,
0.9923011120615911,0.3354055226254156,,
0.9923011120615911,0.33545401966454597,,
0.9923011120615911,0.33550253073029646,,
0.9923011120615911,0.3355510558287533,,
0.9923011120615911,0.33559959496600605,,
0.9923011120615911,0.33564814814814814,,
0.9923011120615911,0.3356967153812762,,
0.9923011120615911,0.3357452966714906,,
0.9923011120615911,0.33579389202489507,,
0.9923011120615911,0.335842501447597,,
0.9923011120615911,0.3358911249457073,,
0.9923011120615911,0.3359397625253403,,
0.9923011120615911,0.33598841419261405,,
0.9923011120615911,0.33603707995365006,,
0.9923011120615911,0.3360857598145734,,
0.9923011120615911,0.33613445378151263,,
0.9923011120615911,0.33618316186059993,,
0.9923011120615911,0.336231884057971,,
0.9923011120615911,0.3362806203797652,,
0.9923011120615911,0.3363293708321253,,
0.9923011120615911,0.3363781354211976,,
0.9923011120615911,0.33642691415313225,,
0.9923011120615911,0.3364757070340827,,
0.9923011120615911,0.33652451407020595,,
0.9923011120615911,0.33657333526766287,,
0.9923011120615911,0.3366221706326175,,
0.9923011120615911,0.33667102017123784,,
0.9923011120615911,0.3367198838896952,,
0.9923011120615911,0.3367687617941646,,
0.9918733960650128,0.3366724738675958,,
0.9918733960650128,0.33672135908232903,,
0.9918733960650128,0.33677025849549813,,
0.9918733960650128,0.33681917211328977,,
0.9918733960650128,0.33686809994189426,,
0.9918733960650128,0.33691704198750544,,
0.9918733960650128,0.33696599825632084,,
0.9918733960650128,0.3370149687545415,,
0.9918733960650128,0.3370639534883721,,
0.9918733960650128,0.33711295246402095,,
0.9918733960650128,0.3371619656876999,,
0.9918733960650128,0.33721099316562453,,
0.9918733960650128,0.33726003490401396,,
0.9918733960650128,0.3373090909090909,,
0.9918733960650128,0.3373581611870818,,
0.9918733960650128,0.3374072457442165,,
0.9918733960650128,0.33745634458672874,,
0.9918733960650128,0.3375054577208558,,
0.9918733960650128,0.3375545851528384,,
0.9918733960650128,0.33760372688892126,,
0.9918733960650128,0.33765288293535234,,
0.9918733960650128,0.3377020532983836,,
0.9918733960650128,0.3377512379842703,,
0.9918733960650128,0.33780043699927165,,
0.9918733960650128,0.33784965034965037,,
0.9918733960650128,0.33789887804167273,,
0.9918733960650128,0.33794812008160885,,
0.9918733960650128,0.3379973764757324,,
0.9918733960650128,0.3380466472303207,,
0.9918733960650128,0.33809593235165475,,
0.9918733960650128,0.33814523184601925,,
0.9918733960650128,0.3381945457197025,,
0.9918733960650128,0.3382438739789965,,
0.9918733960650128,0.33829321663019696,,
0.9918733960650128,0.33834257367960313,,
0.9918733960650128,0.33839194513351817,,
0.9918733960650128,0.3384413309982487,,
0.9918733960650128,0.3384907312801051,,
0.9918733960650128,0.33854014598540144,,
0.9918733960650128,0.33858957512045557,,
0.9918733960650128,0.3386390186915888,,
0.9918733960650128,0.3386884767051263,,
0.9918733960650128,0.338737949167397,,
0.9918733960650128,0.3387874360847334,,
0.9918733960650128,0.33883693746347165,,
0.9918733960650128,0.33888645330995176,,
0.9918733960650128,0.3389359836305174,,
0.9918733960650128,0.33898552843151586,,
0.9918733960650128,0.33903508771929824,,
0.9918733960650128,0.3390846615002193,,
0.9918733960650128,0.3391342497806376,,
0.9918733960650128,0.3391838525669153,,
0.9918733960650128,0.33923346986541836,,
0.9918733960650128,0.33928310168251646,,
0.9918733960650128,0.33933274802458296,,
0.9918733960650128,0.33938240889799504,,
0.9918733960650128,0.33943208430913346,,
0.9918733960650128,0.339481774264383,,
0.9918733960650128,0.3395314787701318,,
0.9918733960650128,0.339581197832772,,
0.9918733960650128,0.3396309314586995,,
0.9918733960650128,0.33968067965431376,,
0.9918733960650128,0.3397304424260182,,
0.9918733960650128,0.33978021978021977,,
0.9918733960650128,0.33983001172332944,,
0.9918733960650128,0.33987981826176167,,
0.9918733960650128,0.33992963940193494,,
0.9918733960650128,0.3399794751502712,,
0.9914456800684346,0.3398826979472141,,
0.9914456800684346,0.33993254142836193,,
0.9914456800684346,0.3399823995306542,,
0.9914456800684346,0.3400322722605252,,
0.9914456800684346,0.3400821596244131,,
0.9914456800684346,0.3401320616287601,,
0.9914456800684346,0.34018197828001173,,
0.9914456800684346,0.34023190958461763,,
0.9914456800684346,0.3402818555490311,,
0.9914456800684346,0.3403318161797093,,
0.9914456800684346,0.3403817914831131,,
0.9910179640718563,0.3402849170215891,,
0.9910179640718563,0.34033490011750883,,
0.9910179640718563,0.3403848978992214,,
0.9910179640718563,0.3404349103732001,,
0.9910179640718563,0.34048493754592213,,
0.9910179640718563,0.3405349794238683,,
0.9910179640718563,0.34058503601352347,,
0.9905902480752781,0.3404880917377242,,
0.9905902480752781,0.34053815615350685,,
0.9905902480752781,0.34058823529411764,,
0.9905902480752781,0.34063832916605385,,
0.9905902480752781,0.3406884377758164,,
0.9905902480752781,0.34073856112991024,,
0.9905902480752781,0.340788699234844,,
0.9905902480752781,0.3408388520971302,,
0.9905902480752781,0.3408890197232852,,
0.9905902480752781,0.34093920211982925,,
0.9905902480752781,0.3409893992932862,,
0.9905902480752781,0.34103961125018406,,
0.9905902480752781,0.3410898379970545,,
0.9905902480752781,0.34114007954043307,,
0.9905902480752781,0.34119033588685915,,
0.9905902480752781,0.34124060704287607,,
0.9905902480752781,0.34129089301503096,,
0.9905902480752781,0.3413411938098747,,
0.9905902480752781,0.34139150943396224,,
0.9905902480752781,0.3414418398938523,,
0.9905902480752781,0.34149218519610736,,
0.9905902480752781,0.3415425453472939,,
0.9905902480752781,0.3415929203539823,,
0.9905902480752781,0.34164331022274674,,
0.9905902480752781,0.34169371496016526,,
0.9905902480752781,0.3417441345728198,,
0.9905902480752781,0.3417945690672963,,
0.9905902480752781,0.3418450184501845,,
0.9905902480752781,0.34189548272807796,,
0.9905902480752781,0.3419459619075742,,
0.9905902480752781,0.3419964559952747,,
0.9905902480752781,0.3420469649977847,,
0.9905902480752781,0.34209748892171343,,
0.9905902480752781,0.3421480277736741,,
0.9905902480752781,0.3421985815602837,,
0.9905902480752781,0.34224915028816316,,
0.9905902480752781,0.3422997339639373,,
0.9905902480752781,0.34235033259423503,,
0.9905902480752781,0.34240094618568895,,
0.9905902480752781,0.3424515747449357,,
0.9905902480752781,0.34250221827861577,,
0.9905902480752781,0.34255287679337376,,
0.9901625320786998,0.34245562130177515,,
0.9901625320786998,0.34250628791241305,,
0.9901625320786998,0.3425569695176088,,
0.9901625320786998,0.34260766612401955,,
0.9901625320786998,0.3426583777383067,,
0.9901625320786998,0.3427091043671355,,
0.9897348160821214,0.3426117856085283,,
0.9897348160821214,0.3426625203613209,,
0.9897348160821214,0.3427132701421801,,
0.9897348160821214,0.342764034957784,,
0.9897348160821214,0.3428148148148148,,
0.9897348160821214,0.3428656097199585,,
0.9897348160821214,0.34291641967990516,,
0.9897348160821214,0.34296724470134876,,
0.9897348160821214,0.3430180847909873,,
0.9897348160821214,0.3430689399555226,,
0.9897348160821214,0.3431198102016607,,
0.9897348160821214,0.3431706955361115,,
0.9897348160821214,0.3432215959655888,,
0.9897348160821214,0.34327251149681054,,
0.9897348160821214,0.3433234421364985,,
0.9897348160821214,0.34337438789137853,,
0.9897348160821214,0.3434253487681805,,
0.9897348160821214,0.3434763247736381,,
0.9897348160821214,0.3435273159144893,,
0.9897348160821214,0.34357832219747586,,
0.9897348160821214,0.3436293436293436,,
0.9897348160821214,0.34368038021684244,,
0.9897348160821214,0.34373143196672606,,
0.9897348160821214,0.34378249888575246,,
0.9897348160821214,0.3438335809806835,,
0.9897348160821214,0.34388467825828506,,
0.9897348160821214,0.343935790725327,,
0.9897348160821214,0.3439869183885833,,
0.9897348160821214,0.344038061254832,,
0.9897348160821214,0.344089219330855,,
0.9897348160821214,0.34414039262343843,,
0.9897348160821214,0.3441915811393723,,
0.9897348160821214,0.34424278488545074,,
0.9897348160821214,0.344294003868472,,
0.9897348160821214,0.3443452380952381,,
0.9897348160821214,0.3443964875725554,,
0.9897348160821214,0.3444477523072343,,
0.9897348160821214,0.344499032306089,,
0.9897348160821214,0.34455032757593806,,
0.9897348160821214,0.3446016381236039,,
0.9897348160821214,0.344652963955913,,
0.9897348160821214,0.3447043050796961,,
0.9897348160821214,0.3447556615017878,,
0.9897348160821214,0.34480703322902695,,
0.9897348160821214,0.34485842026825636,,
0.9897348160821214,0.34490982262632286,,
0.9897348160821214,0.3449612403100775,,
0.9897348160821214,0.3450126733263754,,
0.9893071000855432,0.3449150014912019,,
0.9893071000855432,0.34496644295302015,,
0.9893071000855432,0.3450178997613365,,
0.9893071000855432,0.34506937192301956,,
0.9893071000855432,0.3451208594449418,,
0.9893071000855432,0.34517236233398,,
0.9893071000855432,0.3452238805970149,,
0.9893071000855432,0.3452754142409315,,
0.9893071000855432,0.3453269632726187,,
0.9893071000855432,0.3453785276989697,,
0.9893071000855432,0.34543010752688175,,
0.9893071000855432,0.3454817027632562,,
0.9893071000855432,0.3455333134149985,,
0.9893071000855432,0.34558493948901836,,
0.9893071000855432,0.34563658099222955,,
0.9893071000855432,0.34568823793154985,,
0.9893071000855432,0.34573991031390133,,
0.9893071000855432,0.3457915981462102,,
0.9893071000855432,0.3458433014354067,,
0.9893071000855432,0.34589502018842533,,
0.9893071000855432,0.3459467544122046,,
0.9893071000855432,0.3459985041136874,,
0.9893071000855432,0.34605026929982047,,
0.9893071000855432,0.346102049977555,,
0.9893071000855432,0.34615384615384615,,
0.9893071000855432,0.3462056578356533,,
0.9893071000855432,0.34625748502994014,,
0.9893071000855432,0.3463093277436742,,
0.9893071000855432,0.3463611859838275,,
0.9893071000855432,0.3464130597573761,,
0.9893071000855432,0.34646494907130015,,
0.9893071000855432,0.34651685393258425,,
0.9893071000855432,0.346568774348217,,
0.9893071000855432,0.3466207103251911,,
0.9893071000855432,0.3466726618705036,,
0.9893071000855432,0.34672462899115575,,
0.9893071000855432,0.3467766116941529,,
0.9893071000855432,0.3468286099865047,,
0.9893071000855432,0.34688062387522495,,
0.9893071000855432,0.34693265336733164,,
0.9893071000855432,0.346984698469847,,
0.9893071000855432,0.34703675918979743,,
0.9893071000855432,0.34708883553421366,,
0.9893071000855432,0.3471409275101306,,
0.9893071000855432,0.3471930351245872,,
0.9893071000855432,0.34724515838462694,,
0.9893071000855432,0.3472972972972973,,
0.9893071000855432,0.3473494518696501,,
0.9893071000855432,0.34740162210874137,,
0.9893071000855432,0.34745380802163134,,
0.9893071000855432,0.34750600961538464,,
0.9893071000855432,0.3475582268970699,,
0.9893071000855432,0.34761045987376016,,
0.9893071000855432,0.3476627085525327,,
0.9893071000855432,0.34771497294046905,,
0.9893071000855432,0.34776725304465494,,
0.9893071000855432,0.3478195488721805,,
0.9893071000855432,0.34787186043013985,,
0.9888793840889649,0.34777376654632974,,
0.9888793840889649,0.34782608695652173,,
0.9888793840889649,0.34787842311164613,,
0.9888793840889649,0.34793077501881114,,
0.9888793840889649,0.3479831426851294,,
0.9888793840889649,0.3480355261177179,,
0.9888793840889649,0.3480879253236977,,
0.9888793840889649,0.34814034031019425,,
0.9888793840889649,0.3481927710843373,,
0.9888793840889649,0.34824521765326105,,
0.9888793840889649,0.34829768002410366,,
0.9888793840889649,0.34835015820400783,,
0.9888793840889649,0.34840265220012057,,
0.9888793840889649,0.3484551620195931,,
0.9888793840889649,0.34850768766958096,,
0.9888793840889649,0.3485602291572441,,
0.9888793840889649,0.3486127864897467,,
0.9888793840889649,0.34866535967425727,,
0.9888793840889649,0.3487179487179487,,
0.9888793840889649,0.3487705536279982,,
0.9888793840889649,0.3488231744115872,,
0.9888793840889649,0.3488758110759016,,
0.9888793840889649,0.3489284636281316,,
0.9888793840889649,0.3489811320754717,,
0.9888793840889649,0.34903381642512077,,
0.9888793840889649,0.34908651668428203,,
0.9888793840889649,0.3491392328601631,,
0.9888793840889649,0.34919196495997584,,
0.9888793840889649,0.34924471299093657,,
0.9888793840889649,0.3492974769602659,,
0.9888793840889649,0.3493502568751889,,
0.9888793840889649,0.34940305274293487,,
0.9888793840889649,0.34945586457073763,,
0.9888793840889649,0.3495086923658352,,
0.9888793840889649,0.3495615361354702,,
0.9888793840889649,0.3496143958868895,,
0.9888793840889649,0.34966727162734423,,
0.9888793840889649,0.3497201633640902,,
0.9888793840889649,0.34977307110438727,,
0.9888793840889649,0.3498259948555001,,
0.9888793840889649,0.3498789346246973,,
0.9888793840889649,0.3499318904192523,,
0.9888793840889649,0.34998486224644265,,
0.9888793840889649,0.3500378501135503,,
0.9888793840889649,0.3500908540278619,,
0.9888793840889649,0.3501438739966682,,
0.9888793840889649,0.35019691002726444,,
0.9884516680923866,0.3500984699287987,,
0.9884516680923866,0.35015151515151516,,
0.9884516680923866,0.3502045764509774,,
0.9884516680923866,0.3502576538344953,,
0.9884516680923866,0.35031074730938305,,
0.9884516680923866,0.35036385688295935,,
0.9884516680923866,0.3504169825625474,,
0.9884516680923866,0.3504701243554747,,
0.9884516680923866,0.35052328226907326,,
0.9884516680923866,0.35057645631067963,,
0.9884516680923866,0.35062964648763467,,
0.9884516680923866,0.3506828528072838,,
0.9884516680923866,0.35073607527697676,,
0.9884516680923866,0.350789313904068,,
0.9884516680923866,0.3508425686959162,,
0.9884516680923866,0.3508958396598846,,
0.9884516680923866,0.35094912680334095,,
0.9884516680923866,0.35100243013365734,,
0.9884516680923866,0.35105574965821057,,
0.9884516680923866,0.3511090853843816,,
0.9884516680923866,0.3511624373195563,,
0.9884516680923866,0.35121580547112463,,
0.9884516680923866,0.35126918984648126,,
0.9884516680923866,0.3513225904530252,,
0.9884516680923866,0.35137600729816026,,
0.9884516680923866,0.3514294403892944,,
0.9884516680923866,0.3514828897338403,,
0.9884516680923866,0.35153635533921507,,
0.9884516680923866,0.35158983721284043,,
0.9884516680923866,0.35164333536214243,,
0.9884516680923866,0.3516968497945518,,
0.9884516680923866,0.3517503805175038,,
0.9884516680923866,0.35180392753843814,,
0.9884516680923866,0.351857490864799,,
0.9884516680923866,0.3519110705040353,,
0.9884516680923866,0.35196466646360036,,
0.9884516680923866,0.35201827875095204,,
0.9884516680923866,0.3520719073735527,,
0.9884516680923866,0.35212555233886944,,
0.9884516680923866,0.35217921365437366,,
0.9884516680923866,0.35223289132754154,,
0.9884516680923866,0.35228658536585367,,
0.9884516680923866,0.35234029577679526,,
0.9884516680923866,0.35239402256785607,,
0.9884516680923866,0.3524477657465304,,
0.9884516680923866,0.35250152532031725,,
0.9884516680923866,0.3525553012967201,,
0.9884516680923866,0.3526090936832469,,
0.9884516680923866,0.35266290248741033,,
0.9884516680923866,0.35271672771672774,,
0.9884516680923866,0.3527705693787208,,
0.9884516680923866,0.352824427480916,,
0.9884516680923866,0.3528783020308444,,
0.9884516680923866,0.35293219303604156,,
0.9884516680923866,0.35298610050404766,,
0.9884516680923866,0.35304002444240756,,
0.9884516680923866,0.35309396485867073,,
0.9884516680923866,0.3531479217603912,,
0.9880239520958084,0.35304906006419073,,
0.9880239520958084,0.35310302659737086,,
0.9880239520958084,0.35315700963155483,,
0.9880239520958084,0.3532110091743119,,
0.9880239520958084,0.35326502523321607,,
0.9880239520958084,0.3533190578158458,,
0.9880239520958084,0.3533731069297843,,
0.9880239520958084,0.35342717258261935,,
0.9880239520958084,0.35348125478194337,,
0.9880239520958084,0.35353535353535354,,
0.9880239520958084,0.35358946885045156,,
0.9880239520958084,0.35364360073484385,,
0.9880239520958084,0.3536977491961415,,
0.9880239520958084,0.3537519142419602,,
0.9880239520958084,0.35380609587992035,,
0.9880239520958084,0.3538602941176471,,
0.9880239520958084,0.35391450896277005,,
0.9880239520958084,0.3539687404229237,,
0.9880239520958084,0.35402298850574715,,
0.9880239520958084,0.3540772532188841,,
0.9880239520958084,0.35413153456998314,,
0.9880239520958084,0.35418583256669733,,
0.9880239520958084,0.35424014721668456,,
0.9880239520958084,0.35429447852760737,,
0.9880239520958084,0.354348826507133,,
0.9880239520958084,0.3544031911629334,,
0.9880239520958084,0.3544575725026853,,
0.9880239520958084,0.35451197053406996,,
0.9880239520958084,0.3545663852647736,,
0.9880239520958084,0.35462081670248696,,
0.9880239520958084,0.3546752648549056,,
0.9880239520958084,0.3547297297297297,,
0.9880239520958084,0.3547842113346644,,
0.9880239520958084,0.3548387096774194,,
0.9880239520958084,0.354893224765709,,
0.9880239520958084,0.3549477566072526,,
0.9880239520958084,0.3550023052097741,,
0.9880239520958084,0.35505687058100216,,
0.9880239520958084,0.35511145272867023,,
0.9880239520958084,0.3551660516605166,,
0.9880239520958084,0.35522066738428415,,
0.9880239520958084,0.3552752999077207,,
0.9880239520958084,0.3553299492385787,,
0.9880239520958084,0.3553846153846154,,
0.9880239520958084,0.35543929835359284,,
0.9880239520958084,0.3554939981532779,,
0.9880239520958084,0.3555487147914422,,
0.9880239520958084,0.35560344827586204,,
0.9880239520958084,0.3556581986143187,,
0.9880239520958084,0.3557129658145981,,
0.9875962360992301,0.355613737871554,,
0.9875962360992301,0.3556685150955022,,
0.9875962360992301,0.3557233091973502,,
0.9875962360992301,0.35577812018489985,,
0.9875962360992301,0.3558329480659578,,
0.9875962360992301,0.3558877928483354,,
0.9875962360992301,0.3559426545398489,,
0.9875962360992301,0.35599753314831944,,
0.9875962360992301,0.3560524286815729,,
0.9875962360992301,0.35610734114743986,,
0.9875962360992301,0.356162270553756,,
0.9875962360992301,0.3562172169083616,,
0.9875962360992301,0.356272180219102,,
0.9875962360992301,0.3563271604938272,,
0.9875962360992301,0.35638215774039206,,
0.9875962360992301,0.35643717196665636,,
0.9875962360992301,0.3564922031804848,,
0.9875962360992301,0.35654725138974674,,
0.9875962360992301,0.3566023166023166,,
0.9875962360992301,0.3566573988260735,,
0.9875962360992301,0.3567124980689016,,
0.9875962360992301,0.35676761433868975,,
0.9875962360992301,0.3568227476433318,,
0.9875962360992301,0.35687789799072644,,
0.9875962360992301,0.3569330653887772,,
0.9875962360992301,0.3569882498453927,,
0.9875962360992301,0.35704345136848614,,
0.9875962360992301,0.3570986699659759,,
0.9875962360992301,0.357153905645785,,
0.9875962360992301,0.3572091584158416,,
0.9875962360992301,0.3572644282840786,,
0.9875962360992301,0.3573197152584339,,
0.9875962360992301,0.35737501934685034,,
0.9875962360992301,0.3574303405572755,,
0.9875962360992301,0.3574856788976622,,
0.9875962360992301,0.3575410343759678,,
0.9875962360992301,0.3575964070001549,,
0.9875962360992301,0.3576517967781908,,
0.9875962360992301,0.35770720371804804,,
0.9875962360992301,0.35776262782770374,,
0.9875962360992301,0.35781806911514025,,
0.9875962360992301,0.3578735275883447,,
0.9875962360992301,0.35792900325530924,,
0.9875962360992301,0.357984496124031,,
0.9875962360992301,0.35804000620251203,,
0.9875962360992301,0.3580955334987593,,
0.9875962360992301,0.3581510780207849,,
0.9875962360992301,0.35820663977660566,,
0.9871685201026519,0.35810705973622964,,
0.9871685201026519,0.3581626319056487,,
0.9871685201026519,0.3582182213254695,,
0.9871685201026519,0.35827382800372554,,
0.9871685201026519,0.3583294519484552,,
0.9871685201026519,0.35838509316770184,,
0.9871685201026519,0.3584407516695139,,
0.9871685201026519,0.3584964274619447,,
0.9871685201026519,0.3585521205530527,,
0.9871685201026519,0.3586078309509012,,
0.9871685201026519,0.35866355866355865,,
0.9871685201026519,0.35871930369909855,,
0.9871685201026519,0.3587750660655993,,
0.9871685201026519,0.35883084577114427,,
0.9871685201026519,0.3588866428238221,,
0.9871685201026519,0.3589424572317263,,
0.9871685201026519,0.3589982890029554,,
0.9871685201026519,0.35905413814561293,,
0.9871685201026519,0.3591100046678077,,
0.9871685201026519,0.3591658885776533,,
0.9871685201026519,0.35922178988326847,,
0.9871685201026519,0.3592777085927771,,
0.9871685201026519,0.35933364471430795,,
0.9871685201026519,0.35938959825599504,,
0.9867408041060736,0.3592898302445102,,
0.9867408041060736,0.35934579439252334,,
0.9867408041060736,0.3594017759775666,,
0.9867408041060736,0.3594577750077906,,
0.9867408041060736,0.3595137914913511,,
0.9867408041060736,0.359569825436409,,
0.9867408041060736,0.3596258768511302,,
0.9867408041060736,0.35968194574368567,,
0.9867408041060736,0.3597380321222517,,
0.9867408041060736,0.35979413599500937,,
0.9867408041060736,0.3598502573701451,,
0.9867408041060736,0.35990639625585025,,
0.9867408041060736,0.3599625526603214,,
0.9867408041060736,0.3600187265917603,,
0.9863130881094953,0.35991883877009523,,
0.9863130881094953,0.35997502341554793,,
0.9863130881094953,0.3600312256049961,,
0.9863130881094953,0.3600874453466583,,
0.9863130881094953,0.3601436826487584,,
0.9863130881094953,0.36019993751952517,,
0.9863130881094953,0.36025620996719265,,
0.9863130881094953,0.3603125,,
0.9863130881094953,0.3603688076261916,,
0.9863130881094953,0.3604251328540169,,
0.9863130881094953,0.3604814756917305,,
0.9863130881094953,0.36053783614759227,,
0.9863130881094953,0.3605942142298671,,
0.9863130881094953,0.36065060994682513,,
0.9863130881094953,0.36070702330674176,,
0.9863130881094953,0.36076345431789736,,
0.9863130881094953,0.3608199029885777,,
0.9863130881094953,0.36087636932707357,,
0.985885372112917,0.3607763343246204,,
0.985885372112917,0.360832811521603,,
0.985885372112917,0.36088930640363237,,
0.985885372112917,0.3609458189790166,,
0.985885372112917,0.3610023492560689,,
0.985885372112917,0.36105889724310775,,
0.985885372112917,0.3611154629484568,,
0.985885372112917,0.361172046380445,,
0.985885372112917,0.36122864754740636,,
0.985885372112917,0.3612852664576803,,
0.985885372112917,0.36134190311961123,,
0.985885372112917,0.3613985575415491,,
0.985885372112917,0.36145522973184885,,
0.985885372112917,0.36151191969887075,,
0.985885372112917,0.3615686274509804,,
0.985885372112917,0.36162535299654847,,
0.985885372112917,0.36168209634395104,,
0.985885372112917,0.36173885750156937,,
0.985885372112917,0.36179563647779,,
0.985885372112917,0.3618524332810047,,
0.985885372112917,0.3619092479196106,,
0.985885372112917,0.36196608040201006,,
0.985885372112917,0.3620229307366106,,
0.985885372112917,0.36207979893182535,,
0.985885372112917,0.36213668499607227,,
0.985885372112917,0.362193588937775,,
0.985885372112917,0.36225051076536224,,
0.985885372112917,0.36230745048726815,,
0.985885372112917,0.3623644081119321,,
0.985885372112917,0.36242138364779874,,
0.985885372112917,0.36247837710331815,,
0.985885372112917,0.36253538848694555,,
0.985885372112917,0.36259241780714174,,
0.985885372112917,0.36264946507237256,,
0.985885372112917,0.3627065302911094,,
0.985885372112917,0.3627636134718288,,
0.985885372112917,0.36282071462301274,,
0.985885372112917,0.36287783375314864,,
0.985885372112917,0.362934970870729,,
0.985885372112917,0.36299212598425196,,
0.985885372112917,0.36304929910222083,,
0.985885372112917,0.3631064902331443,,
0.985885372112917,0.3631636993855365,,
0.985885372112917,0.3632209265679168,,
0.985885372112917,0.3632781717888101,,
0.985885372112917,0.36333543505674654,,
0.985885372112917,0.3633927163802617,,
0.985885372112917,0.36345001576789654,,
0.985885372112917,0.36350733322819745,,
0.985885372112917,0.3635646687697161,,
0.985885372112917,0.3636220224010096,,
0.985885372112917,0.3636793941306406,,
0.9854576561163387,0.3635789805901846,,
0.9854576561163387,0.36363636363636365,,
0.9850299401197605,0.36353591160220994,,
0.9850299401197605,0.3635933059677929,,
0.9850299401197605,0.36365071845886626,,
0.9850299401197605,0.36370814908401766,,
0.9850299401197605,0.36376559785184015,,
0.9850299401197605,0.36382306477093207,,
0.9850299401197605,0.3638805498498973,,
0.9850299401197605,0.3639380530973451,,
0.9850299401197605,0.3639955745218903,,
0.9850299401197605,0.364053114132153,,
0.9850299401197605,0.3641106719367589,,
0.9850299401197605,0.36416824794433905,,
0.9850299401197605,0.36422584216353,,
0.9850299401197605,0.36428345460297373,,
0.9850299401197605,0.3643410852713178,,
0.9850299401197605,0.3643987341772152,,
0.9850299401197605,0.3644564013293243,,
0.9850299401197605,0.364514086736309,,
0.9850299401197605,0.3645717904068387,,
0.9850299401197605,0.36462951234958835,,
0.9850299401197605,0.3646872525732383,,
0.9850299401197605,0.3647450110864745,,
0.9850299401197605,0.36480278789798826,,
0.9850299401197605,0.36486058301647656,,
0.9850299401197605,0.3649183964506417,,
0.9850299401197605,0.36497622820919173,,
0.9850299401197605,0.36503407830084006,,
0.9850299401197605,0.3650919467343056,,
0.9850299401197605,0.365149833518313,,
0.9850299401197605,0.3652077386615921,,
0.9850299401197605,0.36526566217287865,,
0.9850299401197605,0.3653236040609137,,
0.9850299401197605,0.3653815643344439,,
0.9846022241231822,0.365280863218026,,
0.9846022241231822,0.36533883510553883,,
0.9846022241231822,0.3653968253968254,,
0.9846022241231822,0.3654548341006509,,
0.9841745081266039,0.36535408066052716,,
0.9841745081266039,0.36541210100047644,,
0.9841745081266039,0.36547013977128334,,
0.9841745081266039,0.36552819698173156,,
0.9841745081266039,0.3655862726406101,,
0.9841745081266039,0.3656443667567138,,
0.9841745081266039,0.365702479338843,,
0.9841745081266039,0.36576061039580354,,
0.9841745081266039,0.365818759936407,,
0.9841745081266039,0.3658769279694705,,
0.9841745081266039,0.36593511450381677,,
0.9841745081266039,0.36599331954827424,,
0.9841745081266039,0.36605154311167676,,
0.9841745081266039,0.36610978520286397,,
0.9841745081266039,0.3661680458306811,,
0.9841745081266039,0.366226325003979,,
0.9841745081266039,0.36628462273161416,,
0.9841745081266039,0.36634293902244863,,
0.9841745081266039,0.3664012738853503,,
0.9841745081266039,0.36645962732919257,,
0.9841745081266039,0.3665179993628544,,
0.9841745081266039,0.36657638999522063,,
0.9841745081266039,0.36663479923518166,,
0.9841745081266039,0.3666932270916335,,
0.9841745081266039,0.3667516735734778,,
0.9841745081266039,0.3668101386896222,,
0.9841745081266039,0.3668686224489796,,
0.9841745081266039,0.3669271248604688,,
0.9841745081266039,0.36698564593301436,,
0.9837467921300257,0.3668846706013718,,
0.9837467921300257,0.36694320357370774,,
0.9837467921300257,0.3670017552257859,,
0.9837467921300257,0.3670603255665496,,
0.9837467921300257,0.3671189146049481,,
0.9837467921300257,0.36717752234993617,,
0.9837467921300257,0.3672361488104742,,
0.9837467921300257,0.3672947939955286,,
0.9837467921300257,0.36735345791407126,,
0.9837467921300257,0.36741214057507987,,
0.9837467921300257,0.36747084198753793,,
0.9837467921300257,0.36752956216043464,,
0.9837467921300257,0.3675883011027649,,
0.9837467921300257,0.36764705882352944,,
0.9837467921300257,0.3677058353317346,,
0.9837467921300257,0.3677646306363927,,
0.9837467921300257,0.3678234447465217,,
0.9837467921300257,0.36788227767114523,,
0.9837467921300257,0.3679411294192929,,
0.9837467921300257,0.368,,
0.9837467921300257,0.3680588894223076,,
0.9837467921300257,0.3681177976952625,,
0.9837467921300257,0.3681767248279174,,
0.9837467921300257,0.3682356708293308,,
0.9837467921300257,0.36829463570856685,,
0.9837467921300257,0.3683536194746957,,
0.9837467921300257,0.3684126221367932,,
0.9837467921300257,0.36847164370394103,,
0.9837467921300257,0.3685306841852267,,
0.9837467921300257,0.3685897435897436,,
0.9837467921300257,0.3686488219265908,,
0.9837467921300257,0.36870791920487334,,
0.9837467921300257,0.3687670354337021,,
0.9837467921300257,0.3688261706221937,,
0.9837467921300257,0.3688853247794707,,
0.9837467921300257,0.36894449791466155,,
0.9837467921300257,0.36900369003690037,,
0.9837467921300257,0.36906290115532736,,
0.9837467921300257,0.36912213127908844,,
0.9837467921300257,0.36918138041733545,,
0.9837467921300257,0.3692406485792262,,
0.9837467921300257,0.3692999357739242,,
0.9837467921300257,0.369359242010599,,
0.9837467921300257,0.369418567298426,,
0.9837467921300257,0.36947791164658633,,
0.9837467921300257,0.36953727506426737,,
0.9837467921300257,0.36959665756066207,,
0.9837467921300257,0.36965605914496946,,
0.9837467921300257,0.36971547982639447,,
0.9837467921300257,0.36977491961414793,,
0.9837467921300257,0.36983437851744655,,
0.9837467921300257,0.36989385654551304,,
0.9837467921300257,0.369953353707576,,
0.9837467921300257,0.37001287001287003,,
0.9837467921300257,0.3700724054706356,,
0.9837467921300257,0.37013196009011906,,
0.9837467921300257,0.37019153388057296,,
0.9837467921300257,0.3702511268512556,,
0.9837467921300257,0.37031073901143136,,
0.9837467921300257,0.37037037037037035,,
0.9837467921300257,0.370430020937349,,
0.9837467921300257,0.3704896907216495,,
0.9837467921300257,0.37054937973256,,
0.9837467921300257,0.3706090879793748,,
0.9837467921300257,0.370668815471394,,
0.9837467921300257,0.37072856221792394,,
0.9837467921300257,0.3707883282282766,,
0.9837467921300257,0.3708481135117704,,
0.9837467921300257,0.3709079180777294,,
0.9837467921300257,0.3709677419354839,,
0.9837467921300257,0.37102758509437006,,
0.9837467921300257,0.37108744756373024,,
0.9837467921300257,0.3711473293529127,,
0.9837467921300257,0.3712072304712718,,
0.9837467921300257,0.37126715092816787,,
0.9837467921300257,0.3713270907329674,,
0.9837467921300257,0.3713870498950428,,
0.9837467921300257,0.3714470284237726,,
0.9837467921300257,0.37150702632854143,,
0.9837467921300257,0.3715670436187399,,
0.9837467921300257,0.37162708030376473,,
0.9837467921300257,0.37168713639301876,,
0.9837467921300257,0.37174721189591076,,
0.9837467921300257,0.3718073068218558,,
0.9837467921300257,0.3718674211802749,,
0.9837467921300257,0.3719275549805951,,
0.9837467921300257,0.3719877082322497,,
0.9837467921300257,0.3720478809446781,,
0.9837467921300257,0.3721080731273257,,
0.9837467921300257,0.37216828478964403,,
0.9837467921300257,0.3722285159410908,,
0.9837467921300257,0.3722887665911298,,
0.9837467921300257,0.37234903674923103,,
0.9837467921300257,0.37240932642487046,,
0.9837467921300257,0.3724696356275304,,
0.9833190761334474,0.3723679948169744,,
0.9833190761334474,0.37242831686376154,,
0.9833190761334474,0.37248865845755025,,
0.9833190761334474,0.37254901960784315,,
0.9833190761334474,0.37260940032414913,,
0.9833190761334474,0.37266980061598315,,
0.9833190761334474,0.3727302204928664,,
0.9833190761334474,0.37279065996432625,,
0.9833190761334474,0.3728511190398962,,
0.9833190761334474,0.372911597729116,,
0.9833190761334474,0.3729720960415315,,
0.9833190761334474,0.3730326139866948,,
0.9833190761334474,0.37309315157416423,,
0.9833190761334474,0.3731537088135043,,
0.9833190761334474,0.3732142857142857,,
0.9833190761334474,0.3733354985384865,,
0.9833190761334474,0.37339613448107845,,
0.9833190761334474,0.3734567901234568,,
0.9833190761334474,0.3735174654752234,,
0.9833190761334474,0.37357816054598636,,
0.9833190761334474,0.37363887534536,,
0.9833190761334474,0.3736996098829649,,
0.9833190761334474,0.3737603641684279,,
0.9833190761334474,0.37382113821138213,,
0.9833190761334474,0.3738819320214669,,
0.9833190761334474,0.3739427456083279,,
0.9833190761334474,0.37400357898161707,,
0.9833190761334474,0.3740644321509925,,
0.9833190761334474,0.3741253051261188,,
0.9833190761334474,0.3741861979166667,,
0.9833190761334474,0.3742471105323132,,
0.9833190761334474,0.3743080429827418,,
0.9833190761334474,0.37436899527764206,,
0.9833190761334474,0.3744299674267101,,
0.9833190761334474,0.37449095943964816,,
0.9833190761334474,0.37455197132616486,,
0.9833190761334474,0.3746130030959752,,
0.9833190761334474,0.3746740547588005,,
0.9833190761334474,0.3747351263243684,,
0.9833190761334474,0.3747962178024128,,
0.9833190761334474,0.37485732920267406,,
0.9833190761334474,0.3749184605348989,,
0.9833190761334474,0.3749796118088403,,
0.9833190761334474,0.37504078303425775,,
0.9833190761334474,0.37510197422091696,,
0.9833190761334474,0.37516318537859006,,
0.9833190761334474,0.3752244165170557,,
0.9833190761334474,0.3752856676460986,,
0.9833190761334474,0.37534693877551023,,
0.9833190761334474,0.37540822991508815,,
0.9833190761334474,0.3754695410746366,,
0.9833190761334474,0.37553087226396603,,
0.9833190761334474,0.37559222349289334,,
0.9833190761334474,0.3756535947712418,,
0.9833190761334474,0.3757149861088413,,
0.9833190761334474,0.37577639751552794,,
0.9833190761334474,0.3758378290011444,,
0.9833190761334474,0.37589928057553956,,
0.9833190761334474,0.3759607522485691,,
0.9833190761334474,0.3760222440300949,,
0.9833190761334474,0.3760837559299853,,
0.9833190761334474,0.3761452879581152,,
0.9833190761334474,0.3762068401243659,,
0.9833190761334474,0.3762684124386252,,
0.9833190761334474,0.3763300049107874,,
0.9833190761334474,0.3763916175507531,,
0.9833190761334474,0.3764532503684297,,
0.9833190761334474,0.3765149033737308,,
0.9833190761334474,0.37657657657657656,,
0.9833190761334474,0.3766382699868938,,
0.9833190761334474,0.37669998361461576,,
0.9833190761334474,0.37676171746968207,,
0.9833190761334474,0.376823471562039,,
0.9833190761334474,0.37688524590163935,,
0.9833190761334474,0.37694704049844235,,
0.9833190761334474,0.3770088553624139,,
0.9833190761334474,0.3770706905035263,,
0.9833190761334474,0.37713254593175854,,
0.9833190761334474,0.377194421657096,,
0.9833190761334474,0.37725631768953066,,
0.9833190761334474,0.37731823403906123,,
0.9833190761334474,0.3773801707156927,,
0.9833190761334474,0.37744212772943686,,
0.9833190761334474,0.377504105090312,,
0.9833190761334474,0.3775661028083429,,
0.9833190761334474,0.3776281208935611,,
0.9833190761334474,0.3776901593560046,,
0.9833190761334474,0.377752218205718,,
0.9833190761334474,0.3778142974527527,,
0.9833190761334474,0.37787639710716636,,
0.9833190761334474,0.3779385171790235,,
0.9833190761334474,0.37800065767839525,,
0.9828913601368692,0.37789837197829307,,
0.9828913601368692,0.37796052631578947,,
0.9828913601368692,0.37802270110215497,,
0.9828913601368692,0.3780848963474827,,
0.9824636441402909,0.3779825571828205,,
0.9824636441402909,0.3780447662936142,,
0.9824636441402909,0.37810699588477364,,
0.9824636441402909,0.3781692459664142,,
0.9824636441402909,0.378231516548658,,
0.9824636441402909,0.37829380764163373,,
0.9824636441402909,0.37835611925547685,,
0.9824636441402909,0.3784184514003295,,
0.9824636441402909,0.37848080408634044,,
0.9824636441402909,0.3785431773236651,,
0.9824636441402909,0.3786055711224658,,
0.9824636441402909,0.3786679854929113,,
0.9824636441402909,0.37873042044517724,,
0.9824636441402909,0.3787928759894459,,
0.9824636441402909,0.3788553521359063,,
0.9824636441402909,0.3789178488947542,,
0.9824636441402909,0.378980366276192,,
0.9824636441402909,0.37904290429042903,,
0.9824636441402909,0.37910546294768116,,
0.9824636441402909,0.379168042258171,,
0.9824636441402909,0.3792306422321281,,
0.9824636441402909,0.37929326287978865,,
0.9824636441402909,0.37935590421139553,,
0.9824636441402909,0.37941856623719855,,
0.9824636441402909,0.37948124896745417,,
0.9824636441402909,0.37954395241242567,,
0.9824636441402909,0.37960667658238306,,
0.9824636441402909,0.3796694214876033,,
0.9824636441402909,0.37973218713837,,
0.9824636441402909,0.37979497354497355,,
0.9820359281437125,0.379692409459236,,
0.9820359281437125,0.3797552100562355,,
0.9820359281437125,0.3798180314309347,,
0.9820359281437125,0.3798808735936466,,
0.9820359281437125,0.3799437365546914,,
0.9820359281437125,0.3800066203243959,,
0.9816082121471343,0.3799039894057275,,
0.9816082121471343,0.37996688741721857,,
0.9816082121471343,0.38002980625931443,,
0.9816082121471343,0.38009274594236503,,
0.9816082121471343,0.38015570647672686,,
0.9816082121471343,0.3802186878727634,,
0.9816082121471343,0.38028169014084506,,
0.9816082121471343,0.380344713291349,,
0.9816082121471343,0.38040775733465937,,
0.9816082121471343,0.38047082228116713,,
0.9816082121471343,0.3805339081412701,,
0.9816082121471343,0.3805970149253731,,
0.9816082121471343,0.38066014264388787,,
0.9816082121471343,0.3807232913072329,,
0.9816082121471343,0.38078646092583374,,
0.9816082121471343,0.3808496515101228,,
0.9816082121471343,0.3809128630705394,,
0.9816082121471343,0.3809760956175299,,
0.9816082121471343,0.3810393491615474,,
0.9816082121471343,0.38110262371305215,,
0.9816082121471343,0.3811659192825112,,
0.9816082121471343,0.3812292358803987,,
0.9816082121471343,0.38129257351719553,,
0.9816082121471343,0.3813559322033898,,
0.9816082121471343,0.3814193119494765,,
0.9816082121471343,0.38148271276595747,,
0.9816082121471343,0.38154613466334164,,
0.9816082121471343,0.381609577652145,,
0.9816082121471343,0.3816730417428904,,
0.9816082121471343,0.38173652694610777,,
0.9816082121471343,0.381800033272334,,
0.9816082121471343,0.38186356073211314,,
0.9816082121471343,0.381927109335996,,
0.9816082121471343,0.3819906790945406,,
0.9816082121471343,0.382054270018312,,
0.9816082121471343,0.3821178821178821,,
0.9816082121471343,0.38218151540383016,,
0.9816082121471343,0.3822451698867422,,
0.9816082121471343,0.3823088455772114,,
0.9816082121471343,0.3823725424858381,,
0.9816082121471343,0.38243626062322944,,
0.9816082121471343,0.3825,,
0.9816082121471343,0.3825637606267711,,
0.9816082121471343,0.3826275425141714,,
0.9816082121471343,0.3826913456728364,,
0.9816082121471343,0.3827551701134089,,
0.9816082121471343,0.38281901584653877,,
0.9816082121471343,0.38288288288288286,,
0.9816082121471343,0.3829467712331053,,
0.9816082121471343,0.38301068090787715,,
0.9816082121471343,0.38307461191787684,,
0.9816082121471343,0.3831385642737897,,
0.9816082121471343,0.3832025379863082,,
0.9816082121471343,0.3832665330661323,,
0.9816082121471343,0.3833305495239686,,
0.9816082121471343,0.3833945873705312,,
0.9816082121471343,0.38345864661654133,,
0.9816082121471343,0.3835227272727273,,
0.9816082121471343,0.3835868293498245,,
0.9816082121471343,0.3836509528585757,,
0.9816082121471343,0.3837150978097308,,
0.9816082121471343,0.38377926421404684,,
0.9816082121471343,0.383843452082288,,
0.9816082121471343,0.3839076614252258,,
0.9816082121471343,0.3839718922536389,,
0.9816082121471343,0.38403614457831325,,
0.9816082121471343,0.38410041841004183,,
0.9816082121471343,0.384164713759625,,
0.9816082121471343,0.3842290306378704,,
0.9816082121471343,0.38429336905559275,,
0.9816082121471343,0.38435772902361415,,
0.9816082121471343,0.3844221105527638,,
0.981180496150556,0.38431898140392023,,
0.981180496150556,0.3843833780160858,,
0.981180496150556,0.3844477962125021,,
0.981180496150556,0.3845122360040228,,
0.981180496150556,0.3845766974015088,,
0.981180496150556,0.3846411804158283,,
0.981180496150556,0.3847056850578568,,
0.981180496150556,0.384770211338477,,
0.981180496150556,0.3848347592685791,,
0.981180496150556,0.3848993288590604,,
0.981180496150556,0.38496392012082564,,
0.981180496150556,0.38502853306478685,,
0.981180496150556,0.38509316770186336,,
0.981180496150556,0.3851578240429819,,
0.981180496150556,0.3852225020990764,,
0.981180496150556,0.38528720188108834,,
0.981180496150556,0.3853519233999664,,
0.981180496150556,0.3854166666666667,,
0.981180496150556,0.3854814316921526,,
0.981180496150556,0.38554621848739495,,
0.981180496150556,0.38561102706337197,,
0.981180496150556,0.38567585743106925,,
0.981180496150556,0.3857407096014797,,
0.981180496150556,0.38580558358560374,,
0.981180496150556,0.38587047939444913,,
0.981180496150556,0.38593539703903096,,
0.981180496150556,0.38600033653037186,,
0.981180496150556,0.38606529787950183,,
0.981180496150556,0.38613028109745834,,
0.981180496150556,0.3861952861952862,,
0.9807527801539777,0.3860919346691362,,
0.9807527801539777,0.3861569552037723,,
0.9807527801539777,0.3862219976419067,,
0.9807527801539777,0.38628706199460916,,
0.9807527801539777,0.38635214827295705,,
0.9807527801539777,0.38641725648803504,,
0.9807527801539777,0.38648238665093543,,
0.9807527801539777,0.38654753877275794,,
0.9807527801539777,0.3866127128646097,,
0.9807527801539777,0.3866779089376054,,
0.9807527801539777,0.3867431270028673,,
0.9807527801539777,0.38680836707152494,,
0.9807527801539777,0.3868736291547157,,
0.9807527801539777,0.3869389132635842,,
0.9807527801539777,0.3870042194092827,,
0.9807527801539777,0.38706954760297096,,
0.9807527801539777,0.3871348978558163,,
0.9807527801539777,0.3872002701789936,,
0.9807527801539777,0.38726566458368517,,
0.9807527801539777,0.3873310810810811,,
0.9807527801539777,0.38739651968237876,,
0.9807527801539777,0.3874619803987834,,
0.9807527801539777,0.3875274632415075,,
0.9807527801539777,0.38759296822177147,,
0.9807527801539777,0.38765849535080305,,
0.9807527801539777,0.3877240446398377,,
0.9807527801539777,0.38778961610011836,,
0.9807527801539777,0.3878552097428958,,
0.9807527801539777,0.3879208255794282,,
0.9807527801539777,0.3879864636209814,,
0.9807527801539777,0.3880521238788289,,
0.9807527801539777,0.38811780636425186,,
0.9807527801539777,0.38818351108853905,,
0.9807527801539777,0.3882492380629868,,
0.9807527801539777,0.38831498729889924,,
0.9807527801539777,0.3883807588075881,,
0.9807527801539777,0.3884465526003727,,
0.9807527801539777,0.38851236868858013,,
0.9803250641573995,0.3884087442806304,,
0.9803250641573995,0.3884745762711864,,
0.9798973481608212,0.3883709103237837,,
0.9798973481608212,0.3884367582231265,,
0.9798973481608212,0.38850262845514666,,
0.9798973481608212,0.3885685210312076,,
0.9798973481608212,0.3886344359626802,,
0.9798973481608212,0.3887003732609433,,
0.9798973481608212,0.38876633293738333,,
0.9798973481608212,0.38883231500339444,,
0.9798973481608212,0.38889831947037856,,
0.9798973481608212,0.3889643463497453,,
0.9798973481608212,0.3890303956529122,,
0.9798973481608212,0.3890964673913043,,
0.9798973481608212,0.3891625615763547,,
0.9798973481608212,0.3892286782195039,,
0.9798973481608212,0.3892948173322005,,
0.9798973481608212,0.38936097892590077,,
0.9798973481608212,0.3894271630120687,,
0.9798973481608212,0.3894933696021761,,
0.9798973481608212,0.3895595987077028,,
0.9798973481608212,0.3896258503401361,,
0.9798973481608212,0.38969212451097124,,
0.9798973481608212,0.38975842123171145,,
0.9798973481608212,0.3898247405138676,,
0.9798973481608212,0.3898910823689585,,
0.9798973481608212,0.38995744680851063,,
0.9798973481608212,0.3900238338440586,,
0.979469632164243,0.3899199727566831,,
0.979469632164243,0.38998637602179836,,
0.979469632164243,0.3900528019076818,,
0.979469632164243,0.3901192504258944,,
0.979469632164243,0.3901857215880048,,
0.979469632164243,0.39025221540558963,,
0.979469632164243,0.39031873189023353,,
0.979469632164243,0.3903852710535288,,
0.979469632164243,0.39045183290707586,,
0.979469632164243,0.39051841746248295,,
0.979469632164243,0.3905850247313662,,
0.979469632164243,0.3906516547253497,,
0.979469632164243,0.3907183074560655,,
0.979469632164243,0.39078498293515357,,
0.979469632164243,0.39085168117426183,,
0.979469632164243,0.3909184021850461,,
0.979469632164243,0.3909851459791702,,
0.979469632164243,0.391051912568306,,
0.979469632164243,0.39111870196413323,,
0.979469632164243,0.3911855141783396,,
0.979469632164243,0.39125234922262087,,
0.979469632164243,0.3913192071086808,,
0.979469632164243,0.3913860878482311,,
0.979469632164243,0.39145299145299145,,
0.979469632164243,0.3915199179346897,,
0.979469632164243,0.39158686730506154,,
0.979469632164243,0.39165383957585087,,
0.979469632164243,0.3917208347588094,,
0.979469632164243,0.3917878528656972,,
0.979469632164243,0.391854893908282,,
0.979469632164243,0.3919219578983399,,
0.979469632164243,0.3919890448476549,,
0.979469632164243,0.3920561547680192,,
0.979469632164243,0.3921232876712329,,
0.979469632164243,0.3921904435691043,,
0.979469632164243,0.3923248243960939,,
0.979469632164243,0.39239204934886907,,
0.979469632164243,0.3924592973436161,,
0.979469632164243,0.39252656839218375,,
0.979469632164243,0.3925938625064289,,
0.979469632164243,0.39266117969821673,,
0.9790419161676647,0.39255702280912363,,
0.9790419161676647,0.39262435677530017,,
0.9790419161676647,0.39269171384457024,,
0.9790419161676647,0.39275909402882636,,
0.9790419161676647,0.3928264973399691,,
0.9790419161676647,0.3928939237899073,,
0.9790419161676647,0.3929613733905579,,
0.9790419161676647,0.39302884615384615,,
0.9790419161676647,0.3930963420917053,,
0.9790419161676647,0.39316386121607694,,
0.9790419161676647,0.39323140353891084,,
0.9786142001710864,0.393127147766323,,
0.9786142001710864,0.3931947069943289,,
0.9781864841745082,0.3930904090752836,,
0.9781864841745082,0.39315798521574696,,
0.9781864841745082,0.39322558459422285,,
0.9781864841745082,0.3932932072226999,,
0.9781864841745082,0.3933608531131751,,
0.9781864841745082,0.3934285222776535,,
0.9781864841745082,0.39349621472814866,,
0.9781864841745082,0.39356393047668214,,
0.9781864841745082,0.393631669535284,,
0.9781864841745082,0.39369943191599244,,
0.9781864841745082,0.393767217630854,,
0.9781864841745082,0.39383502669192355,,
0.9781864841745082,0.3939028591112642,,
0.9781864841745082,0.3939707149009475,,
0.9781864841745082,0.3940385940730531,,
0.9781864841745082,0.3941064966396691,,
0.9781864841745082,0.3941744226128921,,
0.9781864841745082,0.39424237200482676,,
0.9781864841745082,0.3943103448275862,,
0.9781864841745082,0.39437834109329195,,
0.9781864841745082,0.3944463608140738,,
0.9781864841745082,0.39451440400207005,,
0.9781864841745082,0.3945824706694272,,
0.9781864841745082,0.39465056082830025,,
0.9781864841745082,0.39471867449085263,,
0.9781864841745082,0.394786811669256,,
0.9781864841745082,0.3948549723756906,,
0.9781864841745082,0.394923156622345,,
0.9781864841745082,0.39499136442141625,,
0.9781864841745082,0.3950595957851097,,
0.9781864841745082,0.3951278507256393,,
0.9781864841745082,0.39519612925522724,,
0.9781864841745082,0.3952644313861044,,
0.9781864841745082,0.3953327571305099,,
0.9781864841745082,0.39540110650069155,,
0.9781864841745082,0.39546947950890543,,
0.9777587681779298,0.39536492563126946,,
0.9777587681779298,0.39543331603528803,,
0.9777587681779298,0.39550173010380624,,
0.9777587681779298,0.39557016784910887,,
0.9777587681779298,0.3956386292834891,,
0.9777587681779298,0.3957071144192487,,
0.9777587681779298,0.3957756232686981,,
0.9777587681779298,0.39584415584415583,,
0.9777587681779298,0.39591271215794943,,
0.9777587681779298,0.3959812922224147,,
0.9777587681779298,0.39604989604989604,,
0.9777587681779298,0.39611852365274647,,
0.9777587681779298,0.39618717504332757,,
0.9777587681779298,0.3962558502340094,,
0.9777587681779298,0.3963245492371706,,
0.9777587681779298,0.39639327206519853,,
0.9777587681779298,0.3964620187304891,,
0.9777587681779298,0.39653078924544666,,
0.9777587681779298,0.3965995836224844,,
0.9777587681779298,0.39666840187402397,,
0.9777587681779298,0.39673724401249566,,
0.9777587681779298,0.3968061100503385,,
0.9777587681779298,0.396875,,
0.9777587681779298,0.39694391387393646,,
0.9773310521813516,0.3968391802709274,,
0.9773310521813516,0.39690811186381797,,
0.9773310521813516,0.39697706740792216,,
0.9773310521813516,0.3970460469157255,,
0.9773310521813516,0.39711505039972195,,
0.9773310521813516,0.3971840778724144,,
0.9773310521813516,0.39725312934631435,,
0.9773310521813516,0.3973222048339419,,
0.9773310521813516,0.3973913043478261,,
0.9773310521813516,0.39746042790050445,,
0.9773310521813516,0.39752957550452334,,
0.9773310521813516,0.3975987471724378,,
0.9773310521813516,0.3976679429168117,,
0.9773310521813516,0.3977371627502176,,
0.9773310521813516,0.39780640668523676,,
0.9769033361847733,0.3977015497126937,,
0.9769033361847733,0.397770811563915,,
0.9769033361847733,0.39784009754398186,,
0.9769033361847733,0.3979094076655052,,
0.9769033361847733,0.3979787419411047,,
0.9769033361847733,0.3980481003834089,,
0.9769033361847733,0.3981174830050549,,
0.9769033361847733,0.398186889818689,,
0.9769033361847733,0.398256320836966,,
0.9769033361847733,0.3983257760725497,,
0.9769033361847733,0.39839525553811267,,
0.9769033361847733,0.39846475924633634,,
0.9769033361847733,0.398534287209911,,
0.9769033361847733,0.39860383944153577,,
0.976475620188195,0.39849886542153956,,
0.976475620188195,0.39856843575418993,,
0.976475620188195,0.39863803038239914,,
0.976475620188195,0.39870764931889624,,
0.976475620188195,0.3987772925764192,,
0.976475620188195,0.39884696016771487,,
0.976475620188195,0.39891665210553906,,
0.976475620188195,0.3989863684026564,,
0.976475620188195,0.3990561090718406,,
0.976475620188195,0.39912587412587414,,
0.976475620188195,0.39919566357754854,,
0.976475620188195,0.39926547743966423,,
0.976475620188195,0.3993353157250306,,
0.976475620188195,0.39940517844646606,,
0.976475620188195,0.3994750656167979,,
0.976475620188195,0.39954497724886245,,
0.976475620188195,0.399614913355505,,
0.976475620188195,0.39968487394957986,,
0.976475620188195,0.39975485904395025,,
0.976475620188195,0.39982486865148864,,
0.976475620188195,0.3998949027850762,,
0.976475620188195,0.39996496145760335,,
0.976475620188195,0.4000350446819695,,
0.976475620188195,0.4001051524710831,,
0.976475620188195,0.4001752848378615,,
0.976475620188195,0.4002454417952314,,
0.976475620188195,0.40031562335612836,,
0.976475620188195,0.400385829533497,,
0.976475620188195,0.4004560603402912,,
0.976475620188195,0.4005263157894737,,
0.976475620188195,0.40059659589401647,,
0.976475620188195,0.4006669006669007,,
0.976475620188195,0.4007372301211164,,
0.976475620188195,0.4008075842696629,,
0.976475620188195,0.40087796312554874,,
0.976475620188195,0.40094836670179135,,
0.976475620188195,0.4010187950114175,,
0.976475620188195,0.4010892480674631,,
0.976475620188195,0.4011597258829731,,
0.9760479041916168,0.4010544815465729,,
0.9760479041916168,0.4011249780277729,,
0.9760479041916168,0.4011954992967651,,
0.9760479041916168,0.40126604536662563,,
0.9760479041916168,0.4013366162504397,,
0.9760479041916168,0.4014072119613017,,
0.9760479041916168,0.4014778325123153,,
0.9760479041916168,0.40154847791659337,,
0.9760479041916168,0.401619148187258,,
0.9756201881950385,0.4015138179897905,,
0.9756201881950385,0.4015845070422535,,
0.9756201881950385,0.4016552209896109,,
0.9756201881950385,0.40172595984501586,,
0.9756201881950385,0.40179672362163116,,
0.9756201881950385,0.40186751233262863,,
0.9756201881950385,0.40193832599118945,,
0.9756201881950385,0.40200916461050407,,
0.9756201881950385,0.40208002820377226,,
0.9756201881950385,0.4021509167842031,,
0.9756201881950385,0.40222183036501497,,
0.9756201881950385,0.4022927689594356,,
0.9756201881950385,0.40236373258070207,,
0.9756201881950385,0.4024347212420607,,
0.9756201881950385,0.4025057349567672,,
0.9756201881950385,0.4025767737380868,,
0.9756201881950385,0.4026478375992939,,
0.9756201881950385,0.4027189265536723,,
0.9756201881950385,0.4027900406145153,,
0.9756201881950385,0.4028611797951254,,
0.9756201881950385,0.4029323441088147,,
0.9756201881950385,0.4030035335689046,,
0.9756201881950385,0.4030747481887259,,
0.9751924721984602,0.4029692470837752,,
0.9751924721984602,0.40304048082022276,,
0.9751924721984602,0.4031117397454031,,
0.9751924721984602,0.40318302387267907,,
0.974764756201882,0.4030774672798019,,
0.974764756201882,0.40314877056430215,,
0.974764756201882,0.4032200990799717,,
0.974764756201882,0.4032914528402053,,
0.974764756201882,0.4033628318584071,,
0.974764756201882,0.4034342361479908,,
0.974764756201882,0.4035056657223796,,
0.974764756201882,0.4035771205950062,,
0.974764756201882,0.4036486007793128,,
0.974764756201882,0.4037201062887511,,
0.974764756201882,0.4037916371367824,,
0.974764756201882,0.40386319333687754,,
0.974764756201882,0.40393477490251684,,
0.974764756201882,0.40400638184719023,,
0.9743370402053037,0.40390070921985816,,
0.9743370402053037,0.40397233552048234,,
0.9743370402053037,0.404043987229514,,
0.9743370402053037,0.4041156643604754,,
0.9743370402053037,0.4041873669268985,,
0.9743370402053037,0.40425909494232476,,
0.9743370402053037,0.4043308484203053,,
0.9743370402053037,0.40440262737440086,,
0.9743370402053037,0.4044744318181818,,
0.9743370402053037,0.4045462617652282,,
0.9743370402053037,0.40461811722912966,,
0.9743370402053037,0.4046899982234855,,
0.9743370402053037,0.40476190476190477,,
0.9743370402053037,0.40483383685800606,,
0.9739093242087254,0.4047280483469605,,
0.9739093242087254,0.4048,,
0.9739093242087254,0.4048719772403983,,
0.9739093242087254,0.4049439800818069,,
0.9739093242087254,0.4050160085378869,,
0.9739093242087254,0.4050880626223092,,
0.9739093242087254,0.40516014234875447,,
0.9739093242087254,0.405232247730913,,
0.9739093242087254,0.4053043787824849,,
0.9739093242087254,0.40537653551718,,
0.9739093242087254,0.40544871794871795,,
0.9739093242087254,0.4055209260908281,,
0.9739093242087254,0.40559315995724976,,
0.9739093242087254,0.4056654195617317,,
0.9734816082121471,0.40555951532430506,,
0.9734816082121471,0.40563179468900373,,
0.9734816082121471,0.4057040998217469,,
0.9734816082121471,0.40577643073631664,,
0.9734816082121471,0.405848787446505,,
0.9734816082121471,0.40592116996611377,,
0.9734816082121471,0.4059935783089547,,
0.9734816082121471,0.4060660124888492,,
0.9734816082121471,0.4061384725196288,,
0.9734816082121471,0.40621095841513477,,
0.9734816082121471,0.4062834701892181,,
0.9734816082121471,0.40635600785574005,,
0.9734816082121471,0.4064285714285714,,
0.9734816082121471,0.40650116092159316,,
0.9734816082121471,0.40657377634869596,,
0.9734816082121471,0.4066464177237806,,
0.9734816082121471,0.40671908506075766,,
0.9734816082121471,0.4067917783735478,,
0.9734816082121471,0.4068644976760815,,
0.9734816082121471,0.40693724298229933,,
0.9734816082121471,0.40701001430615164,,
0.9734816082121471,0.407082811661599,,
0.9734816082121471,0.4071556350626118,,
0.9734816082121471,0.4072284845231705,,
0.9734816082121471,0.4073013600572656,,
0.9734816082121471,0.40737426167889745,,
0.9734816082121471,0.40744718940207664,,
0.9734816082121471,0.40752014324082364,,
0.9734816082121471,0.4075931232091691,,
0.9734816082121471,0.4076661293211535,,
0.9734816082121471,0.4077391615908277,,
0.9734816082121471,0.40781222003225226,,
0.9734816082121471,0.4078853046594982,,
0.9734816082121471,0.40795841548664635,,
0.9734816082121471,0.4080315525277877,,
0.9730538922155688,0.40792540792540793,,
0.9730538922155688,0.40799856527977046,,
0.9730538922155688,0.4080717488789238,,
0.9730538922155688,0.4081449587369932,,
0.9730538922155688,0.4082181948681141,,
0.9730538922155688,0.4082914572864322,,
0.9730538922155688,0.408364746006103,,
0.9730538922155688,0.40843806104129265,,
0.9730538922155688,0.40851140240617706,,
0.9730538922155688,0.40858477011494254,,
0.9730538922155688,0.4086581641817855,,
0.9730538922155688,0.4087315846209127,,
0.9730538922155688,0.4088050314465409,,
0.9730538922155688,0.4088785046728972,,
0.9730538922155688,0.40895200431421896,,
0.9730538922155688,0.4090255303847537,,
0.9726261762189906,0.4089192591260565,,
0.9726261762189906,0.4089928057553957,,
0.9726261762189906,0.40906637884511604,,
0.9726261762189906,0.40913997840949984,,
0.9726261762189906,0.40921360446283966,,
0.9726261762189906,0.40928725701943847,,
0.9726261762189906,0.40936093609360935,,
0.9726261762189906,0.4094346416996759,,
0.9721984602224123,0.40932829101386636,,
0.9721984602224123,0.4094020172910663,,
0.9721984602224123,0.4094757701315078,,
0.9721984602224123,0.40954954954954953,,
0.9721984602224123,0.40962335555956025,,
0.9721984602224123,0.40969718817591927,,
0.9717707442258341,0.4095907697854696,,
0.9717707442258341,0.4096646231518211,,
0.9717707442258341,0.4097385031559964,,
0.9717707442258341,0.4098124098124098,,
0.9717707442258341,0.4098863431354862,,
0.9717707442258341,0.40996030313966075,,
0.9717707442258341,0.4100342898393792,,
0.9717707442258341,0.41010830324909747,,
0.9717707442258341,0.4101823433832822,,
0.9717707442258341,0.41025641025641024,,
0.9717707442258341,0.4103305038829691,,
0.9717707442258341,0.41040462427745666,,
0.9717707442258341,0.4104787714543812,,
0.9717707442258341,0.41055294542826165,,
0.9717707442258341,0.41062714621362734,,
0.9717707442258341,0.4107013738250181,,
0.9717707442258341,0.4107756282769843,,
0.9717707442258341,0.4108499095840868,,
0.9717707442258341,0.4109242177608971,,
0.9717707442258341,0.4109985528219971,,
0.9717707442258341,0.4110729147819794,,
0.9717707442258341,0.411147303655447,,
0.9717707442258341,0.4112217194570136,,
0.9717707442258341,0.4112961622013034,,
0.9717707442258341,0.4113706319029513,,
0.9713430282292558,0.4112640347700109,,
0.9713430282292558,0.411338525629415,,
0.9713430282292558,0.41141304347826085,,
0.9713430282292558,0.4114875883312194,,
0.9713430282292558,0.4115621602029721,,
0.9713430282292558,0.41163675910821096,,
0.9713430282292558,0.41171138506163885,,
0.9709153122326775,0.41160471441523117,,
0.9709153122326775,0.41167936162495467,,
0.9709153122326775,0.41175403591510973,,
0.9709153122326775,0.4118287373004354,,
0.9709153122326775,0.4119034657956814,,
0.9709153122326775,0.41197822141560797,,
0.9709153122326775,0.41205300417498636,,
0.9709153122326775,0.4121278140885984,,
0.9704875962360993,0.4120210641002361,,
0.9704875962360993,0.4120958953868507,,
0.9704875962360993,0.41217075386012714,,
0.9700598802395209,0.4120639534883721,,
0.9700598802395209,0.41213883336361984,,
0.9700598802395209,0.4122137404580153,,
0.9700598802395209,0.41228867478640246,,
0.9700598802395209,0.4123636363636364,,
0.9700598802395209,0.41243862520458263,,
0.9700598802395209,0.4125136413241179,,
0.9700598802395209,0.41258868473712934,,
0.9700598802395209,0.4126637554585153,,
0.9700598802395209,0.41273885350318473,,
0.9700598802395209,0.41281397888605753,,
0.9700598802395209,0.4128891316220644,,
0.9700598802395209,0.4129643117261471,,
0.9700598802395209,0.41303951921325804,,
0.9700598802395209,0.4131147540983607,,
0.9700598802395209,0.4131900163964292,,
0.9700598802395209,0.413265306122449,,
0.9696321642429427,0.41315837433934754,,
0.9696321642429427,0.4132336857455341,,
0.9696321642429427,0.4133090246125798,,
0.9696321642429427,0.41338439095550694,,
0.9696321642429427,0.4134597847893489,,
0.9696321642429427,0.41353520612914996,,
0.9696321642429427,0.41361065498996535,,
0.9696321642429427,0.41368613138686133,,
0.9696321642429427,0.4137616353349151,,
0.9696321642429427,0.41383716684921507,,
0.9696321642429427,0.41391272594486034,,
0.9696321642429427,0.4139883126369613,,
0.9696321642429427,0.41406392694063926,,
0.9696321642429427,0.41413956887102665,,
0.9696321642429427,0.41421523844326696,,
0.9696321642429427,0.4142909356725146,,
0.9696321642429427,0.4143666605739353,,
0.9696321642429427,0.4144424131627057,,
0.9696321642429427,0.41451819345401353,,
0.9696321642429427,0.4145940014630578,,
0.9696321642429427,0.41466983720504846,,
0.9696321642429427,0.4147457006952067,,
0.9696321642429427,0.4148215919487649,,
0.9696321642429427,0.41489751098096633,,
0.9692044482463644,0.41479040820062235,,
0.9692044482463644,0.4148663493225925,,
0.9687767322497861,0.4147592016114265,,
0.9687767322497861,0.41483516483516486,,
0.9687767322497861,0.414911155889357,,
0.9687767322497861,0.4149871747893001,,
0.9687767322497861,0.41506322155030234,,
0.9687767322497861,0.4151392961876833,,
0.9687767322497861,0.4152153987167736,,
0.9687767322497861,0.4152915291529153,,
0.9687767322497861,0.4153676875114616,,
0.9687767322497861,0.415443873807777,,
0.9687767322497861,0.4155200880572372,,
0.9687767322497861,0.41559633027522935,,
0.9687767322497861,0.41567260047715177,,
0.9687767322497861,0.4157488986784141,,
0.9687767322497861,0.4158252248944373,,
0.9687767322497861,0.4159015791406537,,
0.9687767322497861,0.41597796143250687,,
0.9687767322497861,0.41605437178545185,,
0.9687767322497861,0.41613081021495496,,
0.9687767322497861,0.41620727673649394,,
0.9683490162532079,0.41609998162102557,,
0.9683490162532079,0.4161764705882353,,
0.9683490162532079,0.4162529876815591,,
0.9683490162532079,0.4163295329165134,,
0.9683490162532079,0.41640610630862607,,
0.9683490162532079,0.41648270787343633,,
0.9683490162532079,0.41655933762649494,,
0.9683490162532079,0.416635995583364,,
0.9683490162532079,0.4167126817596172,,
0.9683490162532079,0.4167893961708395,,
0.9683490162532079,0.4168661388326275,,
0.9683490162532079,0.41694290976058934,,
0.9683490162532079,0.41701970897034446,,
0.9683490162532079,0.4170965364775239,,
0.9683490162532079,0.4171733922977704,,
0.9683490162532079,0.41725027644673796,,
0.9683490162532079,0.4173271889400922,,
0.9683490162532079,0.4174041297935103,,
0.9679213002566296,0.4172966992439609,,
0.9679213002566296,0.417373662855035,,
0.9679213002566296,0.4174506548607268,,
0.9674935842600513,0.4173431734317343,,
0.9674935842600513,0.4174201882266101,,
0.9670658682634731,0.417312661498708,,
0.9670658682634731,0.41738969909544027,,
0.9670658682634731,0.41746676514032494,,
0.9670658682634731,0.41754385964912283,,
0.9670658682634731,0.4176209826376062,,
0.9670658682634731,0.4176981341215592,,
0.9670658682634731,0.41777531411677754,,
0.9670658682634731,0.4178525226390686,,
0.9670658682634731,0.4179297597042514,,
0.9670658682634731,0.41800702532815676,,
0.9666381522668948,0.41789940828402367,,
0.9666381522668948,0.41797669687442207,,
0.9666381522668948,0.41805401405845355,,
0.9666381522668948,0.4181313598519889,,
0.9666381522668948,0.41820873427091043,,
0.9666381522668948,0.41828613733111236,,
0.9666381522668948,0.4183635690485005,,
0.9666381522668948,0.4184410294389928,,
0.9666381522668948,0.4185185185185185,,
0.9666381522668948,0.41859603630301906,,
0.9666381522668948,0.4186735828084476,,
0.9666381522668948,0.41875115805076896,,
0.9666381522668948,0.41882876204596,,
0.9666381522668948,0.41890639481000924,,
0.9666381522668948,0.41898405635891733,,
0.9666381522668948,0.41906174670869645,,
0.9666381522668948,0.41913946587537093,,
0.9666381522668948,0.4192172138749768,,
0.9666381522668948,0.41929499072356213,,
0.9666381522668948,0.41937279643718683,,
0.9666381522668948,0.4194506310319228,,
0.9666381522668948,0.4195284945238537,,
0.9666381522668948,0.41960638692907537,,
0.9666381522668948,0.41968430826369546,,
0.9662104362703166,0.4195765230312036,,
0.9662104362703166,0.4196544677689021,,
0.9662104362703166,0.4197324414715719,,
0.9662104362703166,0.41981044415536145,,
0.9657827202737382,0.4197026022304833,,
0.9657827202737382,0.4197806283695854,,
0.9657827202737382,0.4198586835254742,,
0.9657827202737382,0.41993676771433885,,
0.9657827202737382,0.42001488095238093,,
0.9657827202737382,0.42009302325581394,,
0.9657827202737382,0.42017119464086344,,
0.9657827202737382,0.42024939512376697,,
0.9657827202737382,0.4203276247207744,,
0.9657827202737382,0.42040588344814744,,
0.9657827202737382,0.42048417132216015,,
0.9657827202737382,0.42056248835909854,,
0.9657827202737382,0.4206408345752608,,
0.9657827202737382,0.42071920998695733,,
0.9657827202737382,0.42079761461051063,,
0.9653550042771599,0.4206896551724138,,
0.9653550042771599,0.42076808351976136,,
0.9653550042771599,0.42084654111504755,,
0.9653550042771599,0.4209250279746363,,
0.9653550042771599,0.4210035441149039,,
0.9653550042771599,0.4210820895522388,,
0.9653550042771599,0.4211606643030416,,
0.9653550042771599,0.4212392683837253,,
0.9653550042771599,0.42131790181071493,,
0.9649272882805817,0.421209858103062,,
0.9644995722840034,0.4211017740429505,,
0.9644995722840034,0.4211804258498319,,
0.9644995722840034,0.42125910704277975,,
0.9644995722840034,0.42133781763826605,,
0.9644995722840034,0.4214165576527752,,
0.9644995722840034,0.42149532710280374,,
0.9644995722840034,0.4215741260048607,,
0.9644995722840034,0.42165295437546746,,
0.9644995722840034,0.42173181223115763,,
0.9644995722840034,0.4218106995884774,,
0.9644995722840034,0.42188961646398504,,
0.9644995722840034,0.4219685628742515,,
0.9644995722840034,0.42204753883586,,
0.9644995722840034,0.4221265443654062,,
0.9644995722840034,0.4222055794794982,,
0.9644995722840034,0.42228464419475653,,
0.9644995722840034,0.42236373852781417,,
0.9644995722840034,0.4224428624953166,,
0.9640718562874252,0.4223346449316095,,
0.9640718562874252,0.4224137931034483,,
0.9640718562874252,0.42249297094657917,,
0.9640718562874252,0.4225721784776903,,
0.9640718562874252,0.4226514157134821,,
0.9640718562874252,0.42273068267066766,,
0.9640718562874252,0.4228099793659726,,
0.9640718562874252,0.4228893058161351,,
0.9640718562874252,0.4229686620379058,,
0.9640718562874252,0.4230480480480481,,
0.9640718562874252,0.4231274638633377,,
0.9640718562874252,0.4232069095005633,,
0.9640718562874252,0.4232863849765258,,
0.9640718562874252,0.42336589030803906,,
0.9640718562874252,0.4234454255119294,,
0.9640718562874252,0.4235249906050357,,
0.9640718562874252,0.4236045856042097,,
0.9640718562874252,0.4236842105263158,,
0.9640718562874252,0.42376386538823085,,
0.9640718562874252,0.42384355020684467,,
0.9640718562874252,0.42392326499905963,,
0.9640718562874252,0.42400300978179084,,
0.9640718562874252,0.42408278457196613,,
0.9640718562874252,0.4241625893865262,,
0.9636441402908469,0.42405420666290233,,
0.9636441402908469,0.4241340361445783,,
0.9636441402908469,0.4242138956881943,,
0.9636441402908469,0.4242937853107345,,
0.9636441402908469,0.4243737050291957,,
0.9636441402908469,0.4244536548605878,,
0.9636441402908469,0.4245336348219333,,
0.9632164242942686,0.4244251790425933,,
0.9632164242942686,0.4245051837888784,,
0.9632164242942686,0.42458521870286575,,
0.9632164242942686,0.4246652838016217,,
0.9632164242942686,0.4247453791022256,,
0.9632164242942686,0.4248255046217695,,
0.9632164242942686,0.4249056603773585,,
0.9632164242942686,0.4249858463861106,,
0.9632164242942686,0.4250660626651567,,
0.9627887082976904,0.4249575231262979,,
0.962360992301112,0.4248489425981873,,
0.962360992301112,0.42492917847025496,,
0.962360992301112,0.42500944465432566,,
0.962360992301112,0.4250897411675798,,
0.962360992301112,0.42517006802721086,,
0.9619332763045337,0.4250614250614251,,
0.9619332763045337,0.4251417769376181,,
0.9619332763045337,0.42522215919833617,,
0.9619332763045337,0.42530257186081694,,
0.9619332763045337,0.42538301494231134,,
0.9619332763045337,0.42546348846008325,,
0.9619332763045337,0.42554399243140967,,
0.9619332763045337,0.4256245268735806,,
0.9619332763045337,0.4257050918038993,,
0.9619332763045337,0.42578568723968196,,
0.9619332763045337,0.4258663131982579,,
0.9619332763045337,0.4259469696969697,,
0.9619332763045337,0.42602765675317295,,
0.9619332763045337,0.42610837438423643,,
0.9619332763045337,0.42618912260754216,,
0.9619332763045337,0.4262699014404852,,
0.9619332763045337,0.42635071090047394,,
0.9619332763045337,0.42643155100492985,,
0.9619332763045337,0.4265124217712877,,
0.9619332763045337,0.42659332321699545,,
0.9619332763045337,0.4266742553595143,,
0.9619332763045337,0.4267552182163188,,
0.9619332763045337,0.42683621180489656,,
0.9615055603079555,0.4267274107820805,,
0.9615055603079555,0.42680842984621226,,
0.9615055603079555,0.4268894796809723,,
0.9615055603079555,0.42697056030389363,,
0.9615055603079555,0.4270516717325228,,
0.9615055603079555,0.42713281398441955,,
0.9615055603079555,0.42721398707715696,,
0.9615055603079555,0.4272951910283216,,
0.9615055603079555,0.42737642585551333,,
0.9610778443113772,0.4272675413576726,,
0.9610778443113772,0.42734880182578927,,
0.9610778443113772,0.4274300932090546,,
0.9610778443113772,0.4275114155251142,,
0.9610778443113772,0.427592768791627,,
0.9610778443113772,0.4276741530262657,,
0.960650128314799,0.4275652008376166,,
0.9602224123182207,0.4274562071591775,,
0.9602224123182207,0.4275376118834508,,
0.9602224123182207,0.4276190476190476,,
0.9602224123182207,0.4277005143836921,,
0.9602224123182207,0.42778201219512196,,
0.9602224123182207,0.42786354107108826,,
0.9602224123182207,0.4279451010293557,,
0.9602224123182207,0.42802669208770255,,
0.9602224123182207,0.42810831426392065,,
0.9602224123182207,0.4281899675758154,,
0.9602224123182207,0.42827165204120565,,
0.9602224123182207,0.42835336767792404,,
0.9602224123182207,0.42843511450381677,,
0.9602224123182207,0.42851689253674363,,
0.9597946963216424,0.4284077892325315,,
0.9597946963216424,0.4284895932785946,,
0.9593669803250642,0.42838044308632545,,
0.9593669803250642,0.42846227316141355,,
0.9593669803250642,0.4285441345051586,,
0.9593669803250642,0.4286260271354863,,
0.9593669803250642,0.4287079510703364,,
0.9593669803250642,0.428789906327662,,
0.9589392643284859,0.42868068833652007,,
0.9589392643284859,0.42876266972652516,,
0.9585115483319077,0.42865340474368785,,
0.9585115483319077,0.42873541228237994,,
0.9585115483319077,0.4288174512055109,,
0.9585115483319077,0.4288995215311005,,
0.9585115483319077,0.42898162327718226,,
0.9585115483319077,0.42906375646180356,,
0.9585115483319077,0.4291459211030257,,
0.9585115483319077,0.42922811721892357,,
0.9585115483319077,0.42931034482758623,,
0.9580838323353293,0.42920099635945586,,
0.9580838323353293,0.42928325028746644,,
0.9580838323353293,0.4293655357485145,,
0.9580838323353293,0.4294478527607362,,
0.9580838323353293,0.42953020134228187,,
0.9580838323353293,0.4296125815113157,,
0.9580838323353293,0.42969499328601574,,
0.9580838323353293,0.4297774366845741,,
0.9580838323353293,0.4298599117251967,,
0.9580838323353293,0.42994241842610365,,
0.9580838323353293,0.4300249568055289,,
0.9580838323353293,0.43010752688172044,,
0.9580838323353293,0.43019012867294026,,
0.9580838323353293,0.43027276219746446,,
0.9580838323353293,0.4303554274735831,,
0.9580838323353293,0.4304381245196003,,
0.9580838323353293,0.43052085335383433,,
0.9580838323353293,0.43060361399461744,,
0.9580838323353293,0.4306864064602961,,
0.9580838323353293,0.4307692307692308,,
0.9580838323353293,0.4308520869397961,,
0.9580838323353293,0.4309349749903809,,
0.9580838323353293,0.43101789493938814,,
0.9580838323353293,0.4311008468052348,,
0.9580838323353293,0.43118383060635224,,
0.9580838323353293,0.431266846361186,,
0.9580838323353293,0.43134989408819563,,
0.9580838323353293,0.43143297380585516,,
0.9580838323353293,0.4315160855326527,,
0.9580838323353293,0.43159922928709055,,
0.9580838323353293,0.43168240508768546,,
0.9580838323353293,0.4317656129529684,,
0.9580838323353293,0.4318488529014845,,
0.9580838323353293,0.4319321249517933,,
0.9580838323353293,0.43201542912246865,,
0.9580838323353293,0.43209876543209874,,
0.9580838323353293,0.4321821338992861,,
0.9580838323353293,0.4322655345426476,,
0.9580838323353293,0.4323489673808145,,
0.9580838323353293,0.43243243243243246,,
0.9580838323353293,0.43251592971616143,,
0.9580838323353293,0.43259945925067594,,
0.9580838323353293,0.4326830210546649,,
0.9580838323353293,0.4327666151468315,,
0.9580838323353293,0.43285024154589374,,
0.9580838323353293,0.4329339002705837,,
0.9580838323353293,0.4330175913396482,,
0.9580838323353293,0.43310131477184843,,
0.9580838323353293,0.4331850705859602,,
0.9580838323353293,0.4332688588007737,,
0.9580838323353293,0.4333526794350938,,
0.9580838323353293,0.43343653250773995,,
0.9580838323353293,0.433520418037546,,
0.9580838323353293,0.43360433604336046,,
0.9580838323353293,0.43368828654404645,,
0.9580838323353293,0.4337722695584818,,
0.9580838323353293,0.4338562851055588,,
0.9580838323353293,0.4339403332041844,,
0.9580838323353293,0.4340244138732804,,
0.9580838323353293,0.43410852713178294,,
0.9580838323353293,0.43419267299864317,,
0.9580838323353293,0.4342768514928267,,
0.9580838323353293,0.4343610626333139,,
0.9580838323353293,0.43444530643910007,,
0.9580838323353293,0.43452958292919497,,
0.9580838323353293,0.4346138921226232,,
0.9580838323353293,0.4346982340384242,,
0.9580838323353293,0.43478260869565216,,
0.9580838323353293,0.434867016113376,,
0.9580838323353293,0.4349514563106796,,
0.9580838323353293,0.43503592930666146,,
0.9580838323353293,0.43512043512043513,,
0.9580838323353293,0.4352049737711288,,
0.9580838323353293,0.4352895452778857,,
0.9580838323353293,0.43537414965986393,,
0.9580838323353293,0.4354587869362364,,
0.9580838323353293,0.4355434571261909,,
0.9580838323353293,0.43562816024893036,,
0.9580838323353293,0.43571289632367244,,
0.9580838323353293,0.4357976653696498,,
0.9580838323353293,0.43588246740611014,,
0.9580838323353293,0.4359673024523161,,
0.9580838323353293,0.43605217052754525,,
0.9580838323353293,0.43613707165109034,,
0.957656116338751,0.43602726387536517,,
0.957656116338751,0.4361121932216595,,
0.957656116338751,0.4361971556594584,,
0.957656116338751,0.436282151208106,,
0.957656116338751,0.4363671798869616,,
0.957656116338751,0.4364522417153996,,
0.957656116338751,0.43653733671280953,,
0.957656116338751,0.43662246489859596,,
0.957656116338751,0.4367076262921787,,
0.957656116338751,0.4367928209129926,,
0.957656116338751,0.4368780487804878,,
0.957656116338751,0.43696330991412957,,
0.957656116338751,0.43704860433339837,,
0.957656116338751,0.43713393205778994,,
0.957656116338751,0.43721929310681507,,
0.957656116338751,0.4373046875,,
0.957656116338751,0.4373901152568861,,
0.957656116338751,0.4374755763970301,,
0.957656116338751,0.4375610709400039,,
0.957656116338751,0.4376465989053948,,
0.957656116338751,0.4377321603128055,,
0.957656116338751,0.43781775518185373,,
0.957656116338751,0.4379033835321729,,
0.957656116338751,0.4379890453834116,,
0.957656116338751,0.4380747407552338,,
0.957656116338751,0.438160469667319,,
0.957656116338751,0.4382462321393619,,
0.957656116338751,0.4383320281910728,,
0.957656116338751,0.4384178578421774,,
0.9572284003421728,0.4383078730904818,,
0.9572284003421728,0.4383937316356513,,
0.9572284003421728,0.43847962382445144,,
0.9572284003421728,0.4385655496766608,,
0.9568006843455945,0.43845550764406116,,
0.9568006843455945,0.4385414624583415,,
0.9568006843455945,0.43862745098039213,,
0.9563729683490163,0.43851735634438127,,
0.9563729683490163,0.4386033738721067,,
0.9563729683490163,0.4386894251520502,,
0.9563729683490163,0.4387755102040816,,
0.9563729683490163,0.43886162904808634,,
0.955945252352438,0.4387514723203769,,
0.955945252352438,0.43883762026310624,,
0.955945252352438,0.4389238020424195,,
0.955945252352438,0.43901001767825576,,
0.955945252352438,0.43909626719056977,,
0.955945252352438,0.43918255059933187,,
0.9555175363558597,0.43907232704402516,,
0.9555175363558597,0.4391586396697464,,
0.9550898203592815,0.4390483680692096,,
0.9550898203592815,0.4391347099311701,,
0.9550898203592815,0.4392210857592447,,
0.9550898203592815,0.43930749557348026,,
0.9550898203592815,0.4393939393939394,,
0.9550898203592815,0.43948041724070064,,
0.9550898203592815,0.43956692913385825,,
0.9550898203592815,0.4396534750935224,,
0.9550898203592815,0.43974005513981884,,
0.9550898203592815,0.4398266692928895,,
0.9550898203592815,0.43991331757289204,,
0.9550898203592815,0.44,,
0.9550898203592815,0.44008671659440285,,
0.9550898203592815,0.4401734673763059,,
0.9550898203592815,0.4402602523659306,,
0.9550898203592815,0.4403470715835141,,
0.9550898203592815,0.44043392504930967,,
0.9550898203592815,0.4405208127835865,,
0.9550898203592815,0.44060773480662985,,
0.9550898203592815,0.4406946911387409,,
0.9550898203592815,0.44078168180023686,,
0.9550898203592815,0.4408687068114511,,
0.9550898203592815,0.440955766192733,,
0.9550898203592815,0.441042859964448,,
0.9550898203592815,0.44112998814697746,,
0.9550898203592815,0.4412171507607192,,
0.9550898203592815,0.44130434782608696,,
0.9550898203592815,0.4413915793635106,,
0.9550898203592815,0.4414788453934361,,
0.9550898203592815,0.44156614593632587,,
0.9550898203592815,0.4416534810126582,,
0.9550898203592815,0.4417408506429278,,
0.9550898203592815,0.44182825484764543,,
0.9550898203592815,0.44191569364733824,,
0.9550898203592815,0.4420031670625495,,
0.9550898203592815,0.44209067511383887,,
0.9550898203592815,0.4421782178217822,,
0.9550898203592815,0.4422657952069717,,
0.9550898203592815,0.4423534072900158,,
0.9550898203592815,0.44244105409153955,,
0.9550898203592815,0.4425287356321839,,
0.9550898203592815,0.4426164519326065,,
0.9550898203592815,0.44270420301348135,,
0.9550898203592815,0.4427919888954987,,
0.9550898203592815,0.44287980959936535,,
0.9546621043627032,0.4427692918071811,,
0.9546621043627032,0.44285714285714284,,
0.9546621043627032,0.4429450287755507,,
0.9546621043627032,0.4430329495831679,,
0.9546621043627032,0.44312090530077425,,
0.9546621043627032,0.443208895949166,,
0.9546621043627032,0.4432969215491559,,
0.9546621043627032,0.4433849821215733,,
0.9546621043627032,0.4434730776872641,,
0.9546621043627032,0.4435612082670906,,
0.9542343883661248,0.4434506062413039,,
0.9542343883661248,0.44353876739562625,,
0.9542343883661248,0.44362696361105586,,
0.9542343883661248,0.44371519490851236,,
0.9538066723695466,0.4436045355082554,,
0.9538066723695466,0.44369279745324314,,
0.9538066723695466,0.4437810945273632,,
0.9538066723695466,0.44386942675159236,,
0.9538066723695466,0.44395779414692416,,
0.9538066723695466,0.4440461967343688,,
0.9538066723695466,0.4441346345349532,,
0.9538066723695466,0.4442231075697211,,
0.9538066723695466,0.444311615859733,,
0.9538066723695466,0.44440015942606614,,
0.9538066723695466,0.4444887382898146,,
0.9538066723695466,0.4445773524720893,,
0.9533789563729683,0.4444666001994018,,
0.9533789563729683,0.44455524531312324,,
0.9533789563729683,0.4446439257929384,,
0.9529512403763901,0.44453312051077415,,
0.9529512403763901,0.44462183196966676,,
0.9529512403763901,0.44471057884231535,,
0.9529512403763901,0.44479936114993013,,
0.9529512403763901,0.444888178913738,,
0.9529512403763901,0.444977032154983,,
0.9529512403763901,0.4450659208949261,,
0.9525235243798118,0.44495504495504495,,
0.9525235243798118,0.4450439648281375,,
0.9525235243798118,0.4451329202478513,,
0.9525235243798118,0.4452219112355058,,
0.9525235243798118,0.4453109378124375,,
0.9525235243798118,0.4454,,
0.9525235243798118,0.4454890978195639,,
0.9525235243798118,0.445578231292517,,
0.9525235243798118,0.44566740044026415,,
0.9525235243798118,0.4457566052842274,,
0.9525235243798118,0.44584584584584586,,
0.9525235243798118,0.4459351221465759,,
0.9525235243798118,0.44602443420789106,,
0.9525235243798118,0.44611378205128205,,
0.9525235243798118,0.44620316569825685,,
0.9525235243798118,0.4462925851703407,,
0.9525235243798118,0.446382040489076,,
0.9525235243798118,0.44647153167602244,,
0.9520958083832335,0.4463605373972328,,
0.9520958083832335,0.4464500601684717,,
0.9516680923866553,0.4463390170511535,,
0.9516680923866553,0.44642857142857145,,
0.9516680923866553,0.44651816174994985,,
0.951240376390077,0.446407065435568,,
0.951240376390077,0.44649668741216625,,
0.951240376390077,0.4465863453815261,,
0.951240376390077,0.4466760393653344,,
0.951240376390077,0.4467657693852953,,
0.951240376390077,0.4468555354631304,,
0.951240376390077,0.44694533762057875,,
0.951240376390077,0.447035175879397,,
0.951240376390077,0.44712505026135907,,
0.951240376390077,0.44721496078825657,,
0.951240376390077,0.4473049074818986,,
0.9508126603934988,0.4471937235968618,,
0.9508126603934988,0.4472837022132797,,
0.9503849443969205,0.44717246930972027,,
0.9499572284003421,0.447061191626409,,
0.9499572284003421,0.4471511979061808,,
0.9499572284003421,0.4472412404349577,,
0.9499572284003421,0.4473313192346425,,
0.9499572284003421,0.44742143432715553,,
0.9499572284003421,0.44751158573443484,,
0.9499572284003421,0.4476017734784361,,
0.9499572284003421,0.4476919975811328,,
0.9499572284003421,0.4477822580645161,,
0.9499572284003421,0.44787255495059486,,
0.9495295124037639,0.44776119402985076,,
0.9495295124037639,0.4478515230986484,,
0.9495295124037639,0.44794188861985473,,
0.9491017964071856,0.44783047426841577,,
0.9491017964071856,0.447920872022608,,
0.9491017964071856,0.4480113062790228,,
0.9491017964071856,0.44810177705977383,,
0.9491017964071856,0.44819228438699255,,
0.9486740804106074,0.4480808080808081,,
0.9486740804106074,0.4481713477470196,,
0.9486740804106074,0.4482619240097009,,
0.9486740804106074,0.4483525368910451,,
0.9486740804106074,0.44844318641326325,,
0.9486740804106074,0.4485338725985844,,
0.9482463644140291,0.4484223300970874,,
0.9482463644140291,0.4485130487558163,,
0.9482463644140291,0.4486038041278834,,
0.9482463644140291,0.44869459623557983,,
0.9482463644140291,0.44878542510121455,,
0.9482463644140291,0.4488762907471148,,
0.9482463644140291,0.4489671931956258,,
0.9482463644140291,0.4490581324691108,,
0.9482463644140291,0.4491491085899514,,
0.9478186484174508,0.4490374873353597,,
0.9478186484174508,0.44912849614916905,,
0.9473909324208726,0.4490168254611798,,
0.9473909324208726,0.4491078669910787,,
0.9473909324208726,0.449198945447171,,
0.9473909324208726,0.44929006085192696,,
0.9473909324208726,0.44938121322783525,,
0.9473909324208726,0.4494724025974026,,
0.9469632164242943,0.4493606657195048,,
0.946535500427716,0.44924888347543646,,
0.946535500427716,0.44934010152284265,,
0.946535500427716,0.4494313566206336,,
0.946535500427716,0.44952264879138737,,
0.946535500427716,0.44961397805770015,,
0.946535500427716,0.44970534444218657,,
0.946535500427716,0.44979674796747965,,
0.9461077844311377,0.4496848953039236,,
0.9461077844311377,0.4497763318422123,,
0.9461077844311377,0.44986780557250355,,
0.9461077844311377,0.4499593165174939,,
0.9461077844311377,0.45005086469989825,,
0.9461077844311377,0.45014245014245013,,
0.9461077844311377,0.4502340728679015,,
0.9461077844311377,0.4503257328990228,,
0.9461077844311377,0.45041743025860315,,
0.9461077844311377,0.4505091649694501,,
0.9461077844311377,0.4506009370543899,,
0.9461077844311377,0.45069274653626734,,
0.9456800684345594,0.45058080293458325,,
0.9456800684345594,0.45067264573991034,,
0.9456800684345594,0.4507645259938838,,
0.9456800684345594,0.45085644371941275,,
0.9456800684345594,0.45094839893942484,,
0.9456800684345594,0.4510403916768666,,
0.9456800684345594,0.4511324219547031,,
0.9456800684345594,0.4512244897959184,,
0.9456800684345594,0.451316595223515,,
0.9456800684345594,0.4514087382605145,,
0.9456800684345594,0.45150091892995714,,
0.9456800684345594,0.45159313725490197,,
0.9456800684345594,0.451685393258427,,
0.9456800684345594,0.4517776869636289,,
0.9456800684345594,0.45187001839362356,,
0.9456800684345594,0.4519623875715454,,
0.9456800684345594,0.4520547945205479,,
0.9456800684345594,0.4521472392638037,,
0.9456800684345594,0.452239721824504,,
0.9456800684345594,0.45233224222585927,,
0.9456800684345594,0.45242480049109884,,
0.9456800684345594,0.4525173966434711,,
0.9456800684345594,0.4526100307062436,,
0.9456800684345594,0.4527027027027027,,
0.9456800684345594,0.45279541265615403,,
0.9456800684345594,0.45288816058992215,,
0.9456800684345594,0.45298094652735094,,
0.9456800684345594,0.45307377049180325,,
0.9456800684345594,0.4531666325066612,,
0.9456800684345594,0.453259532595326,,
0.9456800684345594,0.453352470781218,,
0.9456800684345594,0.45344544708777684,,
0.9456800684345594,0.45353846153846156,,
0.9456800684345594,0.4536315141567501,,
0.9456800684345594,0.45372460496614,,
0.9456800684345594,0.4538177339901478,,
0.9456800684345594,0.4539109012523096,,
0.9456800684345594,0.4540041067761807,,
0.9452523524379812,0.4538919696036147,,
0.9452523524379812,0.4539852095316352,,
0.9452523524379812,0.45407848777480997,,
0.9452523524379812,0.4541718043567612,,
0.9452523524379812,0.45426515930113054,,
0.9452523524379812,0.4543585526315789,,
0.9452523524379812,0.45445198437178697,,
0.9452523524379812,0.45454545454545453,,
0.9452523524379812,0.45463896317630115,,
0.9448246364414029,0.45452674897119344,,
0.9443969204448246,0.4544144885778967,,
0.9443969204448246,0.4545080279950597,,
0.9443969204448246,0.45460160592958615,,
0.9443969204448246,0.4546952224052718,,
0.9443969204448246,0.45478887744593205,,
0.9443969204448246,0.45488257107540175,,
0.9443969204448246,0.4549763033175355,,
0.9443969204448246,0.45507007419620776,,
0.9443969204448246,0.4551638837353123,,
0.9443969204448246,0.4552577319587629,,
0.9443969204448246,0.45535161889049286,,
0.9443969204448246,0.45544554455445546,,
0.9443969204448246,0.4555395089746235,,
0.9443969204448246,0.4556335121749897,,
0.9443969204448246,0.45572755417956656,,
0.9439692044482464,0.4556151940545004,,
0.9439692044482464,0.4557092711129465,,
0.9439692044482464,0.45580338703015283,,
0.9439692044482464,0.45589754183020037,,
0.9439692044482464,0.4559917355371901,,
0.9439692044482464,0.45608596817524283,,
0.9439692044482464,0.45618023976849936,,
0.9439692044482464,0.4562745503411205,,
0.9439692044482464,0.456368899917287,,
0.9439692044482464,0.4564632885211996,,
0.9439692044482464,0.456557716177079,,
0.9439692044482464,0.45665218290916615,,
0.9439692044482464,0.45674668874172186,,
0.9439692044482464,0.4568412336990271,,
0.9439692044482464,0.456935817805383,,
0.9439692044482464,0.45703044108511076,,
0.9435414884516681,0.45691797845898924,,
0.9435414884516681,0.4570126372488088,,
0.9435414884516681,0.45710733526730213,,
0.9435414884516681,0.4572020725388601,,
0.9435414884516681,0.45729684908789386,,
0.9431137724550899,0.45718432510885343,,
0.9431137724550899,0.4572791372874326,,
0.9431137724550899,0.45737398879900437,,
0.9431137724550899,0.4574688796680498,,
0.9431137724550899,0.45756380991907036,,
0.9431137724550899,0.4576587795765878,,
0.9426860564585116,0.4575461905750467,,
0.9426860564585116,0.457641196013289,,
0.9426860564585116,0.457736240913811,,
0.9426860564585116,0.4578313253012048,,
0.9422583404619332,0.45771867857884896,,
0.9422583404619332,0.45781379883624274,,
0.9422583404619332,0.45790895863645814,,
0.9422583404619332,0.458004158004158,,
0.9422583404619332,0.4580993969640258,,
0.9422583404619332,0.4581946755407654,,
0.9422583404619332,0.4582899937591013,,
0.9422583404619332,0.4583853516437786,,
0.941830624465355,0.45827263267429763,,
0.941830624465355,0.45836802664446297,,
0.941830624465355,0.4584634603372892,,
0.941830624465355,0.45855893377759266,,
0.941830624465355,0.45865444699021035,,
0.941830624465355,0.45875,,
0.941830624465355,0.45884559283183995,,
0.941830624465355,0.45894122551062944,,
0.941830624465355,0.4590368980612883,,
0.941830624465355,0.4591326105087573,,
0.941830624465355,0.4592283628779979,,
0.941830624465355,0.4593241551939925,,
0.941830624465355,0.45941998748174423,,
0.941830624465355,0.4595158597662771,,
0.941830624465355,0.4596117720726362,,
0.941830624465355,0.45970772442588725,,
0.941830624465355,0.45980371685111715,,
0.941830624465355,0.4598997493734336,,
0.941830624465355,0.45999582201796535,,
0.941830624465355,0.4600919348098621,,
0.941830624465355,0.46018808777429465,,
0.941830624465355,0.46028428093645485,,
0.941830624465355,0.4603805143215555,,
0.941830624465355,0.4604767879548306,,
0.941830624465355,0.4605731018615352,,
0.941830624465355,0.4606694560669456,,
0.941830624465355,0.46076585059635905,,
0.941830624465355,0.46086228547509417,,
0.941830624465355,0.4609587607284907,,
0.941830624465355,0.4610552763819096,,
0.941830624465355,0.461151832460733,,
0.941830624465355,0.4612484289903645,,
0.941830624465355,0.46134506599622876,,
0.941830624465355,0.461441743503772,,
0.941830624465355,0.46153846153846156,,
0.941830624465355,0.46163522012578617,,
0.941830624465355,0.461732019291256,,
0.941830624465355,0.46182885906040266,,
0.941830624465355,0.4619257394587791,,
0.941830624465355,0.4620226605119597,,
0.941830624465355,0.4621196222455404,,
0.941830624465355,0.4622166246851385,,
0.941830624465355,0.46231366785639305,,
0.941830624465355,0.4624107517849643,,
0.941830624465355,0.46250787649653435,,
0.941830624465355,0.46260504201680674,,
0.941830624465355,0.46270224837150664,,
0.941830624465355,0.46279949558638084,,
0.941830624465355,0.46289678368719783,,
0.941830624465355,0.46299411269974766,,
0.941830624465355,0.4630914826498423,,
0.941830624465355,0.4631888935633151,,
0.941830624465355,0.4632863454660215,,
0.941830624465355,0.4633838383838384,,
0.9414029084687767,0.46327089033887603,,
0.9409751924721984,0.4631578947368421,,
0.9409751924721984,0.4632554221941461,,
0.9409751924721984,0.4633529907329402,,
0.9405474764756202,0.46323994101537813,,
0.9405474764756202,0.4633375474083439,,
0.9405474764756202,0.46343519494204427,,
0.9401197604790419,0.4633220910623946,,
0.9401197604790419,0.4634197765127556,,
0.9401197604790419,0.46351750316322227,,
0.9401197604790419,0.463615271039865,,
0.9401197604790419,0.4637130801687764,,
0.9401197604790419,0.4638109305760709,,
0.9401197604790419,0.46390882228788516,,
0.9401197604790419,0.4640067553303779,,
0.9401197604790419,0.4641047297297297,,
0.9401197604790419,0.46420274551214363,,
0.9396920444824637,0.4640895648500211,,
0.9396920444824637,0.46418761884639764,,
0.9396920444824637,0.4642857142857143,,
0.9396920444824637,0.4643838511942507,,
0.9396920444824637,0.46448202959830864,,
0.9396920444824637,0.4645802495242123,,
0.9396920444824637,0.4646785109983079,,
0.9396920444824637,0.46477681404696425,,
0.9392643284858854,0.46466356326703345,,
0.9392643284858854,0.46476190476190476,,
0.9392643284858854,0.46486028789161726,,
0.9392643284858854,0.46495871268261696,,
0.9392643284858854,0.4650571791613723,,
0.9392643284858854,0.46515568735437407,,
0.9392643284858854,0.4652542372881356,,
0.9392643284858854,0.4653528289891926,,
0.9392643284858854,0.4654514624841034,,
0.9392643284858854,0.4655501377994488,,
0.9392643284858854,0.46564885496183206,,
0.9392643284858854,0.4657476139978791,,
0.9392643284858854,0.46584641493423845,,
0.9392643284858854,0.46594525779758117,,
0.9392643284858854,0.46604414261460103,,
0.938836612489307,0.465930800254723,,
0.938836612489307,0.46602972399150744,,
0.9384088964927289,0.4659163304310894,,
0.9384088964927289,0.46601529311809686,,
0.9384088964927289,0.4661142978542596,,
0.9384088964927289,0.46621334466638337,,
0.9384088964927289,0.4663124335812965,,
0.9384088964927289,0.4664115646258503,,
0.9384088964927289,0.466510737826919,,
0.9384088964927289,0.4666099532113994,,
0.9384088964927289,0.46670921080621147,,
0.9384088964927289,0.46680851063829787,,
0.9384088964927289,0.4669078527346244,,
0.9384088964927289,0.4670072371221797,,
0.9384088964927289,0.4671066638279753,,
0.9384088964927289,0.467206132879046,,
0.9384088964927289,0.4673056443024494,,
0.9384088964927289,0.4674051981252663,,
0.9384088964927289,0.46750479437460046,,
0.9384088964927289,0.4676044330775789,,
0.9379811804961505,0.46749094009806014,,
0.9379811804961505,0.467590618336887,,
0.9379811804961505,0.4676903390914907,,
0.9379811804961505,0.4677901023890785,,
0.9379811804961505,0.46788990825688076,,
0.9379811804961505,0.4679897567221511,,
0.9379811804961505,0.4680896478121665,,
0.9379811804961505,0.46818958155422713,,
0.9375534644995723,0.46807601964552636,,
0.9375534644995723,0.46817599316531394,,
0.9375534644995723,0.46827600939970093,,
0.9375534644995723,0.4683760683760684,,
0.9375534644995723,0.4684761701218209,,
0.9375534644995723,0.4685763146643865,,
0.9375534644995723,0.4686765020312166,,
0.9375534644995723,0.46877673224978617,,
0.9375534644995723,0.4688770053475936,,
0.937125748502994,0.46876337184424477,,
0.937125748502994,0.46886368499893,,
0.937125748502994,0.4689640410958904,,
0.937125748502994,0.46906444016270604,,
0.937125748502994,0.4691648822269807,,
0.937125748502994,0.46926536731634183,,
0.9366980325064157,0.4691516709511568,,
0.9366980325064157,0.4692521962716949,,
0.9366980325064157,0.46935276468066867,,
0.9366980325064157,0.4694533762057878,,
0.9366980325064157,0.4695540308747856,,
0.9366980325064157,0.46965472871541925,,
0.9366980325064157,0.4697554697554698,,
0.9366980325064157,0.4698562540227419,,
0.9366980325064157,0.4699570815450644,,
0.9366980325064157,0.47005795235028974,,
0.9366980325064157,0.47015886646629457,,
0.9366980325064157,0.47025982392097915,,
0.9366980325064157,0.47036082474226804,,
0.9366980325064157,0.47046186895810954,,
0.9366980325064157,0.4705629565964761,,
0.9362703165098375,0.47044917257683216,,
0.9358426005132592,0.470335339638865,,
0.9358426005132592,0.4704364652762847,,
0.9358426005132592,0.47053763440860213,,
0.9358426005132592,0.4706388470638847,,
0.9358426005132592,0.47074010327022375,,
0.9358426005132592,0.4708414030557349,,
0.9358426005132592,0.4709427464485579,,
0.9358426005132592,0.4710441334768568,,
0.9358426005132592,0.47114556416882,,
0.9358426005132592,0.4712470385526599,,
0.9358426005132592,0.4713485566566135,,
0.9358426005132592,0.47145011850894203,,
0.935414884516681,0.4713362068965517,,
0.935414884516681,0.4714378098728174,,
0.935414884516681,0.4715394566623545,,
0.9349871685201027,0.47142549061893463,,
0.9349871685201027,0.4715271786022433,,
0.9349871685201027,0.4716289104638619,,
0.9349871685201027,0.4717306862321968,,
0.9349871685201027,0.4718325059356788,,
0.9349871685201027,0.47193436960276336,,
0.9349871685201027,0.4720362772619305,,
0.9349871685201027,0.47213822894168467,,
0.9349871685201027,0.4722402246705552,,
0.9349871685201027,0.47234226447709593,,
0.9349871685201027,0.47244434838988547,,
0.9349871685201027,0.472546476437527,,
0.9349871685201027,0.47264864864864864,,
0.9349871685201027,0.4727508650519031,,
0.9345594525235243,0.472636815920398,,
0.9345594525235243,0.472739073993942,,
0.9341317365269461,0.472624972949578,,
0.9341317365269461,0.4727272727272727,,
0.9341317365269461,0.4728296168001732,,
0.9341317365269461,0.472932005197055,,
0.9337040205303678,0.4728178470868529,,
0.9337040205303678,0.4729202772963605,,
0.9337040205303678,0.47302275189599136,,
0.9337040205303678,0.4731252709146077,,
0.9337040205303678,0.4732278343810969,,
0.9337040205303678,0.4733304423243712,,
0.9337040205303678,0.47343309477336804,,
0.9332763045337895,0.47331887201735356,,
0.9332763045337895,0.47342156650032546,,
0.9332763045337895,0.4735243055555556,,
0.9332763045337895,0.4736270892120686,,
0.9328485885372113,0.47351280937907075,,
0.9328485885372113,0.4736156351791531,,
0.9328485885372113,0.47371850564726325,,
0.9328485885372113,0.4738214208125136,,
0.932420872540633,0.4737070838765754,,
0.9319931565440548,0.4735926972397305,,
0.9319931565440548,0.473695652173913,,
0.9319931565440548,0.47379865188084364,,
0.9319931565440548,0.4739016963897347,,
0.9319931565440548,0.4740047857298238,,
0.9319931565440548,0.4741079199303742,,
0.9319931565440548,0.47421109902067465,,
0.9315654405474765,0.4740966478014802,,
0.9315654405474765,0.47419986936642716,,
0.9315654405474765,0.47430313588850176,,
0.9315654405474765,0.47440644739708127,,
0.9311377245508982,0.47429193899782135,,
0.9311377245508982,0.47439529309217693,,
0.9311377245508982,0.47449869224062774,,
0.9311377245508982,0.47460213647264005,,
0.9311377245508982,0.4747056258177061,,
0.9311377245508982,0.47480916030534354,,
0.9311377245508982,0.474912739965096,,
0.9311377245508982,0.47501636482653287,,
0.9311377245508982,0.47512003491924926,,
0.9311377245508982,0.4752237502728662,,
0.9311377245508982,0.47532751091703057,,
0.9311377245508982,0.47543131688141516,,
0.9311377245508982,0.47553516819571867,,
0.9311377245508982,0.47563906488966573,,
0.9311377245508982,0.475743006993007,,
0.9311377245508982,0.47584699453551915,,
0.9311377245508982,0.4759510275470048,,
0.9311377245508982,0.4760551060572928,,
0.9311377245508982,0.47615923009623795,,
0.9311377245508982,0.4762633996937213,,
0.9311377245508982,0.4763676148796499,,
0.9311377245508982,0.4764718756839571,,
0.93071000855432,0.4763572679509632,,
0.93071000855432,0.4764615721480184,,
0.93071000855432,0.4765659220324135,,
0.93071000855432,0.47667031763417306,,
0.93071000855432,0.4767747589833479,,
0.93071000855432,0.47687924611001536,,
0.93071000855432,0.4769837790442788,,
0.93071000855432,0.47708835781626835,,
0.93071000855432,0.47719298245614034,,
0.93071000855432,0.47729765299407767,,
0.93071000855432,0.4774023694602896,,
0.93071000855432,0.4775071318850121,,
0.93071000855432,0.47761194029850745,,
0.93071000855432,0.47771679473106476,,
0.93071000855432,0.47782169521299955,,
0.93071000855432,0.47792664177465405,,
0.93071000855432,0.4780316344463972,,
0.93071000855432,0.47813667325862447,,
0.93071000855432,0.47824175824175824,,
0.93071000855432,0.47834688942624753,,
0.93071000855432,0.47845206684256814,,
0.93071000855432,0.4785572905212228,,
0.93071000855432,0.47866256049274086,,
0.93071000855432,0.4787678767876788,,
0.93071000855432,0.4788732394366197,,
0.93071000855432,0.4789786484701739,,
0.93071000855432,0.47908410391897843,,
0.93071000855432,0.4791896058136974,,
0.93071000855432,0.479295154185022,,
0.93071000855432,0.4794007490636704,,
0.9302822925577416,0.47928602908770385,,
0.9302822925577416,0.47939166850341636,,
0.9302822925577416,0.4794973544973545,,
0.9298545765611634,0.47938257993384786,,
0.9298545765611634,0.47948831054256724,,
0.9298545765611634,0.47959408780057355,,
0.9294268605645851,0.4794792586054722,,
0.9294268605645851,0.4795850805561686,,
0.9294268605645851,0.47969094922737304,,
0.9294268605645851,0.47979686465003313,,
0.9294268605645851,0.4799028268551237,,
0.9289991445680068,0.47978793903247186,,
0.9289991445680068,0.47989394608926206,,
0.9285714285714286,0.47977900552486186,,
0.9285714285714286,0.47988505747126436,,
0.9285714285714286,0.4799911563121822,,
0.9285714285714286,0.48009730207872625,,
0.9285714285714286,0.48020349480203495,,
0.9285714285714286,0.48030973451327436,,
0.9285714285714286,0.48041602124363797,,
0.9285714285714286,0.48052235502434704,,
0.9285714285714286,0.48062873588665045,,
0.9285714285714286,0.48073516386182463,,
0.9285714285714286,0.4808416389811739,,
0.9285714285714286,0.48094816127603013,,
0.9281437125748503,0.48083314868158655,,
0.9281437125748503,0.48093971631205673,,
0.9281437125748503,0.4810463311904234,,
0.9281437125748503,0.4811529933481153,,
0.9281437125748503,0.48125970281658903,,
0.9281437125748503,0.4813664596273292,,
0.9281437125748503,0.48147326381184824,,
0.9281437125748503,0.48158011540168666,,
0.9281437125748503,0.4816870144284129,,
0.9281437125748503,0.4817939609236234,,
0.9281437125748503,0.4819009549189429,,
0.9281437125748503,0.482007996446024,,
0.9281437125748503,0.4821150855365474,,
0.9281437125748503,0.4822222222222222,,
0.9281437125748503,0.4823294065347855,,
0.9281437125748503,0.48243663850600266,,
0.9281437125748503,0.48254391816766734,,
0.927715996578272,0.4824288256227758,,
0.927715996578272,0.48253615127919913,,
0.9272882805816938,0.48242100578549174,,
0.9272882805816938,0.4825283774760739,,
0.9272882805816938,0.4826357969723954,,
0.9272882805816938,0.4827432643063906,,
0.9272882805816938,0.48285077951002225,,
0.9272882805816938,0.4829583426152818,,
0.9272882805816938,0.483065953654189,,
0.9272882805816938,0.48317361265879205,,
0.9272882805816938,0.48328131966116805,,
0.9272882805816938,0.4833890746934225,,
0.9272882805816938,0.48349687778768957,,
0.9272882805816938,0.48360472897613205,,
0.9272882805816938,0.4837126282909415,,
0.9268605645851155,0.4835974112921223,,
0.9268605645851155,0.4837053571428571,,
0.9268605645851155,0.48381335119446306,,
0.9264328485885372,0.48369807949977667,,
0.9264328485885372,0.48380612016975655,,
0.9260051325919589,0.48369079535299375,,
0.9260051325919589,0.48379888268156424,,
0.9260051325919589,0.483907018328118,,
0.9260051325919589,0.48401520232506146,,
0.9260051325919589,0.48412343470483005,,
0.9260051325919589,0.4842317154998882,,
0.9260051325919589,0.4843400447427293,,
0.9260051325919589,0.48444842246587605,,
0.9255774165953806,0.4843330349149508,,
0.9255774165953806,0.48444145959256774,,
0.9255774165953806,0.4845499328257949,,
0.9255774165953806,0.48465845464725643,,
0.9255774165953806,0.48476702508960573,,
0.9255774165953806,0.4848756441855254,,
0.9255774165953806,0.48498431196772745,,
0.9255774165953806,0.48509302846895314,,
0.9255774165953806,0.4852017937219731,,
0.9255774165953806,0.48531060775958734,,
0.9255774165953806,0.48541947061462537,,
0.9255774165953806,0.48552838231994616,,
0.9255774165953806,0.4856373429084381,,
0.9255774165953806,0.48574635241301906,,
0.9251497005988024,0.48563089357880557,,
0.9247219846022241,0.4855153828879407,,
0.9247219846022241,0.48562443845462716,,
0.9242942686056459,0.4855088744102449,,
0.9242942686056459,0.4856179775280899,,
0.9242942686056459,0.4857271296920656,,
0.9242942686056459,0.4858363309352518,,
0.9238665526090676,0.4857207105914099,,
0.9234388366124893,0.48560503823661716,,
0.9234388366124893,0.4857142857142857,,
0.9230111206159111,0.4855985598559856,,
0.9230111206159111,0.4857078550528922,,
0.9225834046193327,0.4855920756416029,,
0.9225834046193327,0.48570141859941457,,
0.9221556886227545,0.48558558558558557,,
0.9221556886227545,0.4856949763460239,,
0.9221556886227545,0.48580441640378547,,
0.9221556886227545,0.48591390579220195,,
0.9217279726261762,0.48579801623083857,,
0.9217279726261762,0.4859075535512965,,
0.9217279726261762,0.4860171402796572,,
0.9217279726261762,0.4861267764493571,,
0.9217279726261762,0.48623646209386284,,
0.9217279726261762,0.48634619724667116,,
0.9217279726261762,0.48645598194130923,,
0.9217279726261762,0.4865658162113344,,
0.9213002566295979,0.48644986449864497,,
0.9213002566295979,0.4865597470070025,,
0.9213002566295979,0.4866696791685495,,
0.9213002566295979,0.48677966101694914,,
0.9213002566295979,0.4868896925858951,,
0.9213002566295979,0.4869997739091115,,
0.9208725406330197,0.486883763003166,,
0.9208725406330197,0.4869938927844379,,
0.9208725406330197,0.48710407239819004,,
0.9208725406330197,0.487214301878253,,
0.9208725406330197,0.487324581258488,,
0.9208725406330197,0.487434910572787,,
0.9204448246364414,0.48731884057971014,,
0.9204448246364414,0.48742921857304644,,
0.9204448246364414,0.4875396465790666,,
0.9204448246364414,0.48765012463176977,,
0.9204448246364414,0.4877606527651859,,
0.9200171086398631,0.48764452505100886,,
0.9200171086398631,0.48775510204081635,,
0.9200171086398631,0.4878657291902926,,
0.9200171086398631,0.4879764065335753,,
0.9200171086398631,0.48808713410483323,,
0.9200171086398631,0.488197911938266,,
0.9195893926432849,0.4880817253121453,,
0.9195893926432849,0.48819255222524977,,
0.9195893926432849,0.4883034294799001,,
0.9191616766467066,0.48818718764198094,,
0.9187339606501284,0.48807089297886846,,
0.9187339606501284,0.48818181818181816,,
0.9187339606501284,0.48829279381677654,,
0.9187339606501284,0.48840381991814463,,
0.9187339606501284,0.4885148965203548,,
0.9187339606501284,0.4886260236578708,,
0.9187339606501284,0.4887372013651877,,
0.91830624465355,0.4886208466090123,,
0.9178785286569717,0.4885044388800364,,
0.9178785286569717,0.48861566484517305,,
0.9178785286569717,0.48872694147119106,,
0.9178785286569717,0.4888382687927107,,
0.9174508126603935,0.48872180451127817,,
0.9174508126603935,0.48883318140382864,,
0.9174508126603935,0.48894460907225895,,
0.9174508126603935,0.4890560875512996,,
0.9174508126603935,0.48916761687571264,,
0.9174508126603935,0.489279197080292,,
0.9170230966638152,0.4891626739676021,,
0.9170230966638152,0.4892743039707896,,
0.916595380667237,0.48915772654645057,,
0.916595380667237,0.48926940639269406,,
0.916595380667237,0.48938113724594656,,
0.916595380667237,0.48949291914116033,,
0.9161676646706587,0.4893762851267992,,
0.9161676646706587,0.48948811700182815,,
0.9161676646706587,0.4896,,
0.9161676646706587,0.4897119341563786,,
0.9161676646706587,0.4898239195060599,,
0.9161676646706587,0.489935956084172,,
0.9161676646706587,0.4900480439258751,,
0.9161676646706587,0.49016018306636155,,
0.9161676646706587,0.490272373540856,,
0.9161676646706587,0.49038461538461536,,
0.9161676646706587,0.4904969086329288,,
0.9161676646706587,0.4906092533211177,,
0.9157399486740804,0.49049255441008016,,
0.9157399486740804,0.49060494958753437,,
0.9157399486740804,0.49071739628695854,,
0.9153122326775022,0.49060064190738195,,
0.9153122326775022,0.4907131391882596,,
0.9153122326775022,0.4908256880733945,,
0.9148845166809239,0.4907088781830695,,
0.9148845166809239,0.4908214777420835,,
0.9148845166809239,0.49093412898783567,,
0.9148845166809239,0.49104683195592286,,
0.9148845166809239,0.49115958668197474,,
0.9148845166809239,0.49127239320165367,,
0.9148845166809239,0.4913852515506547,,
0.9148845166809239,0.4914981617647059,,
0.9148845166809239,0.4916111238795679,,
0.9148845166809239,0.4917241379310345,,
0.9148845166809239,0.4918372039549322,,
0.9148845166809239,0.4919503219871205,,
0.9148845166809239,0.49206349206349204,,
0.9148845166809239,0.4921767142199724,,
0.9148845166809239,0.49228998849252015,,
0.9148845166809239,0.4924033149171271,,
0.9144568006843456,0.4922864379461202,,
0.9144568006843456,0.49239981575310915,,
0.9144568006843456,0.49251324579589956,,
0.9144568006843456,0.4926267281105991,,
0.9144568006843456,0.4927402627333487,,
0.9144568006843456,0.49285384970032275,,
0.9144568006843456,0.49296748904772886,,
0.9144568006843456,0.49308118081180813,,
0.9140290846877673,0.49296424452133797,,
0.9140290846877673,0.4930779880018459,,
0.9140290846877673,0.4931917839833833,,
0.9140290846877673,0.4933056325023084,,
0.9140290846877673,0.49341953359501267,,
0.9140290846877673,0.49353348729792146,,
0.9140290846877673,0.49364749364749366,,
0.913601368691189,0.49353049907578556,,
0.913601368691189,0.4936445574300901,,
0.913601368691189,0.49375866851595007,,
0.913601368691189,0.49387283236994217,,
0.913601368691189,0.4939870490286771,,
0.913601368691189,0.49410131852879946,,
0.9131736526946108,0.493984266543267,,
0.9131736526946108,0.49409858828974773,,
0.9131736526946108,0.49421296296296297,,
0.9127459366980325,0.4940958555221116,,
0.9127459366980325,0.49421028253821214,,
0.9127459366980325,0.4943247625665972,,
0.9127459366980325,0.49443929564411493,,
0.9127459366980325,0.49455388180764775,,
0.9127459366980325,0.4946685210941122,,
0.9123182207014542,0.4945513563644795,,
0.9123182207014542,0.4946660482374768,,
0.9123182207014542,0.49478079331941544,,
0.9123182207014542,0.49489559164733177,,
0.9123182207014542,0.4950104432582966,,
0.9123182207014542,0.49512534818941506,,
0.9123182207014542,0.4952403064778268,,
0.9123182207014542,0.495355318160706,,
0.9123182207014542,0.49547038327526133,,
0.9123182207014542,0.49558550185873607,,
0.911890504704876,0.4954682779456193,,
0.911890504704876,0.49558344955834494,,
0.9114627887082977,0.49546617065798654,,
0.9110350727117195,0.49534883720930234,,
0.9106073567151411,0.49523144917422657,,
0.9106073567151411,0.49534667287110284,,
0.9106073567151411,0.4954619501978124,,
0.9106073567151411,0.49557728119180633,,
0.9101796407185628,0.49545983701979046,,
0.9101796407185628,0.49557522123893805,,
0.9101796407185628,0.4956906592126718,,
0.9097519247219846,0.49557315936626284,,
0.9093242087254063,0.4954556047541366,,
0.9093242087254063,0.4955710955710956,,
0.9093242087254063,0.49568664024248077,,
0.9093242087254063,0.49580223880597013,,
0.9093242087254063,0.4959178912992769,,
0.9093242087254063,0.4960335977601493,,
0.9093242087254063,0.4961493582263711,,
0.9093242087254063,0.496265172735761,,
0.9088964927288281,0.4961475601214102,,
0.9088964927288281,0.4962634283045306,,
0.9088964927288281,0.4963793506190142,,
0.9088964927288281,0.49649532710280375,,
0.9088964927288281,0.49661135779387705,,
0.9088964927288281,0.49672744273024777,,
0.9088964927288281,0.4968435819499649,,
0.9088964927288281,0.4969597754911132,,
0.9084687767322498,0.4968421052631579,,
0.9084687767322498,0.4969583528310716,,
0.9084687767322498,0.4970746548092675,,
0.9084687767322498,0.49719101123595505,,
0.9080410607356715,0.49707328494497777,,
0.9080410607356715,0.4971896955503513,,
0.9076133447390933,0.49707191379714216,,
0.9076133447390933,0.4971883786316776,,
0.9076133447390933,0.49730489805483946,,
0.9076133447390933,0.4974214721050164,,
0.907185628742515,0.4973036342321219,,
0.9067579127459366,0.4971857410881801,,
0.9063301967493584,0.4970677926342951,,
0.9063301967493584,0.497184420459878,,
0.9063301967493584,0.49730110302745834,,
0.9063301967493584,0.49741784037558684,,
0.9059024807527801,0.4972998356421695,,
0.9059024807527801,0.4974166275246595,,
0.9059024807527801,0.4975334742776603,,
0.9059024807527801,0.4976503759398496,,
0.9059024807527801,0.49776733254994127,,
0.9054747647562019,0.497649271274095,,
0.9054747647562019,0.4977662826240301,,
0.9054747647562019,0.4978833490122295,,
0.9054747647562019,0.4980004704775347,,
0.9054747647562019,0.49811764705882355,,
0.9054747647562019,0.4982348787950106,,
0.9054747647562019,0.4983521657250471,,
0.9054747647562019,0.4984695078879209,,
0.9054747647562019,0.4985869053226566,,
0.9054747647562019,0.49870435806831565,,
0.9054747647562019,0.4988218661639962,,
0.9054747647562019,0.49893942964883337,,
0.9054747647562019,0.49905704856199906,,
0.9054747647562019,0.4991747229427022,,
0.9054747647562019,0.4992924528301887,,
0.9054747647562019,0.4994102382637414,,
0.9054747647562019,0.4995280792826805,,
0.9054747647562019,0.499645975926363,,
0.9054747647562019,0.4997639282341832,,
0.9054747647562019,0.4998819362455726,,
0.9054747647562019,0.5,,
0.9054747647562019,0.5001181195369714,,
0.9054747647562019,0.5002362948960303,,
0.9050470487596236,0.5001181753722524,,
0.9046193327630453,0.5,,
0.9046193327630453,0.5001182312603453,,
0.9046193327630453,0.500236518448439,,
0.9046193327630453,0.5003548616039745,,
0.9041916167664671,0.5002366303833412,,
0.9041916167664671,0.5003550295857988,,
0.9041916167664671,0.5004734848484849,,
0.9041916167664671,0.5005919962112243,,
0.9041916167664671,0.5007105637138797,,
0.9041916167664671,0.5008291873963516,,
0.9037639007698888,0.5007109004739336,,
0.9037639007698888,0.5008295804693055,,
0.9037639007698888,0.5009483167377904,,
0.9037639007698888,0.5010671093194214,,
0.9037639007698888,0.5011859582542695,,
0.9033361847733106,0.501067615658363,,
0.9029084687767323,0.5009492168960608,,
0.9024807527801539,0.5008307619273676,,
0.9024807527801539,0.5009496676163343,,
0.9024807527801539,0.5010686297791499,,
0.9020530367835757,0.5009501187648456,,
0.9020530367835757,0.5010691375623664,,
0.9020530367835757,0.5011882129277566,,
0.9016253207869974,0.5010696458283813,,
0.9016253207869974,0.5011887779362815,,
0.9016253207869974,0.5013079667063021,,
0.9016253207869974,0.5014272121788773,,
0.9016253207869974,0.5015465143944802,,
0.9016253207869974,0.5016658733936221,,
0.9011976047904192,0.501547250654606,,
0.9011976047904192,0.5016666666666667,,
0.9011976047904192,0.5017861395570374,,
0.9011976047904192,0.5019056693663649,,
0.9011976047904192,0.5020252561353348,,
0.9011976047904192,0.5021448999046711,,
0.9007698887938409,0.5020262216924911,,
0.9007698887938409,0.5021459227467812,,
0.9007698887938409,0.5022656808967326,,
0.9007698887938409,0.5023854961832062,,
0.9007698887938409,0.5025053686471009,,
0.9003421727972626,0.5023866348448688,,
0.9003421727972626,0.5025065648126045,,
0.9003421727972626,0.5026265520534862,,
0.8999144568006844,0.5025077621208502,,
0.8999144568006844,0.502627806975633,,
0.8999144568006844,0.5027479091995221,,
0.8999144568006844,0.502868068833652,,
0.8999144568006844,0.5029882859191968,,
0.8999144568006844,0.5031085604973696,,
0.8999144568006844,0.5032288926094236,,
0.8999144568006844,0.5033492822966508,,
0.8994867408041061,0.5032304379038047,,
0.8994867408041061,0.503350885591192,,
0.8990590248075278,0.5032319846779986,,
0.8990590248075278,0.5033524904214559,,
0.8990590248075278,0.5034730538922155,,
0.8990590248075278,0.5035936751317681,,
0.8990590248075278,0.5037143541816439,,
0.8990590248075278,0.5038350910834132,,
0.8990590248075278,0.5039558858786861,,
0.8990590248075278,0.5040767386091127,,
0.8990590248075278,0.5041976493163828,,
0.8986313088109495,0.5040786948176583,,
0.8986313088109495,0.5041996640268779,,
0.8986313088109495,0.5043206913106097,,
0.8986313088109495,0.5044417767106842,,
0.8986313088109495,0.5045629202689721,,
0.8986313088109495,0.5046841220273841,,
0.8986313088109495,0.5048053820278712,,
0.8986313088109495,0.5049267003124249,,
0.8986313088109495,0.505048076923077,,
0.8982035928143712,0.5049290694878577,,
0.8982035928143712,0.5050505050505051,,
0.897775876817793,0.5049314409429877,,
0.897775876817793,0.5050529355149181,,
0.897775876817793,0.5051744885679904,,
0.8973481608212147,0.5050553683196919,,
0.8973481608212147,0.505176980496027,,
0.8969204448246364,0.505057803468208,,
0.8969204448246364,0.5051794748253433,,
0.8969204448246364,0.5053012048192771,,
0.8969204448246364,0.5054229934924078,,
0.8969204448246364,0.5055448408871746,,
0.8969204448246364,0.5056667470460574,,
0.8969204448246364,0.5057887120115774,,
0.8964927288280582,0.5056694813027744,,
0.8964927288280582,0.5057915057915058,,
0.8964927288280582,0.5059135891865798,,
0.8964927288280582,0.5060357315306615,,
0.8964927288280582,0.5061579328664574,,
0.8960650128314799,0.5060386473429952,,
0.8960650128314799,0.5061609084319884,,
0.8956372968349017,0.5060415659739005,,
0.8956372968349017,0.5061638868745467,,
0.8956372968349017,0.5062862669245648,,
0.8956372968349017,0.5064087061668682,,
0.8952095808383234,0.5062893081761006,,
0.8952095808383234,0.5064118074038229,,
0.8952095808383234,0.5065343659244917,,
0.8952095808383234,0.5066569837811667,,
0.894781864841745,0.5065375302663438,,
0.894781864841745,0.5066602082828772,,
0.894781864841745,0.5067829457364341,,
0.894781864841745,0.5069057426702205,,
0.894781864841745,0.5070285991274842,,
0.894781864841745,0.5071515151515151,,
0.894781864841745,0.507274490785645,,
0.894781864841745,0.5073975260732476,,
0.894781864841745,0.507520621057739,,
0.894781864841745,0.507643775782577,,
0.894781864841745,0.5077669902912622,,
0.894781864841745,0.5078902646273368,,
0.894781864841745,0.5080135988343856,,
0.894781864841745,0.508136992956036,,
0.894781864841745,0.5082604470359572,,
0.894781864841745,0.5083839611178614,,
0.894781864841745,0.5085075352455032,,
0.894781864841745,0.5086311694626793,,
0.894781864841745,0.5087548638132295,,
0.894781864841745,0.5088786183410362,,
0.894781864841745,0.5090024330900244,,
0.894781864841745,0.5091263081041616,,
0.894781864841745,0.5092502434274586,,
0.894781864841745,0.5093742391039688,,
0.894781864841745,0.5094982951777886,,
0.894781864841745,0.5096224116930572,,
0.894781864841745,0.5097465886939572,,
0.894781864841745,0.5098708262247136,,
0.894781864841745,0.5099951243295954,,
0.894781864841745,0.5101194830529139,,
0.8943541488451668,0.51,,
0.8943541488451668,0.5101244205903879,,
0.8943541488451668,0.5102489019033675,,
0.8943541488451668,0.5103734439834025,,
0.8943541488451668,0.510498046875,,
0.8943541488451668,0.5106227106227106,,
0.8943541488451668,0.5107474352711285,,
0.8943541488451668,0.5108722208648913,,
0.8943541488451668,0.5109970674486803,,
0.8943541488451668,0.5111219750672207,,
0.8943541488451668,0.5112469437652811,,
0.8943541488451668,0.5113719735876743,,
0.8943541488451668,0.5114970645792564,,
0.8943541488451668,0.5116222167849278,,
0.8943541488451668,0.5117474302496329,,
0.8943541488451668,0.5118727050183599,,
0.8939264328485885,0.5117531831537708,,
0.8934987168520102,0.5116336027430811,,
0.8934987168520102,0.5117589416952474,,
0.8934987168520102,0.5118843420730214,,
0.8934987168520102,0.5120098039215686,,
0.8934987168520102,0.5121353272860996,,
0.8934987168520102,0.5122609122118685,,
0.8934987168520102,0.5123865587441746,,
0.8934987168520102,0.5125122669283612,,
0.893071000855432,0.5123926380368098,,
0.893071000855432,0.5125184094256259,,
0.893071000855432,0.512644242573042,,
0.893071000855432,0.5127701375245579,,
0.8926432848588537,0.5126504544338001,,
0.8926432848588537,0.5127764127764127,,
0.8926432848588537,0.5129024330302285,,
0.8922155688622755,0.5127826941986234,,
0.8922155688622755,0.5129087779690189,,
0.8922155688622755,0.5130349237579931,,
0.8922155688622755,0.5131611316113162,,
0.8922155688622755,0.5132874015748031,,
0.8922155688622755,0.5134137336943145,,
0.8922155688622755,0.5135401280157558,,
0.8922155688622755,0.5136665845850775,,
0.8922155688622755,0.5137931034482759,,
0.8922155688622755,0.5139196846513919,,
0.8922155688622755,0.5140463282405126,,
0.8922155688622755,0.5141730342617697,,
0.8922155688622755,0.5142998027613412,,
0.8922155688622755,0.5144266337854501,,
0.8922155688622755,0.5145535273803651,,
0.8922155688622755,0.5146804835924007,,
0.8922155688622755,0.5148075024679171,,
0.8922155688622755,0.5149345840533202,,
0.8922155688622755,0.5150617283950617,,
0.8922155688622755,0.5151889355396394,,
0.8922155688622755,0.5153162055335968,,
0.8922155688622755,0.5154435384235236,,
0.8922155688622755,0.5155709342560554,,
0.8922155688622755,0.5156983930778739,,
0.8917878528656972,0.5155786350148368,,
0.8917878528656972,0.5157061587929755,,
0.8917878528656972,0.5158337456704601,,
0.8917878528656972,0.5159613956941351,,
0.8917878528656972,0.5160891089108911,,
0.8917878528656972,0.5162168853676653,,
0.8913601368691189,0.516097077761268,,
0.8913601368691189,0.5162249194946743,,
0.8913601368691189,0.5163528245787908,,
0.8913601368691189,0.5164807930607187,,
0.8913601368691189,0.5166088249876054,,
0.8913601368691189,0.5167369204066452,,
0.8913601368691189,0.5168650793650794,,
0.8913601368691189,0.516993301910196,,
0.8913601368691189,0.5171215880893301,,
0.8913601368691189,0.5172499379498635,,
0.8913601368691189,0.5173783515392254,,
0.8913601368691189,0.517506828904892,,
0.8913601368691189,0.5176353700943865,,
0.8913601368691189,0.5177639751552795,,
0.8909324208725407,0.5176441351888668,,
0.8909324208725407,0.5177728063634104,,
0.8909324208725407,0.517901541521631,,
0.8909324208725407,0.5180303407112659,,
0.8909324208725407,0.5181592039800995,,
0.8909324208725407,0.5182881313759642,,
0.8909324208725407,0.5184171229467397,,
0.8905047048759623,0.5182972367438387,,
0.8900769888793841,0.5181772908366534,,
0.8900769888793841,0.5183063511830636,,
0.8900769888793841,0.5184354758345789,,
0.8900769888793841,0.5185646648392723,,
0.8896492728828058,0.518444666001994,,
0.8896492728828058,0.5185739217152829,,
0.8892215568862275,0.5184538653366584,,
0.8887938408896493,0.5183337490646046,,
0.8887938408896493,0.5184630738522954,,
0.8887938408896493,0.5185924631894185,,
0.8887938408896493,0.5187219171243135,,
0.8887938408896493,0.5188514357053683,,
0.8887938408896493,0.518981018981019,,
0.8887938408896493,0.5191106669997502,,
0.8887938408896493,0.519240379810095,,
0.8887938408896493,0.5193701574606349,,
0.8887938408896493,0.5195,,
0.8887938408896493,0.5196299074768692,,
0.8887938408896493,0.51975987993997,,
0.8887938408896493,0.5198899174380786,,
0.8887938408896493,0.52002002002002,,
0.8887938408896493,0.5201501877346684,,
0.8887938408896493,0.5202804206309464,,
0.8887938408896493,0.5204107187578262,,
0.8887938408896493,0.5205410821643287,,
0.888366124893071,0.5204209471310448,,
0.888366124893071,0.5205513784461153,,
0.888366124893071,0.5206818751566809,,
0.888366124893071,0.5208124373119358,,
0.888366124893071,0.5209430649611236,,
0.888366124893071,0.5210737581535374,,
0.8879384088964928,0.5209535759096612,,
0.8879384088964928,0.5210843373493976,,
0.8879384088964928,0.5212151644489078,,
0.8879384088964928,0.5213460572576595,,
0.8879384088964928,0.5214770158251696,,
0.8879384088964928,0.521608040201005,,
0.8879384088964928,0.5217391304347826,,
0.8879384088964928,0.521870286576169,,
0.8879384088964928,0.5220015086748806,,
0.8879384088964928,0.5221327967806841,,
0.8879384088964928,0.5222641509433962,,
0.8875106928999145,0.5221439355812784,,
0.8875106928999145,0.5222753586710295,,
0.8875106928999145,0.5224068479355488,,
0.8875106928999145,0.52253840342483,,
0.8875106928999145,0.5226700251889169,,
0.8875106928999145,0.5228017132779037,,
0.8875106928999145,0.5229334677419355,,
0.8875106928999145,0.5230652886312075,,
0.8875106928999145,0.5231971759959657,,
0.8870829769033362,0.5230769230769231,,
0.886655260906758,0.5229566094853683,,
0.8862275449101796,0.5228362351753721,,
0.8862275449101796,0.5229681978798587,,
0.8862275449101796,0.5231002272153497,,
0.8862275449101796,0.5232323232323233,,
0.8862275449101796,0.5233644859813084,,
0.8862275449101796,0.5234967155128853,,
0.8857998289136013,0.5233762951731109,,
0.8857998289136013,0.5235085945399394,,
0.8857998289136013,0.5236409608091024,,
0.8857998289136013,0.5237733940313607,,
0.8857998289136013,0.523905894257526,,
0.8853721129170231,0.5237854251012146,,
0.8853721129170231,0.5239179954441914,,
0.8853721129170231,0.5240506329113924,,
0.8853721129170231,0.5241833375538111,,
0.8853721129170231,0.5243161094224924,,
0.8853721129170231,0.5244489485685331,,
0.8853721129170231,0.5245818550430816,,
0.8853721129170231,0.5247148288973384,,
0.8853721129170231,0.5248478701825557,,
0.8853721129170231,0.524980978950038,,
0.8853721129170231,0.5251141552511416,,
0.8853721129170231,0.5252473991372748,,
0.8853721129170231,0.5253807106598984,,
0.8853721129170231,0.5255140898705255,,
0.8853721129170231,0.5256475368207212,,
0.8853721129170231,0.5257810515621031,,
0.8853721129170231,0.5259146341463414,,
0.8853721129170231,0.5260482846251588,,
0.8849443969204448,0.5259278088459584,,
0.8849443969204448,0.5260615306381897,,
0.8849443969204448,0.5261953204476093,,
0.8849443969204448,0.5263291783261257,,
0.8849443969204448,0.5264631043256998,,
0.8849443969204448,0.5265970984983457,,
0.8849443969204448,0.5267311608961304,,
0.8849443969204448,0.5268652915711739,,
0.8845166809238666,0.5267447784004076,,
0.8840889649272883,0.5266242038216561,,
0.88366124893071,0.5265035677879715,,
0.88366124893071,0.5266377772113179,,
0.88366124893071,0.5267720550739419,,
0.88366124893071,0.5269064014282071,,
0.88366124893071,0.5270408163265307,,
0.88366124893071,0.527175299821383,,
0.88366124893071,0.5273098519652885,,
0.88366124893071,0.5274444728108246,,
0.88366124893071,0.5275791624106231,,
0.88366124893071,0.5277139208173691,,
0.88366124893071,0.5278487480838018,,
0.8832335329341318,0.5277280858676208,,
0.8832335329341318,0.5278629856850716,,
0.8832335329341318,0.5279979544873434,,
0.8832335329341318,0.5281329923273658,,
0.8832335329341318,0.5282680992581222,,
0.8828058169375534,0.5281473899692938,,
0.8823781009409752,0.5280266188891732,,
0.8823781009409752,0.5281618023553507,,
0.8823781009409752,0.5282970550576185,,
0.8823781009409752,0.5284323770491803,,
0.8823781009409752,0.5285677683832949,,
0.8823781009409752,0.5287032291132753,,
0.8819503849443969,0.5285824147654448,,
0.8815226689478186,0.5284615384615384,,
0.8810949529512404,0.5283406001538856,,
0.8810949529512404,0.5284761416110826,,
0.8810949529512404,0.5286117526302284,,
0.8806672369546621,0.5284907597535934,,
0.8806672369546621,0.5286264441591785,,
0.8806672369546621,0.5287621982537237,,
0.8806672369546621,0.5288980220909324,,
0.8806672369546621,0.5290339157245632,,
0.8802395209580839,0.5289128758673862,,
0.8798118049615056,0.5287917737789203,,
0.8793840889649273,0.5286706094111597,,
0.8793840889649273,0.5288065843621399,,
0.8793840889649273,0.5289426292770775,,
0.8793840889649273,0.5290787442099846,,
0.8793840889649273,0.5292149292149292,,
0.8793840889649273,0.529351184346035,,
0.8793840889649273,0.5294875096574814,,
0.8793840889649273,0.5296239052035033,,
0.8793840889649273,0.5297603710383921,,
0.8793840889649273,0.5298969072164949,,
0.8793840889649273,0.5300335137922145,,
0.8793840889649273,0.5301701908200103,,
0.8793840889649273,0.5303069383543977,,
0.8793840889649273,0.5304437564499485,,
0.8793840889649273,0.5305806451612903,,
0.878956372968349,0.5304594734124936,,
0.878956372968349,0.530596436870643,,
0.878956372968349,0.5307334710743802,,
0.878956372968349,0.5308705760785327,,
0.8785286569717707,0.530749354005168,,
0.8785286569717707,0.5308865339881106,,
0.8785286569717707,0.5310237849017581,,
0.8785286569717707,0.5311611068011378,,
0.8781009409751924,0.5310398344542162,,
0.8781009409751924,0.5311772315653299,,
0.8781009409751924,0.5313146997929606,,
0.8781009409751924,0.5314522391923375,,
0.8781009409751924,0.5315898498187468,,
0.8781009409751924,0.5317275317275317,,
0.8781009409751924,0.5318652849740932,,
0.8776732249786142,0.5317439751230889,,
0.8776732249786142,0.5318818040435459,,
0.8776732249786142,0.5320197044334976,,
0.8776732249786142,0.5321576763485477,,
0.8772455089820359,0.5320363164721141,,
0.8772455089820359,0.5321743642968345,,
0.8772455089820359,0.5323124837788736,,
0.8768177929854577,0.5321910695742471,,
0.8763900769888794,0.5320695923136848,,
0.8763900769888794,0.5322077922077922,,
0.8763900769888794,0.5323460639127046,,
0.8763900769888794,0.5324844074844075,,
0.8763900769888794,0.5326228229789446,,
0.8763900769888794,0.5327613104524181,,
0.8763900769888794,0.5328998699609883,,
0.8763900769888794,0.5330385015608741,,
0.8759623609923011,0.5329169919333854,,
0.8755346449957229,0.5327954190525768,,
0.8755346449957229,0.5329341317365269,,
0.8755346449957229,0.5330729166666667,,
0.8755346449957229,0.533211773899453,,
0.8755346449957229,0.5333507034914018,,
0.8751069289991446,0.5332290852228303,,
0.8751069289991446,0.5333680917622523,,
0.8751069289991446,0.5335071707953064,,
0.8746792130025663,0.5333854981742305,,
0.8746792130025663,0.5335246543177667,,
0.8746792130025663,0.5336638830897703,,
0.8746792130025663,0.5338031845471156,,
0.8746792130025663,0.5339425587467362,,
0.874251497005988,0.5338208409506399,,
0.8738237810094097,0.5336990595611285,,
0.8738237810094097,0.5338385158087274,,
0.8738237810094097,0.5339780449555672,,
0.8738237810094097,0.5341176470588235,,
0.8733960650128315,0.5339958158995816,,
0.8733960650128315,0.5341354956840177,,
0.8733960650128315,0.5342752485609629,,
0.8733960650128315,0.5344150745878042,,
0.8733960650128315,0.5345549738219896,,
0.8733960650128315,0.5346949463210264,,
0.8733960650128315,0.534834992142483,,
0.8733960650128315,0.5349751113439875,,
0.8733960650128315,0.5351153039832285,,
0.8733960650128315,0.5352555701179554,,
0.8729683490162532,0.5351337178814892,,
0.8729683490162532,0.5352740624180435,,
0.8725406330196749,0.5351521511017838,,
0.8725406330196749,0.5352925741275256,,
0.8725406330196749,0.5354330708661418,,
0.8721129170230967,0.5353111052769756,,
0.8721129170230967,0.5354516806722689,,
0.8721129170230967,0.5355923299185711,,
0.8721129170230967,0.5357330530740936,,
0.8721129170230967,0.5358738501971091,,
0.8721129170230967,0.5360147213459516,,
0.8721129170230967,0.5361556665790166,,
0.8721129170230967,0.5362966859547607,,
0.8721129170230967,0.5364377795317021,,
0.8721129170230967,0.536578947368421,,
0.8721129170230967,0.5367201895235588,,
0.8721129170230967,0.5368615060558188,,
0.8721129170230967,0.5370028970239663,,
0.8721129170230967,0.5371443624868283,,
0.8716852010265184,0.5370223978919632,,
0.8716852010265184,0.5371639430680021,,
0.8716852010265184,0.5373055628789876,,
0.8716852010265184,0.5374472573839663,,
0.8716852010265184,0.537589026642047,,
0.8716852010265184,0.5377308707124011,,
0.8712574850299402,0.5376088677751386,,
0.8712574850299402,0.5377507919746568,,
0.8712574850299402,0.5378927911275416,,
0.8712574850299402,0.5380348652931854,,
0.8708297690333618,0.5379128137384412,,
0.8708297690333618,0.5380549682875264,,
0.8708297690333618,0.5381971979910124,,
0.8708297690333618,0.5383395029085141,,
0.8708297690333618,0.5384818830997091,,
0.8708297690333618,0.5386243386243387,,
0.8708297690333618,0.538766869542207,,
0.8708297690333618,0.5389094759131816,,
0.8708297690333618,0.5390521577971935,,
0.8708297690333618,0.5391949152542372,,
0.8708297690333618,0.5393377483443709,,
0.8708297690333618,0.539480657127716,,
0.8708297690333618,0.539623641664458,,
0.8708297690333618,0.5397667020148462,,
0.8704020530367835,0.539644656589764,,
0.8704020530367835,0.5397877984084881,,
0.8704020530367835,0.5399310161846643,,
0.8704020530367835,0.5400743099787686,,
0.8704020530367835,0.5402176798513406,,
0.8704020530367835,0.5403611258629846,,
0.8704020530367835,0.5405046480743692,,
0.8704020530367835,0.5406482465462275,,
0.8699743370402053,0.5405261759234653,,
0.8699743370402053,0.5406698564593302,,
0.8699743370402053,0.5408136134006913,,
0.8699743370402053,0.5409574468085107,,
0.869546621043627,0.5408353285448257,,
0.869546621043627,0.5409792442788718,,
0.869546621043627,0.5411232366249668,,
0.869546621043627,0.5412673056443025,,
0.869546621043627,0.5414114513981358,,
0.869546621043627,0.541555673947789,,
0.869546621043627,0.5416999733546496,,
0.8691189050470488,0.5415778251599147,,
0.8686911890504705,0.5414556118368435,,
0.8686911890504705,0.5416,,
0.8686911890504705,0.5417444651907175,,
0.8686911890504705,0.541889007470651,,
0.8686911890504705,0.5420336269015212,,
0.8686911890504705,0.5421783235451147,,
0.8686911890504705,0.5423230974632843,,
0.8686911890504705,0.5424679487179487,,
0.8686911890504705,0.5426128773710928,,
0.8682634730538922,0.5424906467129877,,
0.8682634730538922,0.5426356589147286,,
0.8682634730538922,0.5427807486631016,,
0.8682634730538922,0.5429259160203262,,
0.8682634730538922,0.5430711610486891,,
0.8682634730538922,0.5432164838105432,,
0.8682634730538922,0.5433618843683083,,
0.8682634730538922,0.5435073627844712,,
0.867835757057314,0.5433851098018211,,
0.867835757057314,0.5435306723814626,,
0.867835757057314,0.5436763129689175,,
0.867835757057314,0.5438220316269097,,
0.867835757057314,0.5439678284182305,,
0.867835757057314,0.5441137034057388,,
0.867835757057314,0.5442596566523605,,
0.8674080410607357,0.5441373759055541,,
0.8674080410607357,0.5442834138486312,,
0.8674080410607357,0.5444295302013423,,
0.8674080410607357,0.5445757250268528,,
0.8674080410607357,0.5447219983883964,,
0.8674080410607357,0.5448683503492746,,
0.8674080410607357,0.5450147809728567,,
0.8669803250641575,0.5448924731182796,,
0.8665526090675791,0.5447700994891099,,
0.8665526090675791,0.5449166218396988,,
0.8665526090675791,0.5450632230293248,,
0.8661248930710008,0.5449407965554359,,
0.8661248930710008,0.5450874831763123,,
0.8656971770744226,0.5449649973074852,,
0.8652694610778443,0.5448424454618906,,
0.8652694610778443,0.544989224137931,,
0.8652694610778443,0.5451360819186203,,
0.8652694610778443,0.5452830188679245,,
0.8652694610778443,0.5454300350498786,,
0.8652694610778443,0.5455771305285868,,
0.8652694610778443,0.5457243053682223,,
0.8652694610778443,0.5458715596330275,,
0.8652694610778443,0.5460188933873145,,
0.8652694610778443,0.5461663066954644,,
0.8652694610778443,0.5463137996219282,,
0.8652694610778443,0.5464613722312264,,
0.8652694610778443,0.5466090245879492,,
0.8652694610778443,0.5467567567567567,,
0.8652694610778443,0.546904568802379,,
0.8652694610778443,0.547052460789616,,
0.8652694610778443,0.5472004327833379,,
0.864841745081266,0.547077922077922,,
0.8644140290846878,0.546955345060893,,
0.8644140290846878,0.547103410936654,,
0.8644140290846878,0.5472515569997293,,
0.8639863130881095,0.5471289274106176,,
0.8639863130881095,0.5472771606610675,,
0.8639863130881095,0.5474254742547425,,
0.8639863130881095,0.5475738682569802,,
0.8639863130881095,0.5477223427331888,,
0.8639863130881095,0.5478708977488473,,
0.8639863130881095,0.5480195333695063,,
0.8635585970915313,0.5478968792401628,,
0.8635585970915313,0.5480456026058632,,
0.8635585970915313,0.5481944067336411,,
0.8635585970915313,0.5483432916892993,,
0.863130881094953,0.5482205922303722,,
0.863130881094953,0.5483695652173913,,
0.8627031650983746,0.5482468061973362,,
0.8622754491017964,0.5481239804241436,,
0.8622754491017964,0.5482730486809899,,
0.8622754491017964,0.5484221980413493,,
0.8622754491017964,0.5485714285714286,,
0.8622754491017964,0.5487207403375068,,
0.8622754491017964,0.5488701334059352,,
0.8622754491017964,0.5490196078431373,,
0.8618477331052181,0.5488967583764642,,
0.8614200171086399,0.5487738419618529,,
0.8614200171086399,0.5489234123739438,,
0.8614200171086399,0.54907306434024,,
0.8609923011120616,0.5489500954458686,,
0.8609923011120616,0.5490998363338789,,
0.8609923011120616,0.54924965893588,,
0.8605645851154833,0.5491266375545851,,
0.8605645851154833,0.5492765492765492,,
0.8601368691189051,0.5491534680502458,,
0.8597091531223268,0.5490303195848129,,
0.8597091531223268,0.5491803278688525,,
0.8592814371257484,0.5490571194315387,,
0.8592814371257484,0.549207217058502,,
0.8592814371257484,0.5493573967733114,,
0.8592814371257484,0.5495076586433261,,
0.8592814371257484,0.5496580027359781,,
0.8592814371257484,0.5498084291187739,,
0.8588537211291702,0.5496851902545853,,
0.8588537211291702,0.5498357064622125,,
0.8588537211291702,0.5499863051218844,,
0.8584260051325919,0.5498630136986301,,
0.8584260051325919,0.5500137023842149,,
0.8579982891360137,0.549890350877193,,
0.8575705731394354,0.5497669317247053,,
0.8575705731394354,0.549917718047175,,
0.8575705731394354,0.5500685871056241,,
0.8575705731394354,0.5502195389681669,,
0.8575705731394354,0.550370573702992,,
0.8571428571428571,0.5502471169686985,,
0.8571428571428571,0.5503982422411425,,
0.8571428571428571,0.5505494505494506,,
0.8571428571428571,0.5507007419620775,,
0.8571428571428571,0.5508521165475536,,
0.8571428571428571,0.5510035743744844,,
0.8571428571428571,0.5511551155115512,,
0.8571428571428571,0.5513067400275103,,
0.8571428571428571,0.5514584479911943,,
0.8567151411462789,0.5513349848609964,,
0.8567151411462789,0.5514867841409692,,
0.8567151411462789,0.551638667033875,,
0.8567151411462789,0.5517906336088154,,
0.8567151411462789,0.5519426839349683,,
0.8567151411462789,0.5520948180815877,,
0.8562874251497006,0.5519713261648745,,
0.8562874251497006,0.5521235521235521,,
0.8562874251497006,0.5522758620689655,,
0.8558597091531224,0.5521523178807947,,
0.8558597091531224,0.552304719845432,,
0.8558597091531224,0.5524572059635561,,
0.8558597091531224,0.5526097763048882,,
0.8558597091531224,0.5527624309392265,,
0.8558597091531224,0.5529151699364465,,
0.8558597091531224,0.5530679933665008,,
0.8558597091531224,0.5532209012994194,,
0.8558597091531224,0.5533738938053098,,
0.8558597091531224,0.5535269709543569,,
0.8558597091531224,0.5536801328168235,,
0.8558597091531224,0.5538333794630501,,
0.8558597091531224,0.5539867109634552,,
0.8558597091531224,0.554140127388535,,
0.8554319931565441,0.554016620498615,,
0.8550042771599657,0.5538930451648656,,
0.8550042771599657,0.5540465631929047,,
0.8550042771599657,0.5542001663432216,,
0.8545765611633875,0.5540765391014975,,
0.8541488451668092,0.5539528432732316,,
0.8541488451668092,0.5541065482796892,,
0.8541488451668092,0.5542603386067166,,
0.853721129170231,0.5541365907828983,,
0.8532934131736527,0.5540127742293808,,
0.8532934131736527,0.5541666666666667,,
0.8528656971770744,0.5540427896637955,,
0.8528656971770744,0.5541967759866593,,
0.8528656971770744,0.5543508479288296,,
0.8528656971770744,0.5545050055617352,,
0.8528656971770744,0.5546592489568846,,
0.8528656971770744,0.5548135781858653,,
0.8528656971770744,0.5549679933203451,,
0.8528656971770744,0.5551224944320713,,
0.8528656971770744,0.555277081592871,,
0.8528656971770744,0.5554317548746518,,
0.8528656971770744,0.555586514349401,,
0.8528656971770744,0.5557413600891862,,
0.8528656971770744,0.5558962921661555,,
0.8528656971770744,0.5560513106525377,,
0.8524379811804962,0.5559274755927476,,
0.8520102651839179,0.5558035714285714,,
0.8520102651839179,0.5559586938319844,,
0.8520102651839179,0.5561139028475712,,
0.8520102651839179,0.5562691985478917,,
0.8515825491873396,0.556145251396648,,
0.8515825491873396,0.5563006426376083,,
0.8515825491873396,0.5564561207378423,,
0.8515825491873396,0.5566116857701985,,
0.8515825491873396,0.5567673378076062,,
0.8515825491873396,0.556923076923077,,
0.8515825491873396,0.5570789031897034,,
0.8515825491873396,0.5572348166806605,,
0.8515825491873396,0.5573908174692049,,
0.8515825491873396,0.5575469056286755,,
0.8515825491873396,0.557703081232493,,
0.8511548331907614,0.5575791538246008,,
0.8511548331907614,0.5577354260089686,,
0.850727117194183,0.5576114381833474,,
0.850727117194183,0.5577678070667415,,
0.850727117194183,0.5579242636746143,,
0.850727117194183,0.5580808080808081,,
0.850727117194183,0.5582374403592478,,
0.850727117194183,0.5583941605839416,,
0.8502994011976048,0.558270148834597,,
0.8502994011976048,0.5584269662921348,,
0.8502994011976048,0.558583871874122,,
0.8498716852010265,0.558459808881394,,
0.8498716852010265,0.5586168119201574,,
0.8498716852010265,0.5587739032620922,,
0.8498716852010265,0.5589310829817159,,
0.8498716852010265,0.5590883511536298,,
0.8498716852010265,0.559245707852519,,
0.8494439692044482,0.5591216216216216,,
0.8494439692044482,0.5592790763165305,,
0.8494439692044482,0.5594366197183098,,
0.84901625320787,0.5593124823894055,,
0.84901625320787,0.5594701240135288,,
0.84901625320787,0.5596278545249507,,
0.84901625320787,0.5597856739988719,,
0.8485885372112917,0.5596614950634696,,
0.8485885372112917,0.5598194130925508,,
0.8485885372112917,0.5599774202653118,,
0.8485885372112917,0.5601355166572558,,
0.8481608212147135,0.5600112962439989,,
0.8481608212147135,0.5601694915254237,,
0.8481608212147135,0.5603277762079684,,
0.8477331052181352,0.5602035048049746,,
0.8477331052181352,0.5603618886061634,,
0.8477331052181352,0.5605203619909502,,
0.8477331052181352,0.5606789250353607,,
0.8473053892215568,0.5605546123372949,,
0.8473053892215568,0.5607132748372488,,
0.8473053892215568,0.5608720271800679,,
0.8468776732249786,0.5607476635514018,,
0.8468776732249786,0.5609065155807366,,
0.8464499572284003,0.5607820912439785,,
0.8464499572284003,0.5609410430839002,,
0.8464499572284003,0.561100085058123,,
0.8464499572284003,0.5612592172433353,,
0.8464499572284003,0.5614184397163121,,
0.8464499572284003,0.561577752553916,,
0.8460222412318221,0.5614533068407607,,
0.8455945252352438,0.561328790459966,,
0.8455945252352438,0.5614882135756887,,
0.8451668092386655,0.5613636363636364,,
0.8451668092386655,0.5615231599886331,,
0.8451668092386655,0.5616827743035816,,
0.8451668092386655,0.5618424793858402,,
0.8451668092386655,0.5620022753128555,,
0.8451668092386655,0.5621621621621622,,
0.8447390932420873,0.5620375640295959,,
0.844311377245509,0.5619128949615713,,
0.844311377245509,0.5620728929384966,,
0.844311377245509,0.5622329820563942,,
0.844311377245509,0.5623931623931624,,
0.844311377245509,0.5625534340267883,,
0.8438836612489307,0.5624287343215507,,
0.8438836612489307,0.5625891074992871,,
0.8438836612489307,0.5627495721620079,,
0.8434559452523525,0.5626248216833095,,
0.8434559452523525,0.5627853881278538,,
0.8434559452523525,0.5629460462460748,,
0.8434559452523525,0.5631067961165048,,
0.8430282292557741,0.5629820051413882,,
0.8426005132591959,0.5628571428571428,,
0.8426005132591959,0.563018005144327,,
0.8426005132591959,0.5631789594053745,,
0.8421727972626176,0.5630540463254218,,
0.8421727972626176,0.5632151029748284,,
0.8417450812660393,0.5630901287553648,,
0.8417450812660393,0.5632512879221523,,
0.8417450812660393,0.5634125393644431,,
0.8417450812660393,0.563573883161512,,
0.8417450812660393,0.5637353193927241,,
0.8417450812660393,0.5638968481375358,,
0.8417450812660393,0.5640584694754944,,
0.8417450812660393,0.5642201834862385,,
0.8417450812660393,0.5643819902494981,,
0.8413173652694611,0.5642570281124498,,
0.8408896492728828,0.564131994261119,,
0.8408896492728828,0.5642939150401837,,
0.8408896492728828,0.5644559287970141,,
0.8408896492728828,0.5646180356117174,,
0.8404619332763046,0.5644929617925883,,
0.8404619332763046,0.5646551724137931,,
0.8404619332763046,0.5648174762862892,,
0.8400342172797263,0.5646923519263944,,
0.8400342172797263,0.5648547598504458,,
0.8400342172797263,0.5650172612197929,,
0.8400342172797263,0.5651798561151079,,
0.8400342172797263,0.565342544617156,,
0.8400342172797263,0.5655053268067953,,
0.8400342172797263,0.565668202764977,,
0.8400342172797263,0.5658311725727456,,
0.8400342172797263,0.5659942363112392,,
0.839606501283148,0.5658691265494379,,
0.839606501283148,0.5660322952710496,,
0.839606501283148,0.5661955581194116,,
0.839606501283148,0.5663589151759953,,
0.8391787852865698,0.5662337662337662,,
0.8391787852865698,0.5663972286374134,,
0.8387510692899914,0.5662720184810858,,
0.8387510692899914,0.5664355863662622,,
0.8387510692899914,0.5665992487720312,,
0.8387510692899914,0.5667630057803468,,
0.8387510692899914,0.5669268574732582,,
0.8387510692899914,0.5670908039329092,,
0.8383233532934131,0.5669655770899624,,
0.8383233532934131,0.5671296296296297,,
0.8383233532934131,0.5672937771345875,,
0.8383233532934131,0.567458019687319,,
0.8383233532934131,0.5676223573704026,,
0.8378956372968349,0.5674971031286211,,
0.8374679213002566,0.5673717762967256,,
0.8374679213002566,0.567536231884058,,
0.8374679213002566,0.5677007828356045,,
0.8374679213002566,0.5678654292343387,,
0.8370402053036784,0.5677400638236147,,
0.8370402053036784,0.5679048171793384,,
0.8370402053036784,0.5680696661828737,,
0.8366124893071001,0.5679442508710801,,
0.8366124893071001,0.5681092070868429,,
0.8366124893071001,0.568274259151656,,
0.8366124893071001,0.5684394071490846,,
0.8366124893071001,0.5686046511627907,,
0.8366124893071001,0.5687699912765338,,
0.8361847733105218,0.5686445607911577,,
0.8357570573139436,0.568519057317428,,
0.8353293413173652,0.5683934807916181,,
0.8353293413173652,0.5685589519650655,,
0.8353293413173652,0.5687245195107746,,
0.8353293413173652,0.5688901835129624,,
0.8353293413173652,0.5690559440559441,,
0.834901625320787,0.5689303410084523,,
0.834901625320787,0.5690962099125364,,
0.834901625320787,0.5692621755613881,,
0.834901625320787,0.5694282380396732,,
0.834901625320787,0.5695943974321565,,
0.834901625320787,0.5697606538237011,,
0.834901625320787,0.56992700729927,,
0.834901625320787,0.5700934579439252,,
0.834901625320787,0.5702600058428279,,
0.834901625320787,0.570426651081239,,
0.8344739093242087,0.5703010815551008,,
0.8340461933276304,0.5701754385964912,,
0.8340461933276304,0.5703422053231939,,
0.8336184773310522,0.5702165008777063,,
0.8336184773310522,0.5703833772314896,,
0.8331907613344739,0.5702576112412178,,
0.8331907613344739,0.5704245973645681,,
0.8331907613344739,0.5705916813122437,,
0.8331907613344739,0.5707588631702315,,
0.8331907613344739,0.570926143024619,,
0.8331907613344739,0.5710935209615948,,
0.8331907613344739,0.5712609970674487,,
0.8331907613344739,0.5714285714285714,,
0.8331907613344739,0.5715962441314554,,
0.8331907613344739,0.5717640152626945,,
0.8327630453378957,0.5716382853787434,,
0.8327630453378957,0.5718061674008811,,
0.8323353293413174,0.5716803760282021,,
0.8319076133447391,0.5715545107258302,,
0.8319076133447391,0.5717225161669606,,
0.8319076133447391,0.571890620405763,,
0.8319076133447391,0.5720588235294117,,
0.8319076133447391,0.5722271256251839,,
0.8319076133447391,0.5723955267804591,,
0.8319076133447391,0.57256402708272,,
0.8319076133447391,0.5727326266195524,,
0.8319076133447391,0.572901325478645,,
0.8319076133447391,0.5730701237477902,,
0.8319076133447391,0.5732390215148836,,
0.8319076133447391,0.5734080188679245,,
0.8319076133447391,0.5735771158950163,,
0.8314798973481609,0.5734513274336284,,
0.8314798973481609,0.5736205370315728,,
0.8314798973481609,0.5737898465171193,,
0.8310521813515825,0.573664009447889,,
0.8310521813515825,0.573833431777909,,
0.8306244653550042,0.5737075332348597,,
0.8306244653550042,0.5738770685579196,,
0.8306244653550042,0.5740467041087792,,
0.8306244653550042,0.5742164399763453,,
0.8306244653550042,0.5743862762496302,,
0.8306244653550042,0.5745562130177515,,
0.8306244653550042,0.574726250369932,,
0.8306244653550042,0.5748963883955003,,
0.8306244653550042,0.575066627183891,,
0.8306244653550042,0.5752369668246445,,
0.8306244653550042,0.5754074074074074,,
0.8306244653550042,0.5755779490219324,,
0.830196749358426,0.5754521197746812,,
0.830196749358426,0.5756227758007118,,
0.830196749358426,0.5757935330762385,,
0.830196749358426,0.5759643916913947,,
0.830196749358426,0.5761353517364203,,
0.830196749358426,0.5763064133016627,,
0.8297690333618477,0.5761805761805762,,
0.8297690333618477,0.5763517528223411,,
0.8297690333618477,0.5765230312035661,,
0.8297690333618477,0.5766944114149821,,
0.8293413173652695,0.5765685399940529,,
0.8293413173652695,0.5767400356930399,,
0.8293413173652695,0.5769116334424278,,
0.8289136013686912,0.5767857142857142,,
0.8289136013686912,0.5769574278058947,,
0.8289136013686912,0.5771292435973794,,
0.8289136013686912,0.5773011617515639,,
0.8284858853721129,0.5771752085816448,,
0.8284858853721129,0.5773472429210134,,
0.8284858853721129,0.5775193798449613,,
0.8280581693755347,0.5773933790635252,,
0.8280581693755347,0.5775656324582339,,
0.8280581693755347,0.5777379886601015,,
0.8280581693755347,0.577910447761194,,
0.8276304533789564,0.5777844132576888,,
0.8276304533789564,0.5779569892473119,,
0.8276304533789564,0.5781296683597251,,
0.8276304533789564,0.578302450687388,,
0.8276304533789564,0.57847533632287,,
0.8276304533789564,0.5786483253588517,,
0.8276304533789564,0.5788214178881245,,
0.8276304533789564,0.5789946140035906,,
0.8276304533789564,0.579167913798264,,
0.8276304533789564,0.5793413173652695,,
0.8276304533789564,0.5795148247978437,,
0.8276304533789564,0.579688436189335,,
0.8276304533789564,0.5798621516332034,,
0.8276304533789564,0.5800359712230215,,
0.8276304533789564,0.5802098950524738,,
0.8276304533789564,0.5803839232153569,,
0.8276304533789564,0.5805580558055805,,
0.8272027373823782,0.5804321728691476,,
0.8272027373823782,0.580606424497148,,
0.8267750213857998,0.5804804804804805,,
0.8267750213857998,0.5806548513066987,,
0.8267750213857998,0.5808293269230769,,
0.8263473053892215,0.5807033363390441,,
0.8263473053892215,0.5808779314491882,,
0.8263473053892215,0.5810526315789474,,
0.8263473053892215,0.5812274368231047,,
0.8263473053892215,0.5814023472765574,,
0.8263473053892215,0.5815773630343167,,
0.8263473053892215,0.5817524841915086,,
0.8263473053892215,0.5819277108433735,,
0.8259195893926433,0.5818017475143116,,
0.8259195893926433,0.5819770946353224,,
0.825491873396065,0.5818510702441966,,
0.825491873396065,0.5820265379975874,,
0.825491873396065,0.5822021116138764,,
0.825491873396065,0.5823777911888955,,
0.825491873396065,0.5825535768185934,,
0.825491873396065,0.5827294685990339,,
0.8250641573994867,0.5826034430685594,,
0.8250641573994867,0.5827794561933535,,
0.8250641573994867,0.5829555757026292,,
0.8250641573994867,0.5831318016928658,,
0.8250641573994867,0.5833081342606592,,
0.8250641573994867,0.5834845735027223,,
0.8250641573994867,0.5836611195158851,,
0.8250641573994867,0.5838377723970944,,
0.8246364414029085,0.5837117771722676,,
0.8246364414029085,0.5838885523924894,,
0.8246364414029085,0.5840654347167525,,
0.8242087254063302,0.583939393939394,,
0.823781009409752,0.5838132767505305,,
0.8233532934131736,0.583687083080655,,
0.8233532934131736,0.583864118895966,,
0.8229255774165953,0.5837378640776699,,
0.8229255774165953,0.5839150227617602,,
0.8229255774165953,0.5840922890103218,,
0.8224978614200171,0.5839659884603705,,
0.8224978614200171,0.5841433778857837,,
0.8220701454234388,0.5840170161045275,,
0.8216424294268606,0.5838905775075988,,
0.8216424294268606,0.5840681058072362,,
0.8212147134302823,0.583941605839416,,
0.8212147134302823,0.5841192576817767,,
0.8212147134302823,0.5842970176506391,,
0.8212147134302823,0.5844748858447488,,
0.8212147134302823,0.584652862362972,,
0.8212147134302823,0.5848309473042949,,
0.820786997433704,0.5847044485070079,,
0.820786997433704,0.584882657726303,,
0.8203592814371258,0.5847560975609756,,
0.8203592814371258,0.5849344312290332,,
0.8203592814371258,0.5851128737034778,,
0.8203592814371258,0.5852914250839182,,
0.8203592814371258,0.5854700854700855,,
0.8203592814371258,0.585648854961832,,
0.8199315654405475,0.5855222968845449,,
0.8195038494439693,0.5853956614726551,,
0.8195038494439693,0.5855745721271394,,
0.8195038494439693,0.5857535921736472,,
0.8190761334473909,0.5856269113149847,,
0.8190761334473909,0.585806056898134,,
0.8190761334473909,0.585985312117503,,
0.8190761334473909,0.586164677073768,,
0.8186484174508126,0.5860379669320269,,
0.8186484174508126,0.5862174578866769,,
0.8186484174508126,0.5863970588235294,,
0.8186484174508126,0.5865767698437021,,
0.8186484174508126,0.5867565910484366,,
0.8186484174508126,0.5869365225390984,,
0.8186484174508126,0.587116564417178,,
0.8186484174508126,0.5872967167842896,,
0.8186484174508126,0.5874769797421732,,
0.8182207014542344,0.5873503223825607,,
0.8182207014542344,0.5875307125307125,,
0.8182207014542344,0.5877112135176651,,
0.8182207014542344,0.5878918254456054,,
0.8182207014542344,0.588072548416846,,
0.8182207014542344,0.5882533825338253,,
0.8177929854576561,0.5881267302368502,,
0.8177929854576561,0.5883076923076923,,
0.8177929854576561,0.5884887657740844,,
0.8177929854576561,0.5886699507389163,,
0.8177929854576561,0.5888512473052048,,
0.8173652694610778,0.588724584103512,,
0.8173652694610778,0.5889060092449923,,
0.8169375534644996,0.5887792848335388,,
0.8169375534644996,0.5889608387295714,,
0.8165098374679213,0.5888340530536705,,
0.8160821214713431,0.5887071891391545,,
0.8160821214713431,0.5888888888888889,,
0.8156544054747648,0.5887619635690028,,
0.8156544054747648,0.5889437924644843,,
0.8156544054747648,0.589125733704047,,
0.8156544054747648,0.5893077873918418,,
0.8156544054747648,0.5894899536321484,,
0.8156544054747648,0.5896722325293754,,
0.8156544054747648,0.5898546241880607,,
0.8156544054747648,0.5900371287128713,,
0.8152266894781864,0.5899102445063448,,
0.8152266894781864,0.590092879256966,,
0.8152266894781864,0.5902756271291422,,
0.8152266894781864,0.590458488228005,,
0.8152266894781864,0.5906414626588162,,
0.8152266894781864,0.5908245505269684,,
0.8152266894781864,0.5910077519379845,,
0.8152266894781864,0.5911910669975186,,
0.8152266894781864,0.5913744958113559,,
0.8152266894781864,0.5915580384854128,,
0.8152266894781864,0.5917416951257374,,
0.8152266894781864,0.5919254658385094,,
0.8152266894781864,0.5921093507300403,,
0.8147989734816082,0.5919825978868862,,
0.8143712574850299,0.5918557662418402,,
0.8143712574850299,0.5920398009950248,,
0.8143712574850299,0.5922239502332814,,
0.8139435414884517,0.5920970752955819,,
0.8135158254918734,0.5919701213818861,,
0.8130881094952951,0.5918430884184309,,
0.8130881094952951,0.592027405792588,,
0.8130881094952951,0.5922118380062306,,
0.8126603934987169,0.5920847616079775,,
0.8126603934987169,0.5922693266832918,,
0.8126603934987169,0.5924540068599937,,
0.8126603934987169,0.5926388022457891,,
0.8126603934987169,0.592823712948518,,
0.8126603934987169,0.5930087390761548,,
0.8126603934987169,0.5931938807368092,,
0.8122326775021386,0.5930668332292317,,
0.8118049615055604,0.5929397063417682,,
0.8118049615055604,0.593125,,
0.811377245508982,0.5929978118161926,,
0.811377245508982,0.593183239524703,,
0.811377245508982,0.5933687832342821,,
0.811377245508982,0.5935544430538173,,
0.8109495295124037,0.5934272300469483,,
0.8105218135158255,0.5932999373825923,,
0.8105218135158255,0.5934857500782963,,
0.8105218135158255,0.593671679197995,,
0.8105218135158255,0.5938577248511439,,
0.8105218135158255,0.5940438871473355,,
0.8105218135158255,0.5942301661962998,,
0.8105218135158255,0.5944165621079046,,
0.8105218135158255,0.5946030749921556,,
0.8105218135158255,0.5947897049591965,,
0.8100940975192472,0.5946624803767661,,
0.8096663815226689,0.594535175879397,,
0.8096663815226689,0.5947219604147032,,
0.8092386655260907,0.5945945945945946,,
0.8092386655260907,0.5947815152467777,,
0.8092386655260907,0.5949685534591195,,
0.8092386655260907,0.5951557093425606,,
0.8092386655260907,0.5953429830081812,,
0.8092386655260907,0.5955303745672018,,
0.8092386655260907,0.5957178841309824,,
0.8088109495295124,0.5955905511811024,,
0.8088109495295124,0.5957781978575929,,
0.8083832335329342,0.5956508036558462,,
0.8083832335329342,0.5958385876418664,,
0.8079555175363559,0.5957111321349732,,
0.8079555175363559,0.5958990536277603,,
0.8075278015397775,0.5957715367623856,,
0.8071000855431993,0.5956439393939394,,
0.8071000855431993,0.5958320176823493,,
0.8071000855431993,0.5960202147820594,,
0.806672369546621,0.5958925750394944,,
0.806672369546621,0.5960809102402023,,
0.8062446535500428,0.5959532089788175,,
0.8058169375534645,0.5958254269449715,,
0.8053892215568862,0.5956975640620057,,
0.8053892215568862,0.595886075949367,,
0.8053892215568862,0.5960747071858183,,
0.8053892215568862,0.5962634578847372,,
0.8053892215568862,0.5964523281596452,,
0.8053892215568862,0.5966413181242078,,
0.804961505560308,0.596513470681458,,
0.804961505560308,0.5967025998731769,,
0.804961505560308,0.5968918490326673,,
0.804961505560308,0.5970812182741116,,
0.8045337895637297,0.5969533481434465,,
0.8045337895637297,0.5971428571428572,,
0.8045337895637297,0.597332486503652,,
0.8045337895637297,0.5975222363405337,,
0.8045337895637297,0.5977121067683508,,
0.8041060735671514,0.5975842339478703,,
0.8041060735671514,0.5977742448330684,,
0.8036783575705732,0.59764631043257,,
0.8032506415739948,0.5975182946229717,,
0.8028229255774166,0.5973901973265436,,
0.8028229255774166,0.597580388411334,,
0.8028229255774166,0.5977707006369427,,
0.8028229255774166,0.5979611341191462,,
0.8028229255774166,0.5981516889738687,,
0.8028229255774166,0.598342365317182,,
0.8023952095808383,0.5982142857142857,,
0.8023952095808383,0.5984051036682616,,
0.8023952095808383,0.5985960433950224,,
0.8023952095808383,0.5987871050111714,,
0.80196749358426,0.5986590038314177,,
0.80196749358426,0.5988502076014053,,
0.80196749358426,0.5990415335463258,,
0.80196749358426,0.5992329817833174,,
0.80196749358426,0.5994245524296675,,
0.80196749358426,0.5996162456028142,,
0.8015397775876818,0.599488163787588,,
0.8011120615911035,0.59936,,
0.8011120615911035,0.5995518565941101,,
0.8006843455945253,0.5994236311239193,,
0.8006843455945253,0.5996156310057655,,
0.8006843455945253,0.5998077539250241,,
0.800256629597947,0.5996794871794872,,
0.7998289136013687,0.5995511381853158,,
0.7998289136013687,0.5997434252726106,,
0.7998289136013687,0.599935835739493,,
0.7998289136013687,0.6001283697047497,,
0.7998289136013687,0.6003210272873194,,
0.7998289136013687,0.6005138086062941,,
0.7998289136013687,0.6007067137809188,,
0.7998289136013687,0.6008997429305912,,
0.7994011976047904,0.600771456123433,,
0.7994011976047904,0.6009646302250804,,
0.7994011976047904,0.6011579285944033,,
0.7994011976047904,0.6013513513513513,,
0.7994011976047904,0.6015448986160283,,
0.7989734816082121,0.601416613007083,,
0.7989734816082121,0.601610305958132,,
0.7985457656116339,0.6014819587628866,,
0.7985457656116339,0.6016757976152111,,
0.7985457656116339,0.6018697614442295,,
0.7985457656116339,0.6020638503708481,,
0.7985457656116339,0.6022580645161291,,
0.7985457656116339,0.6024524040012907,,
0.7985457656116339,0.6026468689477082,,
0.7985457656116339,0.6028414594769131,,
0.7981180496150556,0.6027131782945736,,
0.7981180496150556,0.602907915993538,,
0.7981180496150556,0.6031027795733678,,
0.7981180496150556,0.6032977691561591,,
0.7981180496150556,0.6034928848641656,,
0.7976903336184773,0.6033646069233258,,
0.7972626176218991,0.6032362459546926,,
0.7968349016253208,0.6031078018776304,,
0.7968349016253208,0.6033031088082902,,
0.7964071856287425,0.6031746031746031,,
0.7964071856287425,0.6033700583279326,,
0.7964071856287425,0.6035656401944894,,
0.7959794696321643,0.6034370946822308,,
0.795551753635586,0.6033084657800843,,
0.795551753635586,0.6035042180402336,,
0.795551753635586,0.6037000973709834,,
0.795551753635586,0.6038961038961039,,
0.795551753635586,0.6040922377395258,,
0.795551753635586,0.6042884990253411,,
0.795551753635586,0.6044848878778031,,
0.795551753635586,0.6046814044213265,,
0.795551753635586,0.6048780487804878,,
0.7951240376390077,0.6047495120364346,,
0.7951240376390077,0.6049463065408396,,
0.7946963216424294,0.6048177083333334,,
0.7946963216424294,0.6050146532074243,,
0.7946963216424294,0.6052117263843648,,
0.7942686056458511,0.6050830889540567,,
0.7942686056458511,0.6052803129074316,,
0.7938408896492729,0.6051516139550049,,
0.7934131736526946,0.6050228310502284,,
0.7934131736526946,0.6052202283849919,,
0.7929854576561164,0.6050913838120104,,
0.7929854576561164,0.6052889324191969,,
0.7929854576561164,0.6054866100587851,,
0.7929854576561164,0.6056844168572362,,
0.7929854576561164,0.6058823529411764,,
0.7929854576561164,0.6060804184373978,,
0.7929854576561164,0.606278613472858,,
0.7929854576561164,0.6064769381746811,,
0.7929854576561164,0.606675392670157,,
0.7929854576561164,0.6068739770867431,,
0.7925577416595381,0.6067452521283563,,
0.7921300256629598,0.6066164428431051,,
0.7921300256629598,0.6068152031454783,,
0.7921300256629598,0.6070140937397575,,
0.7921300256629598,0.6072131147540983,,
0.7921300256629598,0.6074122663168252,,
0.7921300256629598,0.6076115485564304,,
0.7921300256629598,0.6078109616015753,,
0.7917023096663816,0.6076822061720288,,
0.7917023096663816,0.6078817733990147,,
0.7912745936698032,0.6077529566360053,,
0.7912745936698032,0.6079526782780151,,
0.7912745936698032,0.6081525312294543,,
0.7912745936698032,0.6083525156198619,,
0.7912745936698032,0.6085526315789473,,
0.7912745936698032,0.6087528792365909,,
0.7912745936698032,0.608953258722844,,
0.7908468776732249,0.60882449785973,,
0.7908468776732249,0.6090250329380764,,
0.7908468776732249,0.6092257001647446,,
0.7904191616766467,0.6090969017798286,,
0.7904191616766467,0.609297725024728,,
0.7904191616766467,0.6094986807387863,,
0.7904191616766467,0.6096997690531177,,
0.7904191616766467,0.6099009900990099,,
0.7904191616766467,0.6101023440079234,,
0.7904191616766467,0.6103038309114928,,
0.7899914456800684,0.6101750908490254,,
0.7899914456800684,0.6103767349636484,,
0.7895637296834902,0.6102479338842975,,
0.7891360136869119,0.6101190476190477,,
0.7891360136869119,0.6103208733046642,,
0.7887082976903336,0.6101919258769027,,
0.7882805816937554,0.610062893081761,,
0.787852865697177,0.6099337748344371,,
0.787852865697177,0.6101358065584631,,
0.787852865697177,0.610337972166998,,
0.787852865697177,0.610540271793172,,
0.787852865697177,0.6107427055702918,,
0.787852865697177,0.6109452736318408,,
0.787852865697177,0.6111479761114798,,
0.7874251497005988,0.6110189180219051,,
0.7874251497005988,0.6112217795484728,,
0.7874251497005988,0.6114247758219861,,
0.7874251497005988,0.6116279069767442,,
0.7874251497005988,0.611831173147225,,
0.7869974337040205,0.6117021276595744,,
0.7869974337040205,0.6119055537080146,,
0.7869974337040205,0.612109115103127,,
0.7869974337040205,0.6123128119800333,,
0.7869974337040205,0.6125166444740346,,
0.7869974337040205,0.6127206127206127,,
0.7869974337040205,0.6129247168554297,,
0.7869974337040205,0.6131289570143286,,
0.7869974337040205,0.6133333333333333,,
0.7865697177074422,0.6132044014671557,,
0.786142001710864,0.6130753835890593,,
0.786142001710864,0.6132799466132799,,
0.786142001710864,0.6134846461949266,,
0.786142001710864,0.6136894824707846,,
0.7857142857142857,0.6135604542418169,,
0.7857142857142857,0.6137654527230204,,
0.7857142857142857,0.6139705882352942,,
0.7857142857142857,0.6141758609160816,,
0.7857142857142857,0.61438127090301,,
0.7857142857142857,0.614586818333891,,
0.7857142857142857,0.6147925033467202,,
0.7852865697177075,0.6146635420154001,,
0.7852865697177075,0.6148693904889484,,
0.7852865697177075,0.6150753768844222,,
0.7852865697177075,0.6152815013404825,,
0.7852865697177075,0.6154877639959772,,
0.7852865697177075,0.6156941649899397,,
0.7852865697177075,0.6159007044615901,,
0.7852865697177075,0.6161073825503356,,
0.7852865697177075,0.6163141993957704,,
0.7852865697177075,0.6165211551376762,,
0.7848588537211292,0.616392341283171,,
0.7848588537211292,0.6165994623655914,,
0.7848588537211292,0.6168067226890757,,
0.7844311377245509,0.6166778749159382,,
0.7844311377245509,0.6168853010427178,,
0.7844311377245509,0.617092866756393,,
0.7844311377245509,0.6173005721979131,,
0.7844311377245509,0.6175084175084176,,
0.7844311377245509,0.6177164028292355,,
0.7840034217279727,0.6175876010781671,,
0.7835757057313943,0.617458712504213,,
0.7835757057313943,0.6176668914362778,,
0.7835757057313943,0.6178752107925801,,
0.7835757057313943,0.6180836707152496,,
0.7835757057313943,0.6182922713466081,,
0.7835757057313943,0.6185010128291695,,
0.7835757057313943,0.61870989530564,,
0.783147989734816,0.6185810810810811,,
0.7827202737382378,0.6184521797904697,,
0.7822925577416595,0.6183231913455037,,
0.7822925577416595,0.6185322962461954,,
0.7822925577416595,0.6187415426251691,,
0.7822925577416595,0.6189509306260575,,
0.7818648417450813,0.6188219363574814,,
0.781437125748503,0.6186928547240095,,
0.781437125748503,0.6189024390243902,,
0.781437125748503,0.619112165367672,,
0.781437125748503,0.6193220338983051,,
0.7810094097519247,0.6191929467616141,,
0.7810094097519247,0.6194029850746269,,
0.7805816937553465,0.6192738378011537,,
0.7801539777587682,0.6191446028513238,,
0.77972626176219,0.6190152801358234,,
0.77972626176219,0.6192255434782609,,
0.7792985457656116,0.619096160380564,,
0.7788708297690333,0.6189666893269884,,
0.7788708297690333,0.6191771506290378,,
0.7788708297690333,0.6193877551020408,,
0.7784431137724551,0.6192582511058183,,
0.7784431137724551,0.6194690265486725,,
0.7784431137724551,0.6196799455226422,,
0.7784431137724551,0.6198910081743869,,
0.7784431137724551,0.6201022146507666,,
0.7784431137724551,0.6203135650988412,,
0.7780153977758768,0.6201841118308898,,
0.7780153977758768,0.6203956343792633,,
0.7775876817792986,0.6202661207778914,,
0.7775876817792986,0.6204778156996587,,
0.7771599657827203,0.6203482417207238,,
0.7771599657827203,0.6205601092896175,,
0.7771599657827203,0.6207721216262385,,
0.7771599657827203,0.6209842788790157,,
0.776732249786142,0.6208547008547008,,
0.776732249786142,0.6210670314637483,,
0.776732249786142,0.6212795073554567,,
0.7763045337895638,0.6211498973305954,,
0.7763045337895638,0.6213625470729203,,
0.7763045337895638,0.6215753424657534,,
0.7758768177929855,0.6214457005823912,,
0.7754491017964071,0.6213159698423578,,
0.7754491017964071,0.6215289681179293,,
0.7754491017964071,0.6217421124828533,,
0.7754491017964071,0.6219554030874785,,
0.7750213857998289,0.6218256691832532,,
0.7750213857998289,0.6220391349124614,,
0.7750213857998289,0.6222527472527473,,
0.7750213857998289,0.6224665063552044,,
0.7745936698032506,0.6223367697594502,,
0.7745936698032506,0.6225507047095221,,
0.7745936698032506,0.6227647867950481,,
0.7745936698032506,0.6229790161678707,,
0.7741659538066724,0.622849277357192,,
0.7737382378100941,0.6227194492254733,,
0.7737382378100941,0.6229338842975206,,
0.7737382378100941,0.6231484671029969,,
0.7737382378100941,0.6233631977946243,,
0.7733105218135158,0.6232333678042055,,
0.7728828058169376,0.6231034482758621,,
0.7728828058169376,0.6233183856502242,,
0.7728828058169376,0.6235334713595583,,
0.7728828058169376,0.6237487055574732,,
0.7728828058169376,0.62396408839779,,
0.7724550898203593,0.6238341968911917,,
0.7724550898203593,0.6240497581202488,,
0.7724550898203593,0.6242654683719322,,
0.7724550898203593,0.6244813278008299,,
0.7720273738237811,0.62435143548945,,
0.7720273738237811,0.6245674740484429,,
0.7715996578272027,0.6244375216337833,,
0.7711719418306244,0.6243074792243767,,
0.7711719418306244,0.6245237270523034,,
0.7711719418306244,0.6247401247401247,,
0.7707442258340462,0.6246100519930676,,
0.7703165098374679,0.6244798890429958,,
0.7703165098374679,0.6246964967048214,,
0.7703165098374679,0.6249132546842471,,
0.7703165098374679,0.6251301631377993,,
0.7698887938408896,0.625,,
0.7698887938408896,0.6252170892671066,,
0.7694610778443114,0.6250868658790827,,
0.7694610778443114,0.6253041362530414,,
0.7690333618477331,0.625173852573018,,
0.7686056458511549,0.6250434782608696,,
0.7681779298545766,0.6249130132219902,,
0.7681779298545766,0.6251305255830143,,
0.7677502138579982,0.625,,
0.7677502138579982,0.6252176941832114,,
0.7677502138579982,0.6254355400696864,,
0.76732249786142,0.6253049843150924,,
0.76732249786142,0.6255230125523012,,
0.76732249786142,0.6257411928845483,,
0.76732249786142,0.6259595254710397,,
0.76732249786142,0.6261780104712041,,
0.76732249786142,0.6263966480446927,,
0.76732249786142,0.6266154383513797,,
0.7668947818648417,0.6264849755415793,,
0.7668947818648417,0.6267039496679483,,
0.7664670658682635,0.6265734265734266,,
0.7664670658682635,0.6267925848198671,,
0.7664670658682635,0.6270118964310707,,
0.7664670658682635,0.6272313615680783,,
0.7660393498716852,0.6271008403361344,,
0.7660393498716852,0.6273204903677758,,
0.7656116338751069,0.6271899088997898,,
0.7651839178785287,0.6270592358920435,,
0.7651839178785287,0.6272791023842917,,
0.7647562018819504,0.6271483689933357,,
0.7643284858853722,0.6270175438596491,,
0.7643284858853722,0.6272376272376272,,
0.7643284858853722,0.6274578651685393,,
0.7643284858853722,0.6276782578152441,,
0.7643284858853722,0.6278988053408292,,
0.7643284858853722,0.6281195079086116,,
0.7639007698887939,0.6279887482419128,,
0.7639007698887939,0.628209637706648,,
0.7634730538922155,0.6280788177339901,,
0.7630453378956373,0.6279479056670186,,
0.7630453378956373,0.6281690140845071,,
0.7630453378956373,0.6283902782669955,,
0.7630453378956373,0.6286116983791402,,
0.7630453378956373,0.62883327458583,,
0.7630453378956373,0.6290550070521862,,
0.7630453378956373,0.6292768959435626,,
0.7630453378956373,0.629498941425547,,
0.7630453378956373,0.6297211436639605,,
0.7630453378956373,0.6299435028248588,,
0.762617621899059,0.6298127870010597,,
0.7621899059024807,0.6296819787985866,,
0.7621899059024807,0.6299045599151644,,
0.7621899059024807,0.6301272984441302,,
0.7617621899059025,0.6299964626812876,,
0.7617621899059025,0.6302193913658882,,
0.7617621899059025,0.6304424778761062,,
0.7617621899059025,0.6306657223796034,,
0.7617621899059025,0.6308891250442792,,
0.7617621899059025,0.6311126860382708,,
0.7613344739093242,0.6309819213045019,,
0.7613344739093242,0.6312056737588653,,
0.760906757912746,0.6310748492373182,,
0.760906757912746,0.6312987934705465,,
0.760906757912746,0.6315228966986155,,
0.7604790419161677,0.6313920454545454,,
0.7604790419161677,0.6316163410301954,,
0.7604790419161677,0.6318407960199005,,
0.7600513259195893,0.6317099182367579,,
0.7600513259195893,0.6319345661450925,,
0.7596236099230111,0.6318036286019211,,
0.7596236099230111,0.6320284697508897,,
0.7596236099230111,0.6322534709861161,,
0.7591958939264328,0.6321225071225072,,
0.7591958939264328,0.6323477021731386,,
0.7591958939264328,0.6325730577334284,,
0.7591958939264328,0.6327985739750446,,
0.7587681779298546,0.6326676176890157,,
0.7587681779298546,0.6328933285765251,,
0.7587681779298546,0.6331192005710207,,
0.7583404619332763,0.6329882184933953,,
0.7583404619332763,0.6332142857142857,,
0.7583404619332763,0.6334405144694534,,
0.7583404619332763,0.6336669049320943,,
0.757912745936698,0.6335359313550233,,
0.7574850299401198,0.6334048640915594,,
0.7574850299401198,0.6336314847942754,,
0.7574850299401198,0.6338582677165354,,
0.7574850299401198,0.6340852130325815,,
0.7570573139435415,0.6339541547277937,,
0.7570573139435415,0.6341812970261556,,
0.7570573139435415,0.6344086021505376,,
0.7570573139435415,0.6346360702760846,,
0.7566295979469632,0.6345050215208035,,
0.756201881950385,0.6343738787226408,,
0.7557741659538066,0.6342426417803302,,
0.7557741659538066,0.6344703770197486,,
0.7557741659538066,0.634698275862069,,
0.7557741659538066,0.6349263384836508,,
0.7557741659538066,0.6351545650611071,,
0.7557741659538066,0.6353829557713053,,
0.7557741659538066,0.6356115107913669,,
0.7553464499572284,0.6354803886290032,,
0.7553464499572284,0.6357091432685386,,
0.7549187339606501,0.6355779618293123,,
0.7544910179640718,0.6354466858789626,,
0.7540633019674936,0.6353153153153153,,
0.7540633019674936,0.6355443403028118,,
0.7540633019674936,0.6357735304724126,,
0.7536355859709153,0.6356421356421357,,
0.7536355859709153,0.6358715265247203,,
0.7532078699743371,0.6357400722021661,,
0.7527801539777588,0.6356085229324666,,
0.7527801539777588,0.6358381502890174,,
0.7523524379811805,0.6357065413805566,,
0.7519247219846023,0.6355748373101953,,
0.7514970059880239,0.6354430379746835,,
0.7510692899914457,0.6353111432706223,,
0.7510692899914457,0.6355410785378212,,
0.7510692899914457,0.6357711803041275,,
0.7510692899914457,0.6360014487504527,,
0.7510692899914457,0.636231884057971,,
0.7506415739948674,0.6361000362450163,,
0.7502138579982891,0.6359680928208847,,
0.7502138579982891,0.6361987667754806,,
0.7497861420017109,0.636066763425254,,
0.7497861420017109,0.6362976406533575,,
0.7497861420017109,0.6365286855482933,,
0.7497861420017109,0.6367598982927716,,
0.7497861420017109,0.6369912790697675,,
0.7497861420017109,0.6372228280625227,,
0.7497861420017109,0.6374545454545455,,
0.7493584260051326,0.6373226627864678,,
0.7493584260051326,0.6375545851528385,,
0.7493584260051326,0.6377866763742265,,
0.7489307100085543,0.6376547705753823,,
0.7485029940119761,0.6375227686703097,,
0.7485029940119761,0.6377551020408163,,
0.7485029940119761,0.6379876048122494,,
0.7485029940119761,0.6382202771699489,,
0.7480752780153977,0.6380882889456403,,
0.7480752780153977,0.6383211678832117,,
0.7480752780153977,0.6385542168674698,,
0.7480752780153977,0.6387874360847334,,
0.7480752780153977,0.639020825721593,,
0.7476475620188195,0.6388888888888888,,
0.7472198460222412,0.6387568555758684,,
0.7472198460222412,0.6389904901243599,,
0.7472198460222412,0.6392242956458105,,
0.7472198460222412,0.6394582723279648,,
0.7472198460222412,0.6396924203588429,,
0.7472198460222412,0.6399267399267399,,
0.7472198460222412,0.6401612312202272,,
0.7472198460222412,0.6403958944281525,,
0.7472198460222412,0.6406307297396406,,
0.7472198460222412,0.6408657373440939,,
0.7467921300256629,0.6407339449541284,,
0.7467921300256629,0.6409691629955947,,
0.7463644140290847,0.6408373117884686,,
0.7459366980325064,0.6407053637031594,,
0.7455089820359282,0.6405733186328556,,
0.7450812660393499,0.6404411764705882,,
0.7450812660393499,0.6406767193821258,,
0.7450812660393499,0.6409124356144223,,
0.7450812660393499,0.6411483253588517,,
0.7450812660393499,0.6413843888070693,,
0.7446535500427716,0.6412523020257827,,
0.7442258340461934,0.6411201179071481,,
0.7442258340461934,0.6413564319941024,,
0.7442258340461934,0.6415929203539823,,
0.7442258340461934,0.6418295831796386,,
0.743798118049615,0.6416974169741697,,
0.7433704020530368,0.6415651531930602,,
0.7433704020530368,0.6418020679468243,,
0.7433704020530368,0.6420391577391947,,
0.7433704020530368,0.6422764227642277,,
0.7429426860564585,0.6421441774491682,,
0.7425149700598802,0.6420118343195266,,
0.7425149700598802,0.6422493525712172,,
0.7425149700598802,0.6424870466321243,,
0.7425149700598802,0.6427249166975194,,
0.7425149700598802,0.642962962962963,,
0.742087254063302,0.6428306780288996,,
0.742087254063302,0.6430689399555226,,
0.7416595380667237,0.64293659621802,,
0.7416595380667237,0.6431750741839762,,
0.7416595380667237,0.6434137291280149,,
0.7416595380667237,0.643652561247216,,
0.7416595380667237,0.6438915707389529,,
0.7416595380667237,0.6441307578008916,,
0.7416595380667237,0.6443701226309922,,
0.7416595380667237,0.6446096654275093,,
0.7416595380667237,0.6448493863889921,,
0.7416595380667237,0.6450892857142857,,
0.7416595380667237,0.6453293636025307,,
0.7416595380667237,0.6455696202531646,,
0.7416595380667237,0.6458100558659218,,
0.7412318220701454,0.6456780923994039,,
0.7408041060735672,0.6455460305628028,,
0.7408041060735672,0.6457867263236391,,
0.7408041060735672,0.6460276016411787,,
0.7403763900769889,0.6458955223880597,,
0.7403763900769889,0.6461366181410975,,
0.7399486740804107,0.6460044809559373,,
0.7395209580838323,0.6458722450504296,,
0.7395209580838323,0.6461136023916293,,
0.7395209580838323,0.6463551401869159,,
0.7395209580838323,0.6465968586387435,,
0.7395209580838323,0.6468387579498691,,
0.739093242087254,0.6467065868263473,,
0.739093242087254,0.646948708348933,,
0.739093242087254,0.647191011235955,,
0.739093242087254,0.6474334956912702,,
0.739093242087254,0.6476761619190404,,
0.7386655260906758,0.6475440569928759,,
0.7386655260906758,0.6477869467366841,,
0.7382378100940975,0.6476547842401501,,
0.7382378100940975,0.6478978978978979,,
0.7382378100940975,0.6481411941419452,,
0.7378100940975193,0.6480090157776108,,
0.7378100940975193,0.6482525366403608,,
0.7378100940975193,0.6484962406015038,,
0.737382378100941,0.648364046634073,,
0.737382378100941,0.6486079759217457,,
0.7369546621043627,0.6484757245013173,,
0.7369546621043627,0.6487198795180723,,
0.7365269461077845,0.6485875706214689,,
0.7365269461077845,0.6488319517709118,,
0.7360992301112061,0.6486995853750471,,
0.7360992301112061,0.6489441930618401,,
0.7356715141146278,0.6488117691437193,,
0.7352437981180496,0.6486792452830189,,
0.7348160821214713,0.6485466213665534,,
0.7343883661248931,0.6484138972809668,,
0.7343883661248931,0.6486588590857575,,
0.7339606501283148,0.6485260770975056,,
0.7339606501283148,0.6487712665406428,,
0.7339606501283148,0.649016641452345,,
0.7335329341317365,0.6488838441165342,,
0.7331052181351583,0.6487509462528388,,
0.73267750213858,0.6486179477470655,,
0.7322497861420018,0.6484848484848484,,
0.7322497861420018,0.6487305797650625,,
0.7318220701454234,0.6485974222896134,,
0.7313943541488451,0.6484641638225256,,
0.7313943541488451,0.6487101669195751,,
0.7313943541488451,0.6489563567362429,,
0.7313943541488451,0.6492027334851936,,
0.7313943541488451,0.6494492973794151,,
0.7309666381522669,0.6493161094224924,,
0.7309666381522669,0.6495629038388445,,
0.7309666381522669,0.649809885931559,,
0.7309666381522669,0.6500570559147965,,
0.7309666381522669,0.6503044140030442,,
0.7309666381522669,0.6505519604111153,,
0.7309666381522669,0.6507996953541508,,
0.7309666381522669,0.6510476190476191,,
0.7309666381522669,0.651295731707317,,
0.7305389221556886,0.6511627906976745,,
0.7305389221556886,0.6514111365369947,,
0.7305389221556886,0.6516596718809614,,
0.7305389221556886,0.6519083969465649,,
0.7305389221556886,0.6521573119511264,,
0.7301112061591104,0.6520244461420932,,
0.7296834901625321,0.6518914787925105,,
0.7296834901625321,0.6521406727828746,,
0.7296834901625321,0.6523900573613767,,
0.7296834901625321,0.6526396327467483,,
0.7296834901625321,0.6528893991580559,,
0.7292557741659538,0.6527565084226646,,
0.7292557741659538,0.6530065109153581,,
0.7288280581693756,0.6528735632183909,,
0.7284003421727973,0.6527405136067459,,
0.7279726261762189,0.6526073619631901,,
0.7279726261762189,0.6528576908323743,,
0.7279726261762189,0.6531082118188795,,
0.7275449101796407,0.6529750479846449,,
0.7275449101796407,0.6532258064516129,,
0.7275449101796407,0.6534767575873992,,
0.7275449101796407,0.653727901614143,,
0.7275449101796407,0.6539792387543253,,
0.7275449101796407,0.6542307692307693,,
0.7275449101796407,0.654482493266641,,
0.7271171941830624,0.6543494996150885,,
0.7271171941830624,0.6546014632268001,,
0.7271171941830624,0.6548536209553159,,
0.7266894781864842,0.6547206165703275,,
0.7266894781864842,0.6549730146491904,,
0.7262617621899059,0.654839953721558,,
0.7262617621899059,0.6550925925925926,,
0.7262617621899059,0.655345426476264,,
0.7262617621899059,0.6555984555984556,,
0.7262617621899059,0.6558516801853997,,
0.7262617621899059,0.6561051004636785,,
0.7262617621899059,0.6563587166602242,,
0.7262617621899059,0.6566125290023201,,
0.7262617621899059,0.6568665377176015,,
0.7262617621899059,0.6571207430340558,,
0.7258340461933276,0.6569879984514131,,
0.7254063301967494,0.656855151045701,,
0.7254063301967494,0.6571096474234793,,
0.7254063301967494,0.6573643410852713,,
0.7254063301967494,0.6576192322605661,,
0.7254063301967494,0.6578743211792087,,
0.7254063301967494,0.6581296080714009,,
0.7254063301967494,0.6583850931677019,,
0.7254063301967494,0.6586407766990291,,
0.7249786142001711,0.6585081585081585,,
0.7245508982035929,0.6583754372328022,,
0.7241231822070145,0.6582426127527217,,
0.7241231822070145,0.6584986386619992,,
0.7241231822070145,0.6587548638132296,,
0.7236954662104362,0.6586220319190347,,
0.7236954662104362,0.6588785046728972,,
0.723267750213858,0.6587456174522789,,
0.723267750213858,0.6590023382696805,,
0.723267750213858,0.6592592592592592,,
0.7228400342172797,0.6591263650546022,,
0.7228400342172797,0.6593835349200156,,
0.7228400342172797,0.6596409055425448,,
0.7224123182207014,0.6595080046856696,,
0.7224123182207014,0.659765625,,
0.7224123182207014,0.6600234466588512,,
0.7224123182207014,0.6602814698983581,,
0.7224123182207014,0.6605396949550254,,
0.7224123182207014,0.6607981220657277,,
0.7219846022241232,0.6606653620352251,,
0.7219846022241232,0.6609240407204385,,
0.7219846022241232,0.6611829220524873,,
0.7219846022241232,0.6614420062695925,,
0.7219846022241232,0.6617012936103489,,
0.7219846022241232,0.6619607843137255,,
0.7219846022241232,0.6622204786190663,,
0.7219846022241232,0.6624803767660911,,
0.7219846022241232,0.662740478994896,,
0.7219846022241232,0.6630007855459544,,
0.7219846022241232,0.6632612966601179,,
0.7215568862275449,0.66312893081761,,
0.7211291702309667,0.6629964608729847,,
0.7211291702309667,0.6632572777340676,,
0.7211291702309667,0.6635182998819362,,
0.7211291702309667,0.6637795275590551,,
0.7207014542343884,0.6636471051595116,,
0.72027373823781,0.6635145784081954,,
0.72027373823781,0.6637761135199054,,
0.72027373823781,0.6640378548895899,,
0.7198460222412318,0.663905325443787,,
0.7194183062446535,0.6637726913970008,,
0.7194183062446535,0.6640347414133438,,
0.7194183062446535,0.6642969984202212,,
0.7194183062446535,0.664559462662979,,
0.7194183062446535,0.6648221343873518,,
0.7194183062446535,0.6650850138394623,,
0.7194183062446535,0.6653481012658228,,
0.7194183062446535,0.6656113969133359,,
0.7194183062446535,0.6658749010292954,,
0.7194183062446535,0.6661386138613862,,
0.7194183062446535,0.6664025356576863,,
0.7194183062446535,0.6666666666666666,,
0.7194183062446535,0.6669310071371927,,
0.7194183062446535,0.6671955573185244,,
0.7189905902480753,0.667063492063492,,
0.7189905902480753,0.6673283048828901,,
0.718562874251497,0.6671961874503575,,
0.718562874251497,0.6674612634088201,,
0.7181351582549187,0.6673290937996821,,
0.7181351582549187,0.6675944333996023,,
0.7181351582549187,0.6678599840891011,,
0.7181351582549187,0.6681257461201751,,
0.7181351582549187,0.6683917197452229,,
0.7181351582549187,0.668657905217045,,
0.7177074422583405,0.6685258964143427,,
0.7172797262617622,0.6683937823834197,,
0.7172797262617622,0.6686602870813397,,
0.7172797262617622,0.6689270043877144,,
0.716852010265184,0.6687948922585794,,
0.716852010265184,0.669061876247505,,
0.7164242942686057,0.6689297124600639,,
0.7164242942686057,0.6691969636436277,,
0.7164242942686057,0.6694644284572342,,
0.7164242942686057,0.6697321071571372,,
0.7159965782720273,0.6696,,
0.7159965782720273,0.6698679471788715,,
0.7159965782720273,0.6701361088871097,,
0.7155688622754491,0.6700040048057669,,
0.7155688622754491,0.6702724358974359,,
0.7155688622754491,0.6705410821643286,,
0.7151411462788708,0.6704089815557338,,
0.7151411462788708,0.6706778981147212,,
0.7151411462788708,0.6709470304975923,,
0.7151411462788708,0.6712163789642713,,
0.7151411462788708,0.6714859437751004,,
0.7147134302822925,0.6713539574126155,,
0.7147134302822925,0.6716237942122186,,
0.7147134302822925,0.6718938480096501,,
0.7147134302822925,0.672164119066774,,
0.7147134302822925,0.6724346076458753,,
0.7142857142857143,0.6723027375201288,,
0.713857998289136,0.6721707611759967,,
0.7134302822925578,0.6720386784850927,,
0.7134302822925578,0.6723095525997581,,
0.7134302822925578,0.6725806451612903,,
0.7130025662959795,0.672448567970956,,
0.7125748502994012,0.672316384180791,,
0.712147134302823,0.6721840936616875,,
0.7117194183062446,0.6720516962843296,,
0.7117194183062446,0.6723232323232323,,
0.7112917023096664,0.6721907841552143,,
0.7108639863130881,0.6720582288718157,,
0.7108639863130881,0.6723300970873787,,
0.7108639863130881,0.6726021853500607,,
0.7108639863130881,0.6728744939271255,,
0.7104362703165098,0.6727420008100445,,
0.7104362703165098,0.6730145867098866,,
0.7104362703165098,0.6732873935954601,,
0.7104362703165098,0.6735604217356043,,
0.7104362703165098,0.6738336713995943,,
0.7104362703165098,0.6741071428571429,,
0.7100085543199316,0.6739748274462039,,
0.7100085543199316,0.6742485783915516,,
0.7100085543199316,0.6745225518082081,,
0.7100085543199316,0.6747967479674797,,
0.7095808383233533,0.6746644977633184,,
0.7091531223267751,0.6745321399511798,,
0.7091531223267751,0.6748066748066748,,
0.7087254063301968,0.6746742671009772,,
0.7087254063301968,0.6749490835030549,,
0.7082976903336184,0.6748166259168704,,
0.7082976903336184,0.6750917244190787,,
0.7078699743370402,0.6749592169657422,,
0.7074422583404619,0.6748266013871889,,
0.7074422583404619,0.6751020408163265,,
0.7074422583404619,0.6753777051857901,,
0.7074422583404619,0.6756535947712419,,
0.7070145423438836,0.6755210461789947,,
0.7070145423438836,0.6757972199509403,,
0.7065868263473054,0.6756646216768916,,
0.7061591103507271,0.675531914893617,,
0.7057313943541489,0.6753990994678674,,
0.7057313943541489,0.6756756756756757,,
0.7053036783575706,0.6755428103236378,,
0.7053036783575706,0.6758196721311476,,
0.7048759623609923,0.6756867568675686,,
0.7048759623609923,0.6759639048400328,,
0.7048759623609923,0.676241280262618,,
0.7048759623609923,0.6765188834154351,,
0.704448246364414,0.6763860369609856,,
0.7040205303678357,0.676253081347576,,
0.7040205303678357,0.676531031648171,,
0.7040205303678357,0.6768092105263158,,
0.7035928143712575,0.6766762649115591,,
0.7035928143712575,0.676954732510288,,
0.7035928143712575,0.6772334293948127,,
0.7035928143712575,0.6775123558484349,,
0.7035928143712575,0.6777915121549237,,
0.7031650983746792,0.6776586974443528,,
0.7031650983746792,0.6779381443298969,,
0.7031650983746792,0.6782178217821783,,
0.7027373823781009,0.6780850185720182,,
0.7027373823781009,0.6783649876135426,,
0.7023096663815227,0.6782321354812061,,
0.7023096663815227,0.6785123966942149,,
0.7018819503849444,0.6783794956593634,,
0.7014542343883661,0.6782464846980976,,
0.7014542343883661,0.6785270997103848,,
0.7014542343883661,0.6788079470198676,,
0.7014542343883661,0.6790890269151139,,
0.7014542343883661,0.6793703396851698,,
0.7014542343883661,0.6796518856195607,,
0.7014542343883661,0.6799336650082919,,
0.7014542343883661,0.6802156781418498,,
0.7010265183917879,0.6800829875518672,,
0.7005988023952096,0.6799501867995019,,
0.7005988023952096,0.6802325581395349,,
0.7001710863986313,0.6800997091815538,,
0.699743370402053,0.6799667497921862,,
0.6993156544054747,0.6798336798336798,,
0.6993156544054747,0.680116472545757,,
0.6993156544054747,0.6803995006242197,,
0.6993156544054747,0.6806827643630308,,
0.6993156544054747,0.6809662640566431,,
0.6988879384088965,0.6808333333333333,,
0.6988879384088965,0.681117132138391,,
0.6984602224123182,0.6809841534612177,,
0.6984602224123182,0.6812682519816438,,
0.69803250641574,0.6811352253756261,,
0.69803250641574,0.681419624217119,,
0.69803250641574,0.681704260651629,,
0.69803250641574,0.6819891349770163,,
0.69803250641574,0.6822742474916388,,
0.69803250641574,0.6825595984943539,,
0.69803250641574,0.6828451882845188,,
0.6976047904191617,0.6827124319799079,,
0.6971770744225834,0.6825795644891123,,
0.6967493584260052,0.6824465856723921,,
0.6967493584260052,0.6827326068734283,,
0.6963216424294268,0.6825995807127883,,
0.6963216424294268,0.6828859060402684,,
0.6963216424294268,0.68317247167436,,
0.6958939264328486,0.68303946263644,,
0.6958939264328486,0.6833263334733305,,
0.6954662104362703,0.6831932773109244,,
0.6954662104362703,0.6834804539722572,,
0.6954662104362703,0.6837678721614803,,
0.6954662104362703,0.6840555321834245,,
0.6954662104362703,0.6843434343434344,,
0.6954662104362703,0.6846315789473684,,
0.6954662104362703,0.6849199663016007,,
0.6954662104362703,0.6852085967130215,,
0.6954662104362703,0.6854974704890388,,
0.6954662104362703,0.6857865879375791,,
0.695038494439692,0.6856540084388185,,
0.695038494439692,0.6859434360489658,,
0.695038494439692,0.6862331081081081,,
0.6946107784431138,0.6861005492184199,,
0.6941830624465355,0.6859678782755706,,
0.6937553464499572,0.6858350951374207,,
0.693327630453379,0.6857021996615905,,
0.6928999144568007,0.6855691917054592,,
0.6928999144568007,0.6858594411515665,,
0.6928999144568007,0.6861499364675985,,
0.6928999144568007,0.6864406779661016,,
0.6928999144568007,0.6867316659601526,,
0.6928999144568007,0.6870229007633588,,
0.6928999144568007,0.68731438268986,,
0.6924721984602225,0.6871816638370118,,
0.6924721984602225,0.6874734607218683,,
0.6920444824636441,0.6873406966864911,,
0.6920444824636441,0.6876328091797705,,
0.6920444824636441,0.6879251700680272,,
0.6920444824636441,0.6882177796682263,,
0.6916167664670658,0.6880851063829787,,
0.6911890504704876,0.6879523201362282,,
0.6911890504704876,0.6882453151618398,,
0.6907613344739093,0.688112484022156,,
0.6907613344739093,0.6884057971014492,,
0.6903336184773311,0.688272921108742,,
0.6899059024807528,0.6881399317406144,,
0.6899059024807528,0.6884336320956039,,
0.6899059024807528,0.6887275832621691,,
0.6894781864841745,0.68859461768475,,
0.6890504704875963,0.6884615384615385,,
0.688622754491018,0.6883283454467721,,
0.688622754491018,0.688622754491018,,
0.688622754491018,0.6889174154899443,,
0.688622754491018,0.6892123287671232,,
0.688622754491018,0.6895074946466809,,
0.688622754491018,0.689802913453299,,
0.6881950384944396,0.6896699528504072,,
0.6881950384944396,0.6899656946826758,,
0.6877673224978614,0.6898326898326899,,
0.6877673224978614,0.6901287553648069,,
0.6877673224978614,0.6904250751395449,,
0.6877673224978614,0.6907216494845361,,
0.6873396065012831,0.6905887408680704,,
0.6873396065012831,0.6908856405846947,,
0.6869118905047049,0.690752688172043,,
0.6869118905047049,0.6910499139414802,,
0.6869118905047049,0.6913473956091262,,
0.6869118905047049,0.6916451335055986,,
0.6864841745081266,0.6915122791900044,,
0.6860564585115483,0.6913793103448276,,
0.6856287425149701,0.691246226821906,,
0.6852010265183918,0.6911130284728214,,
0.6852010265183918,0.6914113077255071,,
0.6847733105218136,0.6912780656303973,,
0.6843455945252352,0.6911447084233261,,
0.6839178785286569,0.6910112359550562,,
0.6839178785286569,0.6913099870298314,,
0.6834901625320787,0.6911764705882353,,
0.6830624465355004,0.6910428385980095,,
0.6826347305389222,0.6909090909090909,,
0.6822070145423439,0.6907752273711564,,
0.6822070145423439,0.6910745233968805,,
0.6817792985457656,0.6909406155179887,,
0.6813515825491874,0.6908065915004337,,
0.6809238665526091,0.6906724511930585,,
0.6804961505560307,0.6905381944444444,,
0.6804961505560307,0.6908380373425966,,
0.6804961505560307,0.6911381407471764,,
0.6800684345594525,0.6910039113428944,,
0.6796407185628742,0.6908695652173913,,
0.6796407185628742,0.6911700739451936,,
0.6796407185628742,0.6914708442123586,,
0.6796407185628742,0.6917718763604702,,
0.6796407185628742,0.6920731707317073,,
0.679213002566296,0.6919389978213507,,
0.6787852865697177,0.6918047079337402,,
0.6787852865697177,0.6921064108155255,,
0.6787852865697177,0.6924083769633508,,
0.6783575705731394,0.6922741161065037,,
0.6779298545765612,0.6921397379912664,,
0.6779298545765612,0.6924421144604631,,
0.6775021385799829,0.6923076923076923,,
0.6770744225834047,0.6921731526016616,,
0.6770744225834047,0.6924759405074365,,
0.6766467065868264,0.6923413566739606,,
0.676218990590248,0.6922066549912435,,
0.6757912745936698,0.692071835304424,,
0.6757912745936698,0.6923751095530236,,
0.6757912745936698,0.6926786497150372,,
0.6753635585970915,0.6925438596491228,,
0.6749358426005133,0.6924089512944274,,
0.6749358426005133,0.6927129060579456,,
0.674508126603935,0.6925779534475187,,
0.6740804106073567,0.6924428822495606,,
0.6740804106073567,0.6927472527472528,,
0.6740804106073567,0.693051890941073,,
0.6740804106073567,0.6933567971843378,,
0.6736526946107785,0.6932218309859155,,
0.6732249786142002,0.6930867459269044,,
0.6727972626176218,0.6929515418502202,,
0.6727972626176218,0.6932569413838695,,
0.6727972626176218,0.6935626102292769,,
0.6727972626176218,0.6938685487428319,,
0.6727972626176218,0.6941747572815534,,
0.6727972626176218,0.6944812362030905,,
0.6723695466210436,0.6943462897526502,,
0.6723695466210436,0.694653115333628,,
0.6719418306244653,0.6945181255526083,,
0.6715141146278871,0.6943830163644406,,
0.6715141146278871,0.6946902654867256,,
0.6710863986313088,0.6945551128818062,,
0.6706586826347305,0.6944198405668733,,
0.6706586826347305,0.6947275143996455,,
0.6706586826347305,0.6950354609929078,,
0.6702309666381523,0.6949002217294901,,
0.6702309666381523,0.6952085181898846,,
0.6702309666381523,0.6955170883266756,,
0.669803250641574,0.6953818827708703,,
0.6693755346449958,0.6952465570857397,,
0.6689478186484175,0.6951111111111111,,
0.6685201026518391,0.6949755446865273,,
0.6685201026518391,0.6952846975088968,,
0.6680923866552609,0.6951490876724522,,
0.6676646706586826,0.695013357079252,,
0.6676646706586826,0.6953229398663697,,
0.6672369546621043,0.6951871657754011,,
0.6668092386655261,0.6950512706197057,,
0.6663815226689478,0.6949152542372882,,
0.6663815226689478,0.6952253458277554,,
0.6663815226689478,0.6955357142857143,,
0.6663815226689478,0.6958463599821348,,
0.6663815226689478,0.6961572832886506,,
0.6663815226689478,0.6964684845775593,,
0.6663815226689478,0.6967799642218246,,
0.6663815226689478,0.6970917225950783,,
0.6663815226689478,0.6974037600716204,,
0.6663815226689478,0.6977160770264218,,
0.6663815226689478,0.6980286738351255,,
0.6659538066723696,0.6978933213805468,,
0.6655260906757913,0.6977578475336322,,
0.6655260906757913,0.6980708838043966,,
0.6655260906757913,0.6983842010771992,,
0.6655260906757913,0.6986977997305792,,
0.6655260906757913,0.6990116801437556,,
0.6655260906757913,0.6993258426966292,,
0.6655260906757913,0.6996402877697842,,
0.665098374679213,0.6995051731893838,,
0.6646706586826348,0.6993699369936993,,
0.6642429426860564,0.6992345790184602,,
0.6642429426860564,0.6995495495495495,,
0.6642429426860564,0.6998648039657503,,
0.6638152266894782,0.6997294860234445,,
0.6633875106928999,0.699594046008119,,
0.6629597946963216,0.6994584837545126,,
0.6625320786997434,0.6993227990970655,,
0.6625320786997434,0.6996386630532972,,
0.6625320786997434,0.6999548124717578,,
0.6625320786997434,0.7002712477396021,,
0.6625320786997434,0.7005879692446857,,
0.6625320786997434,0.7009049773755656,,
0.6621043627031651,0.7007695789950203,,
0.6616766467065869,0.7006340579710145,,
0.6612489307100086,0.7004984141368373,,
0.6608212147134302,0.7003626473254759,,
0.6608212147134302,0.7006802721088435,,
0.6608212147134302,0.7009981851179673,,
0.6608212147134302,0.7013163867453472,,
0.660393498716852,0.701180744777475,,
0.6599657827202737,0.7010449795547479,,
0.6599657827202737,0.7013636363636364,,
0.6595380667236954,0.7012278308321964,,
0.6591103507271172,0.7010919017288444,,
0.6591103507271172,0.7014110150204825,,
0.6586826347305389,0.7012750455373407,,
0.6586826347305389,0.7015945330296127,,
0.6582549187339607,0.7014585232452142,,
0.6578272027373824,0.7013223894208847,,
0.6578272027373824,0.7016423357664233,,
0.6578272027373824,0.701962574167047,,
0.6573994867408041,0.7018264840182649,,
0.6573994867408041,0.7021470991320238,,
0.6569717707442259,0.7020109689213894,,
0.6565440547476475,0.7018747142203933,,
0.6565440547476475,0.702195791399817,,
0.6561163387510693,0.7020594965675058,,
0.6561163387510693,0.7023809523809523,,
0.655688622754491,0.7022446174988548,,
0.6552609067579127,0.7021081576535289,,
0.6548331907613345,0.7019715726730857,,
0.6544054747647562,0.7018348623853211,,
0.6544054747647562,0.7021569527306104,,
0.6544054747647562,0.7024793388429752,,
0.6539777587681779,0.7023426734037667,,
0.6539777587681779,0.7026654411764706,,
0.6535500427715997,0.7025287356321839,,
0.6535500427715997,0.702851885924563,,
0.6535500427715997,0.7031753336401289,,
0.6531223267750214,0.7030386740331491,,
0.6526946107784432,0.7029018885306311,,
0.6522668947818648,0.7027649769585254,,
0.6518391787852865,0.7026279391424619,,
0.6518391787852865,0.7029520295202952,,
0.6514114627887083,0.702814951545916,,
0.65098374679213,0.7026777469990766,,
0.6505560307955518,0.702540415704388,,
0.6505560307955518,0.7028650646950092,,
0.6501283147989735,0.7027276930189551,,
0.6501283147989735,0.7030527289546716,,
0.6497005988023952,0.7029153169828783,,
0.6497005988023952,0.7032407407407407,,
0.649272882805817,0.7031032885595183,,
0.649272882805817,0.7034291010194624,,
0.649272882805817,0.7037552155771906,,
0.6488451668092386,0.7036178107606679,,
0.6484174508126604,0.7034802784222738,,
0.6479897348160821,0.7033426183844012,,
0.6475620188195038,0.7032048304691129,,
0.6475620188195038,0.7035315985130112,,
0.6475620188195038,0.703858670385867,,
0.6471343028229256,0.7037209302325581,,
0.6471343028229256,0.7040483946021405,,
0.6467065868263473,0.7039106145251397,,
0.6467065868263473,0.7042384722869119,,
0.646278870829769,0.7041006523765144,,
0.646278870829769,0.7044289044289044,,
0.6458511548331908,0.7042910447761194,,
0.6458511548331908,0.704619692020532,,
0.6454234388366125,0.7044817927170869,,
0.6449957228400343,0.7043437645959831,,
0.6449957228400343,0.7046728971962617,,
0.6449957228400343,0.705002337540907,,
0.6449957228400343,0.7053320860617399,,
0.6449957228400343,0.7056621431913898,,
0.6445680068434559,0.7055243445692884,,
0.6441402908468776,0.7053864168618267,,
0.6437125748502994,0.7052483598875351,,
0.6437125748502994,0.7055789967182372,,
0.6437125748502994,0.7059099437148217,,
0.6437125748502994,0.7062412013139371,,
0.6437125748502994,0.7065727699530516,,
0.6432848588537211,0.7064349459840301,,
0.6432848588537211,0.706766917293233,,
0.6432848588537211,0.7070992007522332,,
0.6432848588537211,0.7074317968015051,,
0.6432848588537211,0.707764705882353,,
0.6428571428571429,0.7076271186440678,,
0.6428571428571429,0.7079604333490344,,
0.6424294268605646,0.7078228086710651,,
0.6424294268605646,0.7081565299387081,,
0.6420017108639863,0.7080188679245283,,
0.6420017108639863,0.7083529966965549,,
0.6420017108639863,0.7086874409820585,,
0.6415739948674081,0.7085498346717053,,
0.6415739948674081,0.7088846880907372,,
0.6411462788708298,0.7087470449172577,,
0.6407185628742516,0.7086092715231788,,
0.6402908468776732,0.7084713677236157,,
0.6398631308810949,0.7083333333333334,,
0.6394354148845167,0.7081951681667457,,
0.6390076988879384,0.7080568720379147,,
0.6385799828913601,0.70791844476055,,
0.6381522668947819,0.7077798861480076,,
0.6377245508982036,0.707641196013289,,
0.6372968349016254,0.7075023741690408,,
0.6372968349016254,0.7078384798099763,,
0.636869118905047,0.7076996197718631,,
0.636869118905047,0.708036138849263,,
0.636869118905047,0.7083729781160799,,
0.6364414029084687,0.7082341742027606,,
0.6360136869118905,0.7080952380952381,,
0.6360136869118905,0.7084325869461648,,
0.6360136869118905,0.7087702573879886,,
0.6355859709153122,0.7086313781592751,,
0.635158254918734,0.7084923664122137,,
0.635158254918734,0.7088305489260143,,
0.635158254918734,0.7091690544412608,,
0.6347305389221557,0.7090301003344481,,
0.6343028229255774,0.7088910133843213,,
0.6338751069289992,0.7087517934002869,,
0.6334473909324209,0.7086124401913876,,
0.6334473909324209,0.7089516515078985,,
0.6334473909324209,0.7092911877394636,,
0.6330196749358425,0.7091518926689028,,
0.6325919589392643,0.7090124640460211,,
0.6325919589392643,0.7093525179856115,,
0.632164242942686,0.7092130518234165,,
0.632164242942686,0.7095535285645703,,
0.632164242942686,0.7098943323727186,,
0.6317365269461078,0.7097549255165786,,
0.6317365269461078,0.7100961538461539,,
0.6317365269461078,0.7104377104377104,,
0.6317365269461078,0.7107795957651588,,
0.6317365269461078,0.7111218103033221,,
0.6313088109495295,0.7109826589595376,,
0.6308810949529512,0.7108433734939759,,
0.6308810949529512,0.7111861137897783,,
0.6308810949529512,0.7115291847563917,,
0.6308810949529512,0.7118725868725869,,
0.630453378956373,0.711733462095606,,
0.6300256629597947,0.7115942028985507,,
0.6300256629597947,0.7119381343644272,,
0.6300256629597947,0.7122823984526112,,
0.6295979469632165,0.7121432027092405,,
0.6295979469632165,0.712487899322362,,
0.6295979469632165,0.7128329297820823,,
0.6291702309666382,0.7126937984496124,,
0.6287425149700598,0.7125545322346097,,
0.6287425149700598,0.7129000969932104,,
0.6287425149700598,0.7132459970887919,,
0.6283147989734816,0.7131067961165048,,
0.6283147989734816,0.7134531325886353,,
0.6283147989734816,0.7137998056365403,,
0.6278870829769033,0.7136606708799222,,
0.6274593669803251,0.7135214007782101,,
0.6270316509837468,0.71338199513382,,
0.6266039349871685,0.7132424537487828,,
0.6261762189905903,0.7131027764247443,,
0.6261762189905903,0.7134502923976608,,
0.625748502994012,0.7133105802047781,,
0.625748502994012,0.7136585365853658,,
0.625748502994012,0.714006832601269,,
0.6253207869974337,0.7138671875,,
0.6253207869974337,0.7142159257449927,,
0.6253207869974337,0.7145650048875856,,
0.6248930710008554,0.7144254278728607,,
0.6244653550042771,0.7142857142857143,,
0.6244653550042771,0.714635340186001,,
0.6240376390076989,0.7144955925563173,,
0.6240376390076989,0.7148456638902498,,
0.6236099230111206,0.7147058823529412,,
0.6231822070145423,0.7145659637076999,,
0.6231822070145423,0.7149165848871443,,
0.6231822070145423,0.7152675503190967,,
0.6227544910179641,0.7151277013752456,,
0.6227544910179641,0.7154791154791155,,
0.6227544910179641,0.7158308751229105,,
0.6227544910179641,0.7161829808165273,,
0.6227544910179641,0.7165354330708661,,
0.6227544910179641,0.7168882323978336,,
0.6227544910179641,0.7172413793103448,,
0.6227544910179641,0.7175948743223263,,
0.6223267750213858,0.7174556213017751,,
0.6223267750213858,0.7178095707942772,,
0.6223267750213858,0.7181638696939783,,
0.6218990590248076,0.7180246913580247,,
0.6214713430282293,0.7178853754940712,,
0.6214713430282293,0.7182402372713791,,
0.6214713430282293,0.718595450049456,,
0.6214713430282293,0.7189510143493321,,
0.6214713430282293,0.7193069306930693,,
0.6214713430282293,0.7196631996037642,,
0.6214713430282293,0.72001982160555,,
0.621043627031651,0.7198810114030739,,
0.621043627031651,0.7202380952380952,,
0.621043627031651,0.7205955334987593,,
0.621043627031651,0.7209533267130089,,
0.621043627031651,0.7213114754098361,,
0.6206159110350727,0.7211729622266402,,
0.6201881950384944,0.7210343112879165,,
0.6201881950384944,0.7213930348258707,,
0.6201881950384944,0.7217521154803385,,
0.6201881950384944,0.7221115537848606,,
0.6197604790419161,0.7219730941704036,,
0.6193327630453379,0.7218344965104686,,
0.6189050470487596,0.7216957605985037,,
0.6184773310521814,0.7215568862275449,,
0.6184773310521814,0.7219171243135297,,
0.6180496150556031,0.7217782217782218,,
0.6180496150556031,0.7221389305347327,,
0.6180496150556031,0.7225,,
0.6176218990590248,0.7223611805902952,,
0.6171941830624466,0.7222222222222222,,
0.6171941830624466,0.7225838758137206,,
0.6167664670658682,0.7224448897795591,,
0.6167664670658682,0.7228070175438597,,
0.61633875106929,0.7226680040120361,,
0.6159110350727117,0.7225288509784245,,
0.6154833190761334,0.7223895582329317,,
0.6150556030795552,0.7222501255650426,,
0.6146278870829769,0.7221105527638191,,
0.6146278870829769,0.722473604826546,,
0.6142001710863987,0.7223340040241448,,
0.6137724550898204,0.7221942627075993,,
0.613344739093242,0.7220543806646526,,
0.613344739093242,0.7224181360201511,,
0.613344739093242,0.7227822580645161,,
0.613344739093242,0.7231467473524962,,
0.6129170230966638,0.7230070635721494,,
0.6124893071000855,0.7228672387682988,,
0.6124893071000855,0.7232323232323232,,
0.6124893071000855,0.7235977766548762,,
0.6120615911035072,0.7234580384226491,,
0.6120615911035072,0.723823975720789,,
0.6120615911035072,0.7241902834008097,,
0.611633875106929,0.7240506329113924,,
0.611633875106929,0.7244174265450861,,
0.6112061591103507,0.7242777496198682,,
0.6107784431137725,0.7241379310344828,,
0.6107784431137725,0.7245053272450532,,
0.6103507271171942,0.7243654822335025,,
0.6099230111206159,0.7242254951752158,,
0.6094952951240377,0.7240853658536586,,
0.6094952951240377,0.7244534824605999,,
0.6090675791274593,0.7243133265513734,,
0.6090675791274593,0.7246819338422392,,
0.6090675791274593,0.725050916496945,,
0.6090675791274593,0.7254202750891493,,
0.6086398631308811,0.7252803261977574,,
0.6082121471343028,0.7251402345741969,,
0.6082121471343028,0.7255102040816327,,
0.6077844311377245,0.7253700867789689,,
0.6073567151411463,0.7252298263534218,,
0.6073567151411463,0.7256004087889627,,
0.6073567151411463,0.7259713701431493,,
0.606928999144568,0.7258312020460358,,
0.606928999144568,0.7262026612077789,,
0.6065012831479898,0.7260624679979518,,
0.6065012831479898,0.7264344262295082,,
0.6065012831479898,0.7268067657611481,,
0.6060735671514115,0.7266666666666667,,
0.6060735671514115,0.7270395074397127,,
0.6056458511548332,0.7268993839835729,,
0.6056458511548332,0.7272727272727273,,
0.6056458511548332,0.7276464542651593,,
0.6056458511548332,0.7280205655526992,,
0.6056458511548332,0.7283950617283951,,
0.6056458511548332,0.7287699433865157,,
0.6056458511548332,0.729145211122554,,
0.6056458511548332,0.7295208655332303,,
0.6056458511548332,0.7298969072164948,,
0.6056458511548332,0.7302733367715317,,
0.6056458511548332,0.7306501547987616,,
0.605218135158255,0.7305110996386164,,
0.605218135158255,0.7308884297520661,,
0.6047904191616766,0.7307493540051679,,
0.6043627031650983,0.7306101344364012,,
0.6043627031650983,0.7309881013967926,,
0.6039349871685201,0.7308488612836439,,
0.6035072711719418,0.7307094769549456,,
0.6030795551753636,0.7305699481865285,,
0.6026518391787853,0.7304302747537584,,
0.602224123182207,0.7302904564315352,,
0.602224123182207,0.730669434353918,,
0.602224123182207,0.731048805815161,,
0.602224123182207,0.7314285714285714,,
0.602224123182207,0.7318087318087318,,
0.602224123182207,0.7321892875715028,,
0.602224123182207,0.7325702393340271,,
0.6017964071856288,0.7324310255075481,,
0.6013686911890505,0.7322916666666667,,
0.6013686911890505,0.7326732673267327,,
0.6009409751924722,0.7325338894681961,,
0.6009409751924722,0.7329160146061554,,
0.6009409751924722,0.7332985386221295,,
0.6009409751924722,0.7336814621409922,,
0.6005132591958939,0.7335423197492164,,
0.6000855431993156,0.7334030318870883,,
0.6000855431993156,0.733786610878661,,
0.5996578272027374,0.7336473050758765,,
0.5992301112061591,0.7335078534031414,,
0.5988023952095808,0.7333682556312205,,
0.5988023952095808,0.7337526205450734,,
0.5988023952095808,0.7341373885684321,,
0.5988023952095808,0.7345225603357818,,
0.5988023952095808,0.7349081364829396,,
0.5983746792130026,0.7347689075630253,,
0.5979469632164243,0.7346295323173936,,
0.5975192472198461,0.7344900105152471,,
0.5975192472198461,0.7348763808521831,,
0.5975192472198461,0.7352631578947368,,
0.5975192472198461,0.7356503422854134,,
0.5975192472198461,0.7360379346680717,,
0.5970915312232677,0.7358987875593042,,
0.5970915312232677,0.7362869198312236,,
0.5970915312232677,0.7366754617414248,,
0.5966638152266894,0.7365364308342133,,
0.5966638152266894,0.7369255150554676,,
0.5962360992301112,0.7367864693446089,,
0.5958083832335329,0.7366472765732417,,
0.5953806672369547,0.7365079365079366,,
0.5953806672369547,0.7368978295394388,,
0.5949529512403764,0.7367584745762712,,
0.5949529512403764,0.7371489136195019,,
0.5949529512403764,0.7375397667020148,,
0.5945252352437981,0.7374005305039788,,
0.5940975192472199,0.7372611464968153,,
0.5940975192472199,0.7376526818906001,,
0.5940975192472199,0.7380446333687567,,
0.5940975192472199,0.7384370015948963,,
0.5940975192472199,0.7388297872340426,,
0.5936698032506416,0.7386907929749867,,
0.5936698032506416,0.739084132055378,,
0.5936698032506416,0.7394778902503996,,
0.5932420872540634,0.7393390191897654,,
0.5932420872540634,0.7397333333333334,,
0.592814371257485,0.7395944503735326,,
0.5923866552609067,0.7394554191137213,,
0.5923866552609067,0.7398504273504274,,
0.5919589392643285,0.7397113842864779,,
0.5915312232677502,0.739572192513369,,
0.5915312232677502,0.7399678972712681,,
0.5915312232677502,0.7403640256959315,,
0.5915312232677502,0.7407605784681307,,
0.5911035072711719,0.7406216505894962,,
0.5906757912745937,0.7404825737265416,,
0.5906757912745937,0.7408798283261803,,
0.5906757912745937,0.7412775093934514,,
0.5906757912745937,0.7416756176154672,,
0.5906757912745937,0.7420741536808168,,
0.5902480752780154,0.7419354838709677,,
0.5902480752780154,0.7423345884884346,,
0.5902480752780154,0.7427341227125942,,
0.5898203592814372,0.7425955842757135,,
0.5898203592814372,0.7429956896551724,,
0.5893926432848589,0.7428571428571429,,
0.5889649272882805,0.7427184466019418,,
0.5885372112917023,0.7425796006475985,,
0.588109495295124,0.7424406047516199,,
0.5876817792985458,0.7423014586709886,,
0.5876817792985458,0.7427027027027027,,
0.5876817792985458,0.7431043807463493,,
0.5872540633019675,0.7429653679653679,,
0.5868263473053892,0.7428262046561992,,
0.586398631308811,0.7426868905742146,,
0.586398631308811,0.7430894308943089,,
0.5859709153122327,0.7429501084598699,,
0.5859709153122327,0.7433532284319045,,
0.5859709153122327,0.743756786102063,,
0.5859709153122327,0.7441607821835958,,
0.5859709153122327,0.7445652173913043,,
0.5855431993156544,0.744426318651441,,
0.5851154833190761,0.7442872687704026,,
0.5846877673224978,0.7441480675013609,,
0.5842600513259196,0.7440087145969498,,
0.5838323353293413,0.7438692098092643,,
0.583404619332763,0.7437295528898582,,
0.5829769033361848,0.7435897435897436,,
0.5825491873396065,0.7434497816593887,,
0.5821214713430283,0.7433096668487166,,
0.5821214713430283,0.7437158469945355,,
0.5821214713430283,0.74412247129579,,
0.58169375534645,0.7439824945295405,,
0.58169375534645,0.7443897099069513,,
0.58169375534645,0.7447973713033954,,
0.5812660393498716,0.7446575342465753,,
0.5808383233532934,0.7445175438596491,,
0.5808383233532934,0.7449259462424574,,
0.5804106073567151,0.7447859495060373,,
0.5804106073567151,0.7451949478308622,,
0.5804106073567151,0.7456043956043956,,
0.5799828913601369,0.7454645409565696,,
0.5795551753635586,0.7453245324532454,,
0.5791274593669803,0.7451843698403963,,
0.5786997433704021,0.7450440528634361,,
0.5782720273738238,0.7449035812672177,,
0.5782720273738238,0.7453142227122381,,
0.5778443113772455,0.7451737451737451,,
0.5778443113772455,0.7455849889624724,,
0.5778443113772455,0.7459966869133076,,
0.5778443113772455,0.7464088397790055,,
0.5778443113772455,0.7468214483139857,,
0.5774165953806673,0.7466814159292036,,
0.5769888793840889,0.746541228555617,,
0.5765611633875107,0.7464008859357697,,
0.5765611633875107,0.746814404432133,,
0.5761334473909324,0.7466740576496674,,
0.5757057313943541,0.7465335551858014,,
0.5757057313943541,0.7469478357380688,,
0.5752780153977759,0.7468073292615214,,
0.5748502994011976,0.7466666666666667,,
0.5744225834046194,0.7465258476931629,,
0.5739948674080411,0.746384872080089,,
0.5739948674080411,0.7468002225932109,,
0.5735671514114628,0.7466592427616926,,
0.5731394354148845,0.7465181058495822,,
0.5731394354148845,0.7469342251950948,,
0.5731394354148845,0.747350808700502,,
0.5731394354148845,0.7477678571428571,,
0.5727117194183062,0.7476270240089335,,
0.5727117194183062,0.7480446927374301,,
0.5727117194183062,0.7484628283957518,,
0.5727117194183062,0.7488814317673378,,
0.572284003421728,0.748740906547286,,
0.5718562874251497,0.7486002239641657,,
0.5718562874251497,0.7490196078431373,,
0.5714285714285714,0.7488789237668162,,
0.5710008554319932,0.7487380818844643,,
0.5710008554319932,0.7491582491582491,,
0.5710008554319932,0.7495788882650196,,
0.5705731394354149,0.749438202247191,,
0.5701454234388366,0.7492973580663294,,
0.5697177074422584,0.749156355455568,,
0.56928999144568,0.7490151941474396,,
0.56928999144568,0.7494369369369369,,
0.56928999144568,0.7498591549295774,,
0.5688622754491018,0.7497181510710259,,
0.5684345594525235,0.7495769881556683,,
0.5684345594525235,0.75,,
0.5680068434559452,0.7498588368153586,,
0.5680068434559452,0.7502824858757062,,
0.5680068434559452,0.7507066139061617,,
0.567579127459367,0.7505656108597285,,
0.5671514114627887,0.7504244482173175,,
0.5667236954662105,0.7502831257078143,,
0.5667236954662105,0.7507082152974505,,
0.5662959794696322,0.7505668934240363,,
0.5662959794696322,0.7509926262053318,,
0.5662959794696322,0.7514188422247446,,
0.5662959794696322,0.7518455423055083,,
0.5658682634730539,0.7517045454545455,,
0.5658682634730539,0.7521318931210915,,
0.5654405474764757,0.7519908987485779,,
0.5650128314798973,0.7518497438816164,,
0.564585115483319,0.7517084282460137,,
0.564585115483319,0.7521367521367521,,
0.564585115483319,0.7525655644241733,,
0.564585115483319,0.7529948659440958,,
0.5641573994867408,0.7528538812785388,,
0.5641573994867408,0.7532838378069674,,
0.5641573994867408,0.7537142857142857,,
0.5637296834901625,0.7535734705546027,,
0.5633019674935843,0.7534324942791762,,
0.5633019674935843,0.7538637664567831,,
0.5633019674935843,0.7542955326460481,,
0.5633019674935843,0.7547277936962751,,
0.5633019674935843,0.7551605504587156,,
0.562874251497006,0.7550200803212851,,
0.562874251497006,0.7554535017221584,,
0.562874251497006,0.7558874210224009,,
0.562874251497006,0.7563218390804598,,
0.562874251497006,0.7567567567567568,,
0.5624465355004277,0.7566168009205984,,
0.5624465355004277,0.7570523891767416,,
0.5620188195038495,0.7569124423963134,,
0.5615911035072711,0.7567723342939481,,
0.561163387510693,0.7566320645905421,,
0.5607356715141146,0.7564916330063474,,
0.5603079555175363,0.75635103926097,,
0.5603079555175363,0.756787983824379,,
0.5598802395209581,0.7566473988439306,,
0.5598802395209581,0.757085020242915,,
0.5594525235243798,0.7569444444444444,,
0.5590248075278016,0.7568037058482918,,
0.5585970915312233,0.7566628041714948,,
0.558169375534645,0.7565217391304347,,
0.5577416595380668,0.7563805104408353,,
0.5577416595380668,0.7568195008705746,,
0.5573139435414884,0.756678281068525,,
0.5568862275449101,0.7565368971528181,,
0.5564585115483319,0.7563953488372093,,
0.5560307955517536,0.7562536358347877,,
0.5556030795551754,0.7561117578579744,,
0.5556030795551754,0.7565521258008153,,
0.5551753635585971,0.7564102564102564,,
0.5551753635585971,0.7568513119533528,,
0.5547476475620188,0.7567094515752626,,
0.5547476475620188,0.7571511967308815,,
0.5543199315654406,0.7570093457943925,,
0.5543199315654406,0.7574517825832846,,
0.5538922155688623,0.7573099415204678,,
0.553464499572284,0.7571679344645992,,
0.553464499572284,0.7576112412177985,,
0.553464499572284,0.7580550673696543,,
0.5530367835757057,0.7579132473622509,,
0.5526090675791274,0.7577712609970675,,
0.5521813515825492,0.7576291079812206,,
0.5517536355859709,0.7574867880211391,,
0.5513259195893926,0.7573443008225617,,
0.5508982035928144,0.757201646090535,,
0.5504704875962361,0.7570588235294118,,
0.5500427715996579,0.7569158328428487,,
0.5500427715996579,0.7573616018845701,,
0.5500427715996579,0.7578078962875663,,
0.5500427715996579,0.7582547169811321,,
0.5496150556030795,0.7581120943952803,,
0.5491873396065012,0.7579693034238488,,
0.5491873396065012,0.7584170112226817,,
0.5491873396065012,0.7588652482269503,,
0.5491873396065012,0.7593140153755175,,
0.5491873396065012,0.7597633136094675,,
0.548759623609923,0.7596210775606868,,
0.5483319076133447,0.759478672985782,,
0.5479041916167665,0.7593360995850622,,
0.5479041916167665,0.7597864768683275,,
0.5474764756201882,0.7596439169139466,,
0.5474764756201882,0.7600950118764845,,
0.5474764756201882,0.7605466428995841,,
0.5470487596236099,0.7604042806183116,,
0.5466210436270317,0.760261748958953,,
0.5461933276304534,0.7601190476190476,,
0.5457656116338752,0.7599761762954139,,
0.5453378956372968,0.7598331346841478,,
0.5449101796407185,0.7596899224806202,,
0.5444824636441403,0.7595465393794749,,
0.544054747647562,0.7594029850746269,,
0.5436270316509837,0.7592592592592593,,
0.5436270316509837,0.7597130902570233,,
0.5436270316509837,0.7601674641148325,,
0.5436270316509837,0.760622381807301,,
0.5436270316509837,0.7610778443113773,,
0.5431993156544055,0.7609346914319952,,
0.5427715996578272,0.7607913669064749,,
0.542343883661249,0.7606478704259149,,
0.5419161676646707,0.7605042016806722,,
0.5419161676646707,0.760960960960961,,
0.5419161676646707,0.7614182692307693,,
0.5419161676646707,0.761876127480457,,
0.5419161676646707,0.7623345367027677,,
0.5414884516680923,0.7621914509331728,,
0.5414884516680923,0.7626506024096386,,
0.5414884516680923,0.7631103074141049,,
0.5414884516680923,0.7635705669481303,,
0.5410607356715141,0.7634278817139408,,
0.5406330196749358,0.7632850241545893,,
0.5406330196749358,0.7637462235649547,,
0.5406330196749358,0.7642079806529625,,
0.5402053036783576,0.764065335753176,,
0.5397775876817793,0.7639225181598063,,
0.539349871685201,0.7637795275590551,,
0.5389221556886228,0.7636363636363637,,
0.5389221556886228,0.7640994542146755,,
0.5389221556886228,0.7645631067961165,,
0.5384944396920445,0.7644201578627808,,
0.5384944396920445,0.7648845686512759,,
0.5380667236954663,0.764741641337386,,
0.537639007698888,0.7645985401459854,,
0.5372112917023096,0.7644552647595861,,
0.5367835757057314,0.7643118148599269,,
0.5367835757057314,0.7647775746496039,,
0.5363558597091531,0.7646341463414634,,
0.5363558597091531,0.7651006711409396,,
0.5359281437125748,0.7649572649572649,,
0.5355004277159966,0.7648136835675016,,
0.5355004277159966,0.7652811735941321,,
0.5355004277159966,0.7657492354740061,,
0.5350727117194183,0.7656058751529988,,
0.5350727117194183,0.7660747091243111,,
0.5346449957228401,0.7659313725490197,,
0.5342172797262618,0.765787860208461,,
0.5342172797262618,0.7662576687116565,,
0.5337895637296834,0.7661141804788214,,
0.5333618477331052,0.765970515970516,,
0.5329341317365269,0.7658266748617086,,
0.5329341317365269,0.7662976629766297,,
0.5325064157399487,0.7661538461538462,,
0.5325064157399487,0.7666256157635468,,
0.5320786997433704,0.7664818237831177,,
0.5316509837467921,0.7663378545006165,,
0.5316509837467921,0.7668106107341147,,
0.5312232677502139,0.7666666666666667,,
0.5307955517536356,0.7665225447807289,,
0.5303678357570573,0.7663782447466008,,
0.5303678357570573,0.766852195423624,,
0.5303678357570573,0.7673267326732673,,
0.5303678357570573,0.7678018575851393,,
0.5299401197604791,0.7676579925650557,,
0.5295124037639007,0.7675139491630503,,
0.5290846877673225,0.7673697270471465,,
0.5286569717707442,0.7672253258845437,,
0.5282292557741659,0.7670807453416149,,
0.5282292557741659,0.7675574891236793,,
0.5282292557741659,0.7680348258706468,,
0.5278015397775877,0.7678904791537026,,
0.5278015397775877,0.7683686176836861,,
0.5273738237810094,0.7682242990654206,,
0.5273738237810094,0.7687032418952618,,
0.5269461077844312,0.7685589519650655,,
0.5269461077844312,0.7690387016229713,,
0.5265183917878529,0.768894440974391,,
0.5265183917878529,0.769375,,
0.5260906757912746,0.7692307692307693,,
0.5260906757912746,0.769712140175219,,
0.5256629597946963,0.7695679398872887,,
0.525235243798118,0.7694235588972431,,
0.525235243798118,0.7699059561128526,,
0.525235243798118,0.7703889585947302,,
0.5248075278015398,0.7702448210922788,,
0.5248075278015398,0.7707286432160804,,
0.5243798118049615,0.7705845380263985,,
0.5239520958083832,0.7704402515723271,,
0.5239520958083832,0.7709251101321586,,
0.523524379811805,0.7707808564231738,,
0.5230966638152267,0.7706364209199748,,
0.5226689478186484,0.7704918032786885,,
0.5222412318220702,0.7703470031545742,,
0.5218135158254918,0.7702020202020202,,
0.5213857998289136,0.770056854074542,,
0.5213857998289136,0.770543615676359,,
0.5209580838323353,0.7703984819734345,,
0.520530367835757,0.770253164556962,,
0.520530367835757,0.7707409753008233,,
0.5201026518391788,0.770595690747782,,
0.5196749358426005,0.7704502219403931,,
0.5192472198460223,0.7703045685279187,,
0.518819503849444,0.7701587301587302,,
0.5183917878528657,0.770012706480305,,
0.5183917878528657,0.7705022250476796,,
0.5179640718562875,0.7703562340966921,,
0.5179640718562875,0.7708465945257797,,
0.5175363558597091,0.7707006369426752,,
0.5171086398631308,0.7705544933078394,,
0.5166809238665526,0.7704081632653061,,
0.5162532078699743,0.7702616464582004,,
0.5158254918733961,0.7701149425287356,,
0.5153977758768178,0.7699680511182109,,
0.5149700598802395,0.7698209718670077,,
0.5145423438836613,0.7696737044145874,,
0.5145423438836613,0.7701664532650448,,
0.514114627887083,0.7700192184497118,,
0.5136869118905047,0.7698717948717949,,
0.5132591958939264,0.7697241821680565,,
0.5132591958939264,0.7702182284980744,,
0.5132591958939264,0.7707129094412332,,
0.5128314798973481,0.7705655526992288,,
0.5128314798973481,0.7710610932475884,,
0.5124037639007699,0.7709137709137709,,
0.5124037639007699,0.7714101738570509,,
0.5124037639007699,0.7719072164948454,,
0.5119760479041916,0.7717601547388782,,
0.5119760479041916,0.772258064516129,,
0.5115483319076134,0.7721110393802453,,
0.5111206159110351,0.7719638242894057,,
0.5106928999144568,0.7718164188752424,,
0.5102651839178786,0.7716688227684346,,
0.5098374679213002,0.7715210355987056,,
0.5094097519247219,0.7713730569948186,,
0.5089820359281437,0.7712248865845756,,
0.5085543199315654,0.771076523994812,,
0.5081266039349872,0.7709279688513953,,
0.5081266039349872,0.7714285714285715,,
0.5076988879384089,0.7712800519818064,,
0.5076988879384089,0.7717815344603381,,
0.5072711719418306,0.7716330513988289,,
0.5068434559452524,0.771484375,,
0.5068434559452524,0.7719869706840391,,
0.5064157399486741,0.771838331160365,,
0.5064157399486741,0.7723418134377038,,
0.5064157399486741,0.7728459530026109,,
0.5064157399486741,0.7733507511430437,,
0.5064157399486741,0.7738562091503268,,
0.5064157399486741,0.7743623283191629,,
0.5059880239520959,0.7742146596858639,,
0.5055603079555175,0.7740667976424361,,
0.5055603079555175,0.7745740498034076,,
0.5051325919589392,0.7744262295081967,,
0.504704875962361,0.7742782152230971,,
0.5042771599657827,0.7741300065659882,,
0.5042771599657827,0.7746386333771353,,
0.5042771599657827,0.7751479289940828,,
0.5042771599657827,0.7756578947368421,,
0.5042771599657827,0.7761685319289006,,
0.5042771599657827,0.7766798418972332,,
0.5038494439692045,0.7765326301911668,,
0.5038494439692045,0.7770448548812665,,
0.5038494439692045,0.7775577557755775,,
0.5034217279726262,0.7774108322324967,,
0.5034217279726262,0.7779246530072703,,
0.5034217279726262,0.7784391534391535,,
0.5034217279726262,0.7789543348775645,,
0.5034217279726262,0.7794701986754967,,
0.5034217279726262,0.7799867461895295,,
0.5029940119760479,0.7798408488063661,,
0.5025662959794697,0.7796947577969475,,
0.5025662959794697,0.7802124833997344,,
0.5021385799828914,0.7800664451827243,,
0.5021385799828914,0.7805851063829787,,
0.501710863986313,0.780439121756487,,
0.5012831479897348,0.7802929427430093,,
0.5012831479897348,0.7808127914723517,,
0.5008554319931565,0.7806666666666666,,
0.5004277159965783,0.7805203468979319,,
0.5,0.780373831775701,,
0.49957228400342174,0.7802271209084837,,
0.4991445680068435,0.7800802139037433,,
0.49871685201026517,0.7799331103678929,,
0.4982891360136869,0.7797858099062919,,
0.49786142001710865,0.7796383121232418,,
0.4974337040205304,0.7794906166219839,,
0.4974337040205304,0.7800134138162307,,
0.49700598802395207,0.7798657718120805,,
0.4965782720273738,0.7797179314976495,,
0.4965782720273738,0.780241935483871,,
0.49615055603079555,0.7800941492938803,,
0.49615055603079555,0.7806191117092867,,
0.4957228400342173,0.7804713804713804,,
0.4957228400342173,0.7809973045822103,,
0.49529512403763903,0.7808496291301416,,
0.49529512403763903,0.7813765182186235,,
0.4948674080410607,0.7812288993923024,,
0.49443969204448246,0.7810810810810811,,
0.4940119760479042,0.7809330628803245,,
0.4940119760479042,0.7814614343707713,,
0.4940119760479042,0.7819905213270142,,
0.49358426005132594,0.7818428184281843,,
0.49358426005132594,0.7823728813559322,,
0.49358426005132594,0.7829036635006784,,
0.4931565440547476,0.7827562797012899,,
0.49272882805816937,0.782608695652174,,
0.4923011120615911,0.7824609109449354,,
0.49187339606501285,0.782312925170068,,
0.4914456800684346,0.7821647379169503,,
0.49101796407185627,0.782016348773842,,
0.490590248075278,0.78186775732788,,
0.49016253207869975,0.781718963165075,,
0.49016253207869975,0.7822525597269625,,
0.4897348160821215,0.782103825136612,,
0.4893071000855432,0.7819548872180451,,
0.4888793840889649,0.7818057455540356,,
0.4888793840889649,0.7823408624229979,,
0.48845166809238666,0.7821917808219178,,
0.48845166809238666,0.7827278958190541,,
0.48845166809238666,0.7832647462277091,,
0.48845166809238666,0.7838023335621139,,
0.4880239520958084,0.7836538461538461,,
0.4880239520958084,0.784192439862543,,
0.4875962360992301,0.7840440165061898,,
0.4871685201026518,0.7838953888506538,,
0.48674080410607357,0.7837465564738292,,
0.48674080410607357,0.7842866988283942,,
0.4863130881094953,0.7841379310344827,,
0.4863130881094953,0.7846790890269151,,
0.4863130881094953,0.7852209944751382,,
0.4863130881094953,0.7857636489288182,,
0.4863130881094953,0.7863070539419087,,
0.4863130881094953,0.7868512110726643,,
0.48588537211291705,0.7867036011080333,,
0.48588537211291705,0.7872487872487872,,
0.48588537211291705,0.7877947295423023,,
0.48588537211291705,0.7883414295628036,,
0.48588537211291705,0.7888888888888889,,
0.48588537211291705,0.7894371091035441,,
0.48588537211291705,0.7899860917941586,,
0.48588537211291705,0.7905358385525401,,
0.48545765611633873,0.7903899721448467,,
0.48502994011976047,0.7902439024390244,,
0.48502994011976047,0.7907949790794979,,
0.4846022241231822,0.790648988136776,,
0.4846022241231822,0.7912011173184358,,
0.48417450812660395,0.7910552061495457,,
0.48417450812660395,0.7916083916083916,,
0.48417450812660395,0.7921623512946117,,
0.48374679213002564,0.792016806722689,,
0.48374679213002564,0.7925718290119131,,
0.4833190761334474,0.7924263674614306,,
0.4833190761334474,0.7929824561403509,,
0.4828913601368691,0.7928370786516854,,
0.4828913601368691,0.7933942375263527,,
0.48246364414029086,0.7932489451476793,,
0.4820359281437126,0.7931034482758621,,
0.4816082121471343,0.7929577464788733,,
0.481180496150556,0.7928118393234672,,
0.48075278015397777,0.7926657263751763,,
0.4803250641573995,0.7925194071983063,,
0.4798973481608212,0.7923728813559322,,
0.47946963216424293,0.792226148409894,,
0.47904191616766467,0.7920792079207921,,
0.4786142001710864,0.7919320594479831,,
0.47818648417450815,0.7917847025495751,,
0.47775876817792984,0.7916371367824239,,
0.4773310521813516,0.7914893617021277,,
0.4769033361847733,0.7913413768630234,,
0.4769033361847733,0.7919034090909091,,
0.47647562018819506,0.7917555081734187,,
0.47647562018819506,0.7923186344238976,,
0.47604790419161674,0.7921708185053381,,
0.47604790419161674,0.7927350427350427,,
0.4756201881950385,0.7925873129009265,,
0.4751924721984602,0.7924393723252496,,
0.47476475620188197,0.7922912205567452,,
0.4743370402053037,0.7921428571428571,,
0.4739093242087254,0.7919942816297355,,
0.47348160821214713,0.7918454935622318,,
0.47305389221556887,0.7916964924838941,,
0.4726261762189906,0.7915472779369628,,
0.4726261762189906,0.7921146953405018,,
0.4721984602224123,0.7919655667144907,,
0.47177074422583404,0.791816223977028,,
0.4713430282292558,0.7916666666666666,,
0.4709153122326775,0.7915168943206327,,
0.4709153122326775,0.7920863309352518,,
0.4704875962360992,0.7919366450683946,,
0.4704875962360992,0.792507204610951,,
0.4704875962360992,0.7930785868781542,,
0.4704875962360992,0.7936507936507936,,
0.47005988023952094,0.7935018050541516,,
0.47005988023952094,0.7940751445086706,,
0.4696321642429427,0.7939262472885033,,
0.4696321642429427,0.7945007235890015,,
0.4696321642429427,0.7950760318609703,,
0.4692044482463644,0.7949275362318841,,
0.4692044482463644,0.7955039883973894,,
0.46877673224978617,0.795355587808418,,
0.46834901625320785,0.7952069716775599,,
0.4679213002566296,0.7950581395348837,,
0.46749358426005133,0.7949090909090909,,
0.46706586826347307,0.7947598253275109,,
0.46663815226689476,0.7946103423160962,,
0.46663815226689476,0.7951895043731778,,
0.46663815226689476,0.7957695113056164,,
0.4662104362703165,0.7956204379562044,,
0.4662104362703165,0.7962016070124178,,
0.46578272027373824,0.7960526315789473,,
0.46535500427716,0.7959034381858083,,
0.4649272882805817,0.7957540263543191,,
0.4644995722840034,0.7956043956043956,,
0.46407185628742514,0.7954545454545454,,
0.4636441402908469,0.7953044754218636,,
0.4632164242942686,0.7951541850220264,,
0.4627887082976903,0.7950036737692873,,
0.4627887082976903,0.7955882352941176,,
0.46236099230111205,0.7954378219278881,,
0.46236099230111205,0.7960235640648011,,
0.4619332763045338,0.7958732498157701,,
0.4619332763045338,0.7964601769911505,,
0.4619332763045338,0.7970479704797048,,
0.46150556030795553,0.7968980797636632,,
0.46107784431137727,0.7967479674796748,,
0.46065012831479896,0.7965976331360947,,
0.46065012831479896,0.7971872686898593,,
0.4602224123182207,0.797037037037037,,
0.45979469632164244,0.7968865826538176,,
0.4593669803250642,0.7967359050445104,,
0.4593669803250642,0.7973273942093542,,
0.45893926432848586,0.7971768202080238,,
0.4585115483319076,0.7970260223048327,,
0.45808383233532934,0.796875,,
0.4576561163387511,0.7967237527922562,,
0.4572284003421728,0.7965722801788375,,
0.4568006843455945,0.796420581655481,,
0.45637296834901625,0.7962686567164179,,
0.455945252352438,0.7961165048543689,,
0.45551753635585973,0.7959641255605381,,
0.45551753635585973,0.7965594614809275,,
0.4550898203592814,0.7964071856287425,,
0.4550898203592814,0.797003745318352,,
0.45466210436270316,0.7968515742128935,,
0.4542343883661249,0.7966991747936985,,
0.45380667236954664,0.7965465465465466,,
0.4533789563729683,0.7963936889556724,,
0.4533789563729683,0.7969924812030075,,
0.4533789563729683,0.7975921745673439,,
0.45295124037639006,0.7974397590361446,,
0.45295124037639006,0.7980406932931424,,
0.4525235243798118,0.7978883861236803,,
0.45209580838323354,0.7977358490566038,,
0.4516680923866553,0.797583081570997,,
0.45124037639007697,0.7974300831443688,,
0.4508126603934987,0.7972768532526475,,
0.4508126603934987,0.7978803936411809,,
0.4508126603934987,0.7984848484848485,,
0.4508126603934987,0.799090219863533,,
0.4508126603934987,0.7996965098634294,,
0.4508126603934987,0.8003037205770691,,
0.4508126603934987,0.8009118541033434,,
0.4508126603934987,0.8015209125475286,,
0.45038494439692045,0.8013698630136986,,
0.4499572284003422,0.8012185833968012,,
0.4499572284003422,0.801829268292683,,
0.4499572284003422,0.8024408848207475,,
0.4495295124037639,0.8022900763358779,,
0.4491017964071856,0.8021390374331551,,
0.4491017964071856,0.8027522935779816,,
0.44867408041060736,0.8026013771996939,,
0.44867408041060736,0.8032159264931087,,
0.4482463644140291,0.8030651340996169,,
0.4482463644140291,0.803680981595092,,
0.44781864841745084,0.8035303146584805,,
0.4473909324208725,0.8033794162826421,,
0.44696321642429426,0.8032282859338971,,
0.446535500427716,0.803076923076923,,
0.446535500427716,0.8036951501154734,,
0.446535500427716,0.8043143297380585,,
0.44610778443113774,0.8041634541249036,,
0.44568006843455943,0.8040123456790124,,
0.44525235243798117,0.8038610038610039,,
0.44525235243798117,0.8044822256568779,,
0.44525235243798117,0.8051044083526682,,
0.4448246364414029,0.804953560371517,,
0.4448246364414029,0.8055770720371804,,
0.4448246364414029,0.8062015503875969,,
0.44439692044482465,0.8060512024825446,,
0.4439692044482464,0.8059006211180124,,
0.4439692044482464,0.8065268065268065,,
0.4439692044482464,0.807153965785381,,
0.4435414884516681,0.8070038910505837,,
0.4435414884516681,0.807632398753894,,
0.4431137724550898,0.8074824629773967,,
0.4431137724550898,0.8081123244929798,,
0.4431137724550898,0.8087431693989071,,
0.44268605645851156,0.80859375,,
0.4422583404619333,0.8084440969507428,,
0.441830624465355,0.8082942097026604,,
0.441830624465355,0.8089271730618638,,
0.441830624465355,0.8095611285266457,,
0.4414029084687767,0.8094117647058824,,
0.4414029084687767,0.8100470957613815,,
0.4414029084687767,0.8106834249803614,,
0.4414029084687767,0.8113207547169812,,
0.44097519247219846,0.8111723052714398,,
0.4405474764756202,0.8110236220472441,,
0.44011976047904194,0.8108747044917257,,
0.44011976047904194,0.8115141955835962,,
0.44011976047904194,0.8121546961325967,,
0.44011976047904194,0.8127962085308057,,
0.43969204448246363,0.8126482213438735,,
0.43926432848588537,0.8125,,
0.4388366124893071,0.8123515439429929,,
0.43840889649272885,0.812202852614897,,
0.43840889649272885,0.8128469468675654,,
0.43798118049615054,0.8126984126984127,,
0.4375534644995723,0.812549642573471,,
0.437125748502994,0.8124006359300477,,
0.43669803250641576,0.8122513922036595,,
0.43669803250641576,0.8128980891719745,,
0.43669803250641576,0.8135458167330677,,
0.43669803250641576,0.8141945773524721,,
0.43627031650983744,0.8140462889066241,,
0.43627031650983744,0.8146964856230032,,
0.43627031650983744,0.815347721822542,,
0.4358426005132592,0.8152,,
0.4358426005132592,0.8158526821457166,,
0.4354148845166809,0.8157051282051282,,
0.43498716852010266,0.8155573376102646,,
0.4345594525235244,0.8154093097913323,,
0.4341317365269461,0.8152610441767069,,
0.4341317365269461,0.8159163987138264,,
0.43370402053036783,0.8157683024939663,,
0.43327630453378957,0.8156199677938808,,
0.43327630453378957,0.8162771958098308,,
0.4328485885372113,0.8161290322580645,,
0.432420872540633,0.8159806295399515,,
0.43199315654405473,0.815831987075929,,
0.4315654405474765,0.8156831042845594,,
0.4311377245508982,0.8155339805825242,,
0.43071000855431996,0.8153846153846154,,
0.43028229255774164,0.8152350081037277,,
0.43028229255774164,0.8158961881589619,,
0.4298545765611634,0.8157467532467533,,
0.4298545765611634,0.8164094232331438,,
0.4298545765611634,0.8170731707317073,,
0.4294268605645851,0.8169243287225386,,
0.42899914456800686,0.8167752442996743,,
0.42857142857142855,0.8166259168704156,,
0.4281437125748503,0.8164763458401305,,
0.42771599657827203,0.8163265306122449,,
0.42771599657827203,0.8169934640522876,,
0.42771599657827203,0.8176614881439084,,
0.42771599657827203,0.8183306055646481,,
0.42728828058169377,0.8181818181818182,,
0.4268605645851155,0.8180327868852459,,
0.4264328485885372,0.8178835110746514,,
0.42600513259195893,0.8177339901477833,,
0.42600513259195893,0.8184059161873459,,
0.42600513259195893,0.819078947368421,,
0.4255774165953807,0.8189300411522634,,
0.4251497005988024,0.8187808896210873,,
0.4247219846022241,0.8186314921681781,,
0.4247219846022241,0.8193069306930693,,
0.42429426860564584,0.8191577208918249,,
0.42429426860564584,0.8198347107438017,,
0.42429426860564584,0.8205128205128205,,
0.42429426860564584,0.8211920529801324,,
0.4238665526090676,0.8210439105219552,,
0.4234388366124893,0.8208955223880597,,
0.4234388366124893,0.8215767634854771,,
0.42301112061591106,0.8214285714285714,,
0.42258340461933275,0.8212801330008312,,
0.4221556886227545,0.8211314475873545,,
0.42172797262617623,0.8209825145711906,,
0.42172797262617623,0.8216666666666667,,
0.42130025662959797,0.8215179316096747,,
0.42087254063301965,0.8213689482470785,,
0.4204448246364414,0.8212197159565581,,
0.42001710863986313,0.8210702341137124,,
0.4195893926432849,0.8209205020920503,,
0.4195893926432849,0.821608040201005,,
0.41916167664670656,0.8214585079631181,,
0.4187339606501283,0.8213087248322147,,
0.4187339606501283,0.8219983207388749,,
0.41830624465355004,0.8218487394957983,,
0.4178785286569718,0.8216989066442388,,
0.4178785286569718,0.8223905723905723,,
0.4174508126603935,0.8222409435551812,,
0.4170230966638152,0.8220910623946037,,
0.41659538066723695,0.8219409282700422,,
0.41659538066723695,0.8226351351351351,,
0.41659538066723695,0.8233305156382079,,
0.4161676646706587,0.823181049069374,,
0.4161676646706587,0.8238780694326842,,
0.41573994867408043,0.823728813559322,,
0.4153122326775021,0.823579304495335,,
0.41488451668092385,0.8234295415959253,,
0.4144568006843456,0.8232795242141037,,
0.4144568006843456,0.8239795918367347,,
0.41402908468776733,0.8238297872340425,,
0.4136013686911891,0.823679727427598,,
0.41317365269461076,0.8235294117647058,,
0.4127459366980325,0.8233788395904437,,
0.4127459366980325,0.8240819812126388,,
0.41231822070145424,0.8239316239316239,,
0.41231822070145424,0.8246364414029085,,
0.411890504704876,0.824486301369863,,
0.41146278870829767,0.8243359040274207,,
0.41146278870829767,0.8250428816466552,,
0.41146278870829767,0.8257510729613734,,
0.4110350727117194,0.8256013745704467,,
0.4110350727117194,0.826311263972485,,
0.41060735671514115,0.8261617900172117,,
0.4101796407185629,0.8260120585701981,,
0.40975192472198463,0.8258620689655173,,
0.4093242087254063,0.825711820534944,,
0.40889649272882805,0.8255613126079447,,
0.4084687767322498,0.8254105445116681,,
0.4084687767322498,0.8261245674740484,,
0.4084687767322498,0.8268398268398268,,
0.4084687767322498,0.8275563258232236,,
0.40804106073567153,0.8274067649609714,,
0.4076133447390932,0.8272569444444444,,
0.4076133447390932,0.8279756733275413,,
0.40718562874251496,0.8278260869565217,,
0.4067579127459367,0.8276762402088773,,
0.4067579127459367,0.828397212543554,,
0.40633019674935844,0.8282476024411508,,
0.4059024807527802,0.8280977312390925,,
0.40547476475620187,0.8279475982532751,,
0.4050470487596236,0.8277972027972028,,
0.4050470487596236,0.8285214348206474,,
0.4050470487596236,0.829246935201401,,
0.40461933276304535,0.8290972830850132,,
0.40461933276304535,0.8298245614035088,,
0.4041916167664671,0.8296751536435469,,
0.4041916167664671,0.8304042179261862,,
0.4041916167664671,0.8311345646437994,,
0.4037639007698888,0.8309859154929577,,
0.4037639007698888,0.8317180616740089,,
0.4033361847733105,0.8315696649029982,,
0.40290846877673225,0.8314210061782877,,
0.402480752780154,0.8312720848056537,,
0.4020530367835757,0.8311229000884174,,
0.4016253207869974,0.8309734513274336,,
0.4016253207869974,0.8317094774136404,,
0.4016253207869974,0.8324468085106383,,
0.40119760479041916,0.8322981366459627,,
0.40119760479041916,0.8330373001776199,,
0.4007698887938409,0.8328888888888889,,
0.40034217279726264,0.8327402135231317,,
0.40034217279726264,0.8334817453250223,,
0.40034217279726264,0.8342245989304813,,
0.3999144568006843,0.8340767172167708,,
0.39948674080410607,0.8339285714285715,,
0.3990590248075278,0.8337801608579088,,
0.39863130881094955,0.8336314847942755,,
0.39863130881094955,0.8343777976723367,,
0.39820359281437123,0.8342293906810035,,
0.397775876817793,0.8340807174887892,,
0.397775876817793,0.8348294434470377,,
0.397775876817793,0.8355795148247979,,
0.397775876817793,0.8363309352517986,,
0.397775876817793,0.8370837083708371,,
0.397775876817793,0.8378378378378378,,
0.3973481608212147,0.8376916140667268,,
0.39692044482463645,0.8375451263537906,,
0.39692044482463645,0.8383017163504969,,
0.39692044482463645,0.8390596745027125,,
0.3964927288280582,0.8389140271493213,,
0.3960650128314799,0.8387681159420289,,
0.3960650128314799,0.8395285584768812,,
0.3960650128314799,0.8402903811252269,,
0.3960650128314799,0.8410535876475931,,
0.3956372968349016,0.8409090909090909,,
0.3956372968349016,0.8416742493175614,,
0.39520958083832336,0.8415300546448088,,
0.39520958083832336,0.8422971741112124,,
0.39520958083832336,0.843065693430657,,
0.3947818648417451,0.8429223744292238,,
0.3943541488451668,0.8427787934186471,,
0.3939264328485885,0.8426349496797805,,
0.39349871685201027,0.8424908424908425,,
0.393071000855432,0.842346471127406,,
0.393071000855432,0.8431192660550458,,
0.393071000855432,0.8438934802571166,,
0.39264328485885375,0.84375,,
0.39264328485885375,0.8445262189512419,,
0.39264328485885375,0.8453038674033149,,
0.39221556886227543,0.8451612903225807,,
0.3917878528656972,0.8450184501845018,,
0.3913601368691189,0.8448753462603878,,
0.39093242087254065,0.844731977818854,,
0.39050470487596234,0.8445883441258094,,
0.3900769888793841,0.8444444444444444,,
0.3896492728828058,0.8443002780352178,,
0.3896492728828058,0.8450834879406308,,
0.38922155688622756,0.8449396471680595,,
0.3887938408896493,0.8447955390334573,,
0.3887938408896493,0.8455813953488373,,
0.3887938408896493,0.8463687150837989,,
0.3887938408896493,0.8471575023299162,,
0.3887938408896493,0.8479477611940298,,
0.3887938408896493,0.8487394957983193,,
0.388366124893071,0.8485981308411215,,
0.388366124893071,0.8493919550982226,,
0.3879384088964927,0.849250936329588,,
0.38751069289991447,0.8491096532333646,,
0.3870829769033362,0.848968105065666,,
0.3866552609067579,0.8488262910798122,,
0.38622754491017963,0.8486842105263158,,
0.38622754491017963,0.8494825964252116,,
0.38622754491017963,0.8502824858757062,,
0.3857998289136014,0.8501413760603205,,
0.3857998289136014,0.8509433962264151,,
0.3853721129170231,0.8508026440037771,,
0.3849443969204448,0.8506616257088847,,
0.38451668092386654,0.8505203405865658,,
0.3840889649272883,0.8503787878787878,,
0.3840889649272883,0.8511848341232228,,
0.3840889649272883,0.8519924098671727,,
0.38366124893071,0.8518518518518519,,
0.38323353293413176,0.8517110266159695,,
0.38280581693755344,0.851569933396765,,
0.38280581693755344,0.8523809523809524,,
0.38280581693755344,0.8531935176358436,,
0.38280581693755344,0.8540076335877863,,
0.3823781009409752,0.8538681948424068,,
0.3819503849443969,0.8537284894837476,,
0.38152266894781867,0.8535885167464115,,
0.38109495295124035,0.853448275862069,,
0.38109495295124035,0.8542665388302972,,
0.38109495295124035,0.8550863723608445,,
0.38109495295124035,0.8559077809798271,,
0.3806672369546621,0.8557692307692307,,
0.38023952095808383,0.8556304138594802,,
0.3798118049615056,0.8554913294797688,,
0.3793840889649273,0.8553519768563163,,
0.378956372968349,0.8552123552123552,,
0.37852865697177074,0.855072463768116,,
0.3781009409751925,0.8549323017408124,,
0.3776732249786142,0.8547918683446273,,
0.3772455089820359,0.8546511627906976,,
0.37681779298545764,0.8545101842870999,,
0.3763900769888794,0.8543689320388349,,
0.3759623609923011,0.8542274052478134,,
0.37553464499572287,0.8540856031128404,,
0.37510692899914455,0.8539435248296008,,
0.3746792130025663,0.8538011695906432,,
0.37425149700598803,0.8536585365853658,,
0.3738237810094098,0.853515625,,
0.37339606501283146,0.8533724340175953,,
0.37339606501283146,0.8542074363992173,,
0.3729683490162532,0.8540646425073457,,
0.37254063301967494,0.8539215686274509,,
0.37254063301967494,0.8547595682041217,,
0.3721129170230967,0.8546168958742633,,
0.3716852010265184,0.8544739429695182,,
0.3716852010265184,0.8553149606299213,,
0.3712574850299401,0.8551724137931035,,
0.37082976903336184,0.8550295857988166,,
0.37082976903336184,0.8558736426456071,,
0.3704020530367836,0.8557312252964426,,
0.3699743370402053,0.8555885262116716,,
0.3699743370402053,0.8564356435643564,,
0.3699743370402053,0.8572844400396432,,
0.369546621043627,0.8571428571428571,,
0.36911890504704875,0.8570009930486594,,
0.3686911890504705,0.856858846918489,,
0.36826347305389223,0.8567164179104477,,
0.3678357570573139,0.8565737051792829,,
0.36740804106073566,0.8564307078763709,,
0.36740804106073566,0.8572854291417166,,
0.3669803250641574,0.8571428571428571,,
0.36655260906757914,0.857,,
0.3661248930710009,0.8568568568568569,,
0.36569717707442256,0.8567134268537074,,
0.36569717707442256,0.8575727181544633,,
0.3652694610778443,0.857429718875502,,
0.36484174508126604,0.857286432160804,,
0.36484174508126604,0.858148893360161,,
0.3644140290846878,0.8580060422960725,,
0.3644140290846878,0.8588709677419355,,
0.36398631308810947,0.858728557013118,,
0.3635585970915312,0.8585858585858586,,
0.36313088109495295,0.8584428715874621,,
0.3627031650983747,0.8582995951417004,,
0.36227544910179643,0.8581560283687943,,
0.36227544910179643,0.859026369168357,,
0.3618477331052181,0.8588832487309644,,
0.36142001710863986,0.858739837398374,,
0.3609923011120616,0.8585961342828077,,
0.36056458511548334,0.8584521384928717,,
0.360136869118905,0.8583078491335372,,
0.35970915312232676,0.8581632653061224,,
0.3592814371257485,0.8580183861082737,,
0.35885372112917024,0.8578732106339468,,
0.358426005132592,0.857727737973388,,
0.35799828913601367,0.8575819672131147,,
0.3575705731394354,0.8574358974358974,,
0.35714285714285715,0.8572895277207392,,
0.35714285714285715,0.8581706063720452,,
0.3567151411462789,0.8580246913580247,,
0.3567151411462789,0.858908341915551,,
0.3567151411462789,0.8597938144329897,,
0.3562874251497006,0.8596491228070176,,
0.3558597091531223,0.859504132231405,,
0.35543199315654406,0.859358841778697,,
0.3550042771599658,0.8592132505175983,,
0.3550042771599658,0.8601036269430051,,
0.3550042771599658,0.8609958506224067,,
0.35457656116338754,0.8608515057113187,,
0.3541488451668092,0.8607068607068608,,
0.35372112917023096,0.8605619146722164,,
0.3532934131736527,0.8604166666666667,,
0.35286569717707444,0.8602711157455682,,
0.35243798118049613,0.860125260960334,,
0.35201026518391787,0.8599791013584117,,
0.3515825491873396,0.8598326359832636,,
0.35115483319076135,0.8596858638743455,,
0.35115483319076135,0.860587002096436,,
0.35072711719418304,0.8604407135362014,,
0.3502994011976048,0.8602941176470589,,
0.3498716852010265,0.8601472134595163,,
0.3498716852010265,0.8610526315789474,,
0.34944396920444826,0.8609062170706007,,
0.34901625320787,0.8607594936708861,,
0.3485885372112917,0.8606124604012672,,
0.3481608212147134,0.8604651162790697,,
0.34773310521813516,0.8603174603174604,,
0.3473053892215569,0.8601694915254238,,
0.3468776732249786,0.8600212089077413,,
0.3468776732249786,0.8609341825902336,,
0.34644995722840033,0.8607863974495218,,
0.34602224123182207,0.8606382978723405,,
0.3455945252352438,0.8604898828541001,,
0.34516680923866555,0.8603411513859275,,
0.34516680923866555,0.8612593383137673,,
0.34516680923866555,0.8621794871794872,,
0.34473909324208724,0.8620320855614974,,
0.34473909324208724,0.8629550321199143,,
0.344311377245509,0.8628081457663451,,
0.3438836612489307,0.8626609442060086,,
0.34345594525235246,0.8625134264232008,,
0.34345594525235246,0.8634408602150537,,
0.34345594525235246,0.8643702906350915,,
0.34302822925577414,0.8642241379310345,,
0.3426005132591959,0.8640776699029126,,
0.3421727972626176,0.8639308855291576,,
0.3421727972626176,0.8648648648648649,,
0.34174508126603936,0.8647186147186147,,
0.3413173652694611,0.8645720476706392,,
0.3408896492728828,0.8644251626898047,,
0.34046193327630453,0.8642779587404995,,
0.34003421727972627,0.8641304347826086,,
0.339606501283148,0.8639825897714908,,
0.339606501283148,0.8649237472766884,,
0.3391787852865697,0.8647764449291166,,
0.33875106928999144,0.8646288209606987,,
0.33875106928999144,0.8655737704918033,,
0.3383233532934132,0.8654266958424508,,
0.3378956372968349,0.8652792990142387,,
0.33746792130025666,0.8651315789473685,,
0.33704020530367834,0.8649835345773875,,
0.3366124893071001,0.8648351648351649,,
0.3361847733105218,0.8646864686468647,,
0.33575705731394356,0.8645374449339207,,
0.33532934131736525,0.86438809261301,,
0.334901625320787,0.8642384105960265,,
0.33447390932420873,0.8640883977900552,,
0.33404619332763047,0.8639380530973452,,
0.33361847733105215,0.8637873754152824,,
0.3331907613344739,0.8636363636363636,,
0.33276304533789564,0.8634850166481687,,
0.3323353293413174,0.8633333333333333,,
0.3319076133447391,0.8631813125695217,,
0.3314798973481608,0.8630289532293987,,
0.33105218135158254,0.862876254180602,,
0.3306244653550043,0.8627232142857143,,
0.330196749358426,0.8625698324022346,,
0.330196749358426,0.8635346756152126,,
0.3297690333618477,0.8633818589025756,,
0.3297690333618477,0.8643497757847534,,
0.32934131736526945,0.8641975308641975,,
0.3289136013686912,0.8640449438202247,,
0.32848588537211293,0.8638920134983127,,
0.32805816937553467,0.8637387387387387,,
0.32763045337895635,0.8635851183765502,,
0.32763045337895635,0.8645598194130926,,
0.3272027373823781,0.864406779661017,,
0.32677502138579984,0.8642533936651584,,
0.3263473053892216,0.8640996602491506,,
0.32591958939264326,0.8639455782312925,,
0.325491873396065,0.8637911464245176,,
0.325491873396065,0.8647727272727272,,
0.325491873396065,0.8657565415244596,,
0.32506415739948674,0.8656036446469249,,
0.32506415739948674,0.8665906499429875,,
0.32506415739948674,0.867579908675799,,
0.3246364414029085,0.8674285714285714,,
0.3246364414029085,0.868421052631579,,
0.3242087254063302,0.868270332187858,,
0.3237810094097519,0.8681192660550459,,
0.32335329341317365,0.8679678530424799,,
0.3229255774165954,0.867816091954023,,
0.3229255774165954,0.8688147295742232,,
0.32249786142001713,0.868663594470046,,
0.3220701454234388,0.8685121107266436,,
0.3220701454234388,0.8695150115473441,,
0.3220701454234388,0.8705202312138728,,
0.32164242942686055,0.8703703703703703,,
0.3212147134302823,0.8702201622247973,,
0.32078699743370404,0.8700696055684455,,
0.3203592814371258,0.8699186991869918,,
0.31993156544054746,0.8697674418604651,,
0.3195038494439692,0.869615832363213,,
0.31907613344739094,0.8694638694638694,,
0.3186484174508127,0.8693115519253208,,
0.31822070145423437,0.8691588785046729,,
0.31822070145423437,0.8701754385964913,,
0.31822070145423437,0.8711943793911007,,
0.3177929854576561,0.8710433763188745,,
0.31736526946107785,0.8708920187793427,,
0.31736526946107785,0.8719153936545241,,
0.3169375534644996,0.8717647058823529,,
0.3165098374679213,0.8716136631330977,,
0.3165098374679213,0.8726415094339622,,
0.316082121471343,0.872491145218418,,
0.31565440547476475,0.8723404255319149,,
0.3152266894781865,0.8721893491124261,,
0.31479897348160824,0.8720379146919431,,
0.31479897348160824,0.8730723606168446,,
0.31479897348160824,0.8741092636579573,,
0.3143712574850299,0.8739595719381689,,
0.31394354148845166,0.8738095238095238,,
0.3135158254918734,0.8736591179976162,,
0.31308810949529514,0.8735083532219571,,
0.3126603934987168,0.8733572281959379,,
0.31223267750213857,0.8732057416267942,,
0.31223267750213857,0.874251497005988,,
0.3118049615055603,0.8741007194244604,,
0.3118049615055603,0.8751500600240096,,
0.3118049615055603,0.8762019230769231,,
0.3118049615055603,0.8772563176895307,,
0.31137724550898205,0.8771084337349397,,
0.3109495295124038,0.8769601930036188,,
0.3105218135158255,0.8768115942028986,,
0.3105218135158255,0.8778718258766627,,
0.3100940975192472,0.8777239709443099,,
0.3100940975192472,0.8787878787878788,,
0.30966638152266895,0.8786407766990292,,
0.30966638152266895,0.8797083839611178,,
0.3092386655260907,0.8795620437956204,,
0.3088109495295124,0.879415347137637,,
0.3083832335329341,0.8792682926829268,,
0.30795551753635586,0.8791208791208791,,
0.3075278015397776,0.8789731051344744,,
0.3075278015397776,0.8800489596083231,,
0.30710008554319934,0.8799019607843137,,
0.306672369546621,0.8797546012269939,,
0.306672369546621,0.8808353808353808,,
0.30624465355004277,0.8806888068880688,,
0.30624465355004277,0.8817733990147784,,
0.3058169375534645,0.8816276202219482,,
0.30538922155688625,0.8814814814814815,,
0.30496150556030793,0.8813349814585909,,
0.3045337895637297,0.8811881188118812,,
0.3045337895637297,0.8822800495662949,,
0.3041060735671514,0.8821339950372209,,
0.3041060735671514,0.8832298136645963,,
0.3041060735671514,0.8843283582089553,,
0.30367835757057315,0.8841843088418431,,
0.3032506415739949,0.8840399002493765,,
0.3028229255774166,0.8838951310861424,,
0.3023952095808383,0.88375,,
0.30196749358426006,0.8836045056320401,,
0.30196749358426006,0.8847117794486216,,
0.30196749358426006,0.8858218318695107,,
0.3015397775876818,0.885678391959799,,
0.3011120615911035,0.8855345911949686,,
0.3006843455945252,0.8853904282115869,,
0.30025662959794697,0.8852459016393442,,
0.2998289136013687,0.88510101010101,,
0.2994011976047904,0.8849557522123894,,
0.29897348160821213,0.8848101265822785,,
0.29897348160821213,0.8859315589353612,,
0.2985457656116339,0.8857868020304569,,
0.2981180496150556,0.8856416772554002,,
0.29769033361847735,0.8854961832061069,,
0.29726261762189904,0.8853503184713376,,
0.2968349016253208,0.8852040816326531,,
0.2968349016253208,0.8863346104725415,,
0.2964071856287425,0.8861892583120204,,
0.29597946963216426,0.8860435339308579,,
0.29555175363558595,0.8858974358974359,,
0.2951240376390077,0.8857509627727856,,
0.2946963216424294,0.8856041131105399,,
0.29426860564585117,0.8854568854568855,,
0.2938408896492729,0.8853092783505154,,
0.2934131736526946,0.8851612903225806,,
0.29298545765611633,0.8850129198966409,,
0.2925577416595381,0.8848641655886158,,
0.2925577416595381,0.8860103626943006,,
0.2921300256629598,0.8858625162127107,,
0.2921300256629598,0.887012987012987,,
0.2921300256629598,0.8881664499349805,,
0.2917023096663815,0.8880208333333334,,
0.29127459366980324,0.8878748370273793,,
0.290846877673225,0.8877284595300261,,
0.2904191616766467,0.8875816993464052,,
0.28999144568006846,0.887434554973822,,
0.28956372968349015,0.8872870249017037,,
0.2891360136869119,0.8871391076115486,,
0.2887082976903336,0.8869908015768725,,
0.2887082976903336,0.8881578947368421,,
0.28828058169375537,0.8880105401844532,,
0.28785286569717705,0.8878627968337731,,
0.28785286569717705,0.8890356671070013,,
0.28785286569717705,0.8902116402116402,,
0.28785286569717705,0.8913907284768212,,
0.2874251497005988,0.8912466843501327,,
0.2874251497005988,0.8924302788844621,,
0.28699743370402053,0.8922872340425532,,
0.2865697177074423,0.8921438082556591,,
0.286142001710864,0.892,,
0.2857142857142857,0.8918558077436582,,
0.28528656971770744,0.8917112299465241,,
0.2848588537211292,0.891566265060241,,
0.2848588537211292,0.8927613941018767,,
0.2844311377245509,0.8926174496644296,,
0.2844311377245509,0.8938172043010753,,
0.2840034217279726,0.8936742934051144,,
0.2840034217279726,0.894878706199461,,
0.28357570573139435,0.8947368421052632,,
0.2831479897348161,0.8945945945945946,,
0.2831479897348161,0.8958051420838972,,
0.2827202737382378,0.8956639566395664,,
0.2822925577416595,0.8955223880597015,,
0.28186484174508125,0.8953804347826086,,
0.281437125748503,0.8952380952380953,,
0.28100940975192473,0.8950953678474114,,
0.2805816937553465,0.8949522510231923,,
0.28015397775876816,0.894808743169399,,
0.2797262617621899,0.8946648426812586,,
0.27929854576561164,0.8945205479452055,,
0.2788708297690334,0.8943758573388203,,
0.27844311377245506,0.8942307692307693,,
0.2780153977758768,0.8940852819807428,,
0.27758768177929855,0.8939393939393939,,
0.2771599657827203,0.8937931034482759,,
0.276732249786142,0.893646408839779,,
0.2763045337895637,0.8934993084370678,,
0.27587681779298545,0.8933518005540166,,
0.2754491017964072,0.8932038834951457,,
0.27502138579982893,0.8930555555555556,,
0.2745936698032506,0.8929068150208623,,
0.27416595380667236,0.8927576601671309,,
0.2737382378100941,0.8926080892608089,,
0.27331052181351584,0.8924581005586593,,
0.2728828058169376,0.8923076923076924,,
0.27245508982035926,0.8921568627450981,,
0.27245508982035926,0.8934081346423562,,
0.272027373823781,0.8932584269662921,,
0.272027373823781,0.8945147679324894,,
0.27159965782720275,0.8943661971830986,,
0.27159965782720275,0.8956276445698167,,
0.27159965782720275,0.8968926553672316,,
0.2711719418306245,0.8967468175388967,,
0.27074422583404617,0.896600566572238,,
0.2703165098374679,0.8964539007092198,,
0.26988879384088965,0.8963068181818182,,
0.2694610778443114,0.8961593172119487,,
0.26903336184773313,0.896011396011396,,
0.2686056458511548,0.8958630527817404,,
0.26817792985457656,0.8957142857142857,,
0.2677502138579983,0.8955650929899857,,
0.26732249786142004,0.8954154727793696,,
0.2668947818648417,0.8952654232424677,,
0.2668947818648417,0.896551724137931,,
0.26646706586826346,0.8964028776978418,,
0.2660393498716852,0.8962536023054755,,
0.26561163387510695,0.8961038961038961,,
0.26518391787852863,0.8959537572254336,,
0.26475620188195037,0.8958031837916064,,
0.2643284858853721,0.8956521739130435,,
0.2643284858853721,0.8969521044992743,,
0.26390076988879385,0.8968023255813954,,
0.2634730538922156,0.8966521106259098,,
0.2630453378956373,0.8965014577259475,,
0.262617621899059,0.8963503649635036,,
0.26218990590248076,0.8961988304093568,,
0.2617621899059025,0.8960468521229868,,
0.2613344739093242,0.8958944281524927,,
0.2609067579127459,0.895741556534508,,
0.26047904191616766,0.8955882352941177,,
0.2600513259195894,0.8954344624447718,,
0.2600513259195894,0.8967551622418879,,
0.2600513259195894,0.8980797636632201,,
0.25962360992301114,0.8979289940828402,,
0.25919589392643283,0.8977777777777778,,
0.25919589392643283,0.8991097922848664,,
0.25919589392643283,0.9004457652303121,,
0.25876817792985457,0.9002976190476191,,
0.2583404619332763,0.9001490312965723,,
0.25791274593669805,0.9,,
0.25791274593669805,0.9013452914798207,,
0.25748502994011974,0.9011976047904192,,
0.2570573139435415,0.9010494752623688,,
0.2566295979469632,0.9009009009009009,,
0.25620188195038496,0.9007518796992481,,
0.2557741659538067,0.9006024096385542,,
0.2553464499572284,0.9004524886877828,,
0.2549187339606501,0.9003021148036254,,
0.25449101796407186,0.9001512859304085,,
0.25449101796407186,0.9015151515151515,,
0.2540633019674936,0.9013657056145675,,
0.2536355859709153,0.9012158054711246,,
0.25320786997433703,0.9010654490106544,,
0.25278015397775877,0.9009146341463414,,
0.2523524379811805,0.9007633587786259,,
0.25192472198460225,0.900611620795107,,
0.25149700598802394,0.900459418070444,,
0.2510692899914457,0.9003067484662577,,
0.2506415739948674,0.9001536098310292,,
0.25021385799828916,0.9,,
0.24978614200171087,0.8998459167950693,,
0.24978614200171087,0.9012345679012346,,
0.24935842600513258,0.9010819165378671,,
0.24893071000855432,0.9009287925696594,,
0.24850299401197604,0.9007751937984496,,
0.24807527801539778,0.9006211180124224,,
0.24764756201881952,0.9004665629860031,,
0.24721984602224123,0.9003115264797508,,
0.24679213002566297,0.9001560062402496,,
0.24636441402908468,0.9,,
0.24636441402908468,0.9014084507042254,,
0.24593669803250642,0.9012539184952978,,
0.24550898203592814,0.9010989010989011,,
0.24508126603934988,0.9009433962264151,,
0.2446535500427716,0.9007874015748032,,
0.2446535500427716,0.9022082018927445,,
0.2446535500427716,0.9036334913112164,,
0.24422583404619333,0.9034810126582279,,
0.24422583404619333,0.9049128367670365,,
0.24422583404619333,0.9063492063492063,,
0.24379811804961504,0.9062003179650239,,
0.24337040205303678,0.9060509554140127,,
0.24294268605645852,0.9059011164274322,,
0.24294268605645852,0.9073482428115016,,
0.24294268605645852,0.9088,,
0.24251497005988024,0.9086538461538461,,
0.24208725406330198,0.9085072231139647,,
0.2416595380667237,0.9083601286173634,,
0.24123182207014543,0.9082125603864735,,
0.24123182207014543,0.9096774193548387,,
0.24080410607356714,0.9095315024232633,,
0.24037639007698888,0.9093851132686084,,
0.2399486740804106,0.9092382495948136,,
0.2399486740804106,0.9107142857142857,,
0.23952095808383234,0.9105691056910569,,
0.23909324208725408,0.9104234527687296,,
0.2386655260906758,0.9102773246329527,,
0.23823781009409753,0.9101307189542484,,
0.23781009409751924,0.9099836333878887,,
0.23738237810094098,0.9098360655737705,,
0.2369546621043627,0.909688013136289,,
0.23652694610778444,0.9095394736842105,,
0.23609923011120615,0.9093904448105437,,
0.2356715141146279,0.9092409240924092,,
0.2352437981180496,0.9090909090909091,,
0.23481608212147134,0.9089403973509934,,
0.23438836612489308,0.9087893864013267,,
0.2339606501283148,0.9086378737541528,,
0.23353293413173654,0.908485856905158,,
0.23310521813515825,0.9083333333333333,,
0.23267750213858,0.9081803005008348,,
0.2322497861420017,0.9080267558528428,,
0.2322497861420017,0.9095477386934674,,
0.2322497861420017,0.9110738255033557,,
0.23182207014542344,0.9109243697478991,,
0.23139435414884515,0.9107744107744108,,
0.23139435414884515,0.9123102866779089,,
0.2309666381522669,0.9121621621621622,,
0.23053892215568864,0.9120135363790186,,
0.23011120615911035,0.911864406779661,,
0.2296834901625321,0.9117147707979627,,
0.2292557741659538,0.9115646258503401,,
0.22882805816937554,0.9114139693356048,,
0.22840034217279725,0.9112627986348123,,
0.227972626176219,0.9111111111111111,,
0.2275449101796407,0.910958904109589,,
0.22711719418306245,0.9108061749571184,,
0.22711719418306245,0.9123711340206185,,
0.22668947818648416,0.9122203098106713,,
0.22668947818648416,0.9137931034482759,,
0.2262617621899059,0.9136442141623489,,
0.22583404619332764,0.9134948096885813,,
0.22540633019674935,0.9133448873483535,,
0.2249786142001711,0.9131944444444444,,
0.2245508982035928,0.9130434782608695,,
0.2245508982035928,0.9146341463414634,,
0.22412318220701455,0.9144851657940664,,
0.22369546621043626,0.9143356643356644,,
0.223267750213858,0.9141856392294221,,
0.22284003421727971,0.9140350877192982,,
0.22241231822070145,0.9138840070298769,,
0.2219846022241232,0.9137323943661971,,
0.2215568862275449,0.9135802469135802,,
0.22112917023096665,0.9134275618374559,,
0.22070145423438836,0.9132743362831859,,
0.2202737382378101,0.9131205673758865,,
0.21984602224123181,0.9129662522202486,,
0.21941830624465355,0.9128113879003559,,
0.21899059024807527,0.9126559714795008,,
0.218562874251497,0.9125,,
0.21813515825491872,0.9123434704830053,,
0.21770744225834046,0.9121863799283154,,
0.2172797262617622,0.9120287253141831,,
0.21685201026518391,0.9118705035971223,,
0.21685201026518391,0.9135135135135135,,
0.21685201026518391,0.9151624548736462,,
0.21642429426860565,0.9150090415913201,,
0.21599657827202737,0.9148550724637681,,
0.2155688622754491,0.9147005444646098,,
0.21514114627887082,0.9145454545454546,,
0.21471343028229256,0.9143897996357013,,
0.21428571428571427,0.9142335766423357,,
0.21428571428571427,0.9159049360146252,,
0.21385799828913601,0.9157509157509157,,
0.21343028229255775,0.9155963302752294,,
0.21300256629597947,0.9154411764705882,,
0.21300256629597947,0.9171270718232044,,
0.2125748502994012,0.9169741697416974,,
0.2125748502994012,0.9186691312384473,,
0.21214713430282292,0.9185185185185185,,
0.21171941830624466,0.9183673469387755,,
0.21129170230966637,0.9182156133828996,,
0.21086398631308811,0.9180633147113594,,
0.21086398631308811,0.9197761194029851,,
0.21043627031650983,0.9196261682242991,,
0.21000855431993157,0.9194756554307116,,
0.21000855431993157,0.9212007504690432,,
0.20958083832335328,0.9210526315789473,,
0.20915312232677502,0.9209039548022598,,
0.20872540633019676,0.9207547169811321,,
0.20829769033361847,0.9206049149338374,,
0.20786997433704021,0.9204545454545454,,
0.20786997433704021,0.9222011385199241,,
0.20744225834046193,0.9220532319391636,,
0.20701454234388367,0.9219047619047619,,
0.20701454234388367,0.9236641221374046,,
0.20658682634730538,0.9235181644359465,,
0.20615911035072712,0.9233716475095786,,
0.20573139435414883,0.9232245681381958,,
0.20530367835757057,0.9230769230769231,,
0.20530367835757057,0.9248554913294798,,
0.20487596236099231,0.9247104247104247,,
0.20444824636441403,0.9245647969052224,,
0.20402053036783577,0.9244186046511628,,
0.20402053036783577,0.9262135922330097,,
0.20359281437125748,0.9260700389105059,,
0.20316509837467922,0.9259259259259259,,
0.20273738237810093,0.92578125,,
0.20230966638152267,0.9256360078277887,,
0.2018819503849444,0.9254901960784314,,
0.20145423438836613,0.925343811394892,,
0.20102651839178784,0.9251968503937008,,
0.20059880239520958,0.9250493096646942,,
0.20017108639863132,0.924901185770751,,
0.19974337040205303,0.9247524752475248,,
0.19931565440547477,0.9246031746031746,,
0.1988879384088965,0.9244532803180915,,
0.19846022241231823,0.9243027888446215,,
0.19803250641573994,0.9241516966067864,,
0.19760479041916168,0.924,,
0.1971770744225834,0.9238476953907816,,
0.19674935842600513,0.9236947791164659,,
0.19632164242942687,0.9235412474849095,,
0.1958939264328486,0.9233870967741935,,
0.1958939264328486,0.9252525252525252,,
0.19546621043627033,0.9251012145748988,,
0.19503849443969204,0.9249492900608519,,
0.19503849443969204,0.926829268292683,,
0.19461077844311378,0.9266802443991853,,
0.1941830624465355,0.926530612244898,,
0.19375534644995723,0.9263803680981595,,
0.19332763045337895,0.9262295081967213,,
0.1928999144568007,0.9260780287474333,,
0.1924721984602224,0.9259259259259259,,
0.19204448246364414,0.9257731958762887,,
0.19161676646706588,0.9256198347107438,,
0.1911890504704876,0.9254658385093167,,
0.1911890504704876,0.9273858921161826,,
0.1911890504704876,0.9293139293139293,,
0.19076133447390933,0.9291666666666667,,
0.19033361847733105,0.9290187891440501,,
0.19033361847733105,0.9309623430962343,,
0.1899059024807528,0.9308176100628931,,
0.1894781864841745,0.930672268907563,,
0.18905047048759624,0.9305263157894736,,
0.18905047048759624,0.9324894514767933,,
0.18862275449101795,0.9323467230443975,,
0.1881950384944397,0.9322033898305084,,
0.1881950384944397,0.9341825902335457,,
0.18776732249786143,0.9340425531914893,,
0.18733960650128315,0.9339019189765458,,
0.1869118905047049,0.9337606837606838,,
0.1864841745081266,0.9336188436830836,,
0.18605645851154834,0.9334763948497854,,
0.18562874251497005,0.9333333333333333,,
0.1852010265183918,0.9331896551724138,,
0.1847733105218135,0.9330453563714903,,
0.18434559452523525,0.9329004329004329,,
0.18391787852865696,0.9327548806941431,,
0.1834901625320787,0.9326086956521739,,
0.18306244653550044,0.9324618736383442,,
0.18306244653550044,0.9344978165938864,,
0.18263473053892215,0.9343544857768052,,
0.1822070145423439,0.9342105263157895,,
0.1817792985457656,0.9340659340659341,,
0.18135158254918735,0.933920704845815,,
0.18092386655260906,0.9337748344370861,,
0.1804961505560308,0.9336283185840708,,
0.1800684345594525,0.9334811529933481,,
0.17964071856287425,0.9333333333333333,,
0.179213002566296,0.933184855233853,,
0.1787852865697177,0.9330357142857143,,
0.1787852865697177,0.9351230425055929,,
0.1787852865697177,0.9372197309417041,,
0.17835757057313945,0.9370786516853933,,
0.17792985457656116,0.9369369369369369,,
0.1775021385799829,0.9367945823927766,,
0.1770744225834046,0.9366515837104072,,
0.17664670658682635,0.9365079365079365,,
0.17621899059024806,0.9363636363636364,,
0.1757912745936698,0.9362186788154897,,
0.17536355859709152,0.9360730593607306,,
0.17536355859709152,0.9382151029748284,,
0.17493584260051326,0.9380733944954128,,
0.17493584260051326,0.9402298850574713,,
0.174508126603935,0.9400921658986175,,
0.174508126603935,0.9422632794457275,,
0.1740804106073567,0.9421296296296297,,
0.17365269461077845,0.9419953596287703,,
0.17322497861420016,0.9418604651162791,,
0.1727972626176219,0.9417249417249417,,
0.17236954662104362,0.9415887850467289,,
0.17194183062446536,0.9414519906323185,,
0.17151411462788707,0.9413145539906104,,
0.1710863986313088,0.9411764705882353,,
0.17065868263473055,0.9410377358490566,,
0.17023096663815226,0.9408983451536643,,
0.169803250641574,0.9407582938388626,,
0.16937553464499572,0.9406175771971497,,
0.16937553464499572,0.9428571428571428,,
0.16894781864841746,0.9427207637231504,,
0.16852010265183917,0.9425837320574163,,
0.1680923866552609,0.9424460431654677,,
0.16766467065868262,0.9423076923076923,,
0.16723695466210436,0.9421686746987952,,
0.16723695466210436,0.9444444444444444,,
0.16680923866552608,0.9443099273607748,,
0.16638152266894782,0.9441747572815534,,
0.16595380667236956,0.9440389294403893,,
0.16552609067579127,0.9439024390243902,,
0.165098374679213,0.9437652811735942,,
0.16467065868263472,0.9436274509803921,,
0.16424294268605646,0.9434889434889435,,
0.16381522668947818,0.9433497536945813,,
0.16338751069289992,0.9432098765432099,,
0.16295979469632163,0.943069306930693,,
0.16295979469632163,0.9454094292803971,,
0.16253207869974337,0.945273631840796,,
0.1621043627031651,0.9451371571072319,,
0.16167664670658682,0.945,,
0.16124893071000856,0.9448621553884712,,
0.16082121471343028,0.9447236180904522,,
0.16039349871685202,0.9445843828715366,,
0.15996578272027373,0.9444444444444444,,
0.15953806672369547,0.9443037974683545,,
0.15911035072711718,0.9441624365482234,,
0.15911035072711718,0.9465648854961832,,
0.15911035072711718,0.9489795918367347,,
0.15911035072711718,0.9514066496163683,,
0.15868263473053892,0.9512820512820512,,
0.15825491873396064,0.9511568123393316,,
0.15782720273738238,0.9510309278350515,,
0.15739948674080412,0.9509043927648578,,
0.15739948674080412,0.9533678756476683,,
0.15697177074422583,0.9532467532467532,,
0.15654405474764757,0.953125,,
0.15611633875106928,0.9530026109660574,,
0.15568862275449102,0.9528795811518325,,
0.15526090675791274,0.952755905511811,,
0.15483319076133448,0.9526315789473684,,
0.1544054747647562,0.9525065963060686,,
0.15397775876817793,0.9523809523809523,,
0.15355004277159967,0.9522546419098143,,
0.15355004277159967,0.9547872340425532,,
0.15312232677502138,0.9546666666666667,,
0.15312232677502138,0.9572192513368984,,
0.15269461077844312,0.9571045576407506,,
0.15269461077844312,0.9596774193548387,,
0.15226689478186484,0.9595687331536388,,
0.15183917878528658,0.9594594594594594,,
0.1514114627887083,0.959349593495935,,
0.15098374679213003,0.9592391304347826,,
0.15055603079555174,0.9591280653950953,,
0.15055603079555174,0.9617486338797814,,
0.15012831479897348,0.9616438356164384,,
0.1497005988023952,0.9615384615384616,,
0.14927288280581694,0.9614325068870524,,
0.14884516680923868,0.9613259668508287,,
0.14884516680923868,0.96398891966759,,
0.1484174508126604,0.9638888888888889,,
0.14798973481608213,0.9637883008356546,,
0.14756201881950384,0.9636871508379888,,
0.14713430282292558,0.9635854341736695,,
0.1467065868263473,0.9634831460674157,,
0.1467065868263473,0.9661971830985916,,
0.14627887082976904,0.9661016949152542,,
0.14585115483319075,0.9660056657223796,,
0.1454234388366125,0.9659090909090909,,
0.14499572284003423,0.9658119658119658,,
0.14456800684345594,0.9657142857142857,,
0.14414029084687768,0.9656160458452722,,
0.1437125748502994,0.9655172413793104,,
0.14328485885372114,0.9654178674351584,,
0.14285714285714285,0.9653179190751445,,
0.1424294268605646,0.9652173913043478,,
0.1420017108639863,0.9651162790697675,,
0.14157399486740804,0.9650145772594753,,
0.14114627887082976,0.9649122807017544,,
0.1407185628742515,0.9648093841642229,,
0.14029084687767324,0.9647058823529412,,
0.14029084687767324,0.967551622418879,,
0.13986313088109495,0.9674556213017751,,
0.1394354148845167,0.9673590504451038,,
0.1390076988879384,0.9672619047619048,,
0.13857998289136014,0.9671641791044776,,
0.13815226689478186,0.9670658682634731,,
0.1377245508982036,0.9669669669669669,,
0.1372968349016253,0.9668674698795181,,
0.13686911890504705,0.9667673716012085,,
0.1364414029084688,0.9666666666666667,,
0.1364414029084688,0.9696048632218845,,
0.1360136869118905,0.9695121951219512,,
0.13558597091531224,0.9694189602446484,,
0.13515825491873396,0.9693251533742331,,
0.1347305389221557,0.9692307692307692,,
0.1347305389221557,0.9722222222222222,,
0.1343028229255774,0.9721362229102167,,
0.13387510692899915,0.9720496894409938,,
0.13344739093242086,0.9719626168224299,,
0.1330196749358426,0.971875,,
0.1330196749358426,0.9749216300940439,,
0.1330196749358426,0.9779874213836478,,
0.13259195893926431,0.9779179810725552,,
0.13216424294268606,0.9778481012658228,,
0.13216424294268606,0.9809523809523809,,
0.1317365269461078,0.9808917197452229,,
0.1313088109495295,0.9808306709265175,,
0.13088109495295125,0.9807692307692307,,
0.13045337895637296,0.9807073954983923,,
0.13045337895637296,0.9838709677419355,,
0.1300256629597947,0.9838187702265372,,
0.12959794696321641,0.9837662337662337,,
0.12917023096663816,0.9837133550488599,,
0.12874251497005987,0.9836601307189542,,
0.1283147989734816,0.9836065573770492,,
0.12788708297690335,0.9835526315789473,,
0.12745936698032506,0.9834983498349835,,
0.1270316509837468,0.9834437086092715,,
0.12660393498716851,0.9833887043189369,,
0.12617621899059026,0.9833333333333333,,
0.12574850299401197,0.9832775919732442,,
0.1253207869974337,0.9832214765100671,,
0.12489307100085544,0.9831649831649831,,
0.12446535500427716,0.9831081081081081,,
0.12403763900769889,0.9830508474576272,,
0.12360992301112061,0.9829931972789115,,
0.12318220701454234,0.9829351535836177,,
0.12275449101796407,0.9828767123287672,,
0.1223267750213858,0.9828178694158075,,
0.12189905902480752,0.9827586206896551,,
0.12147134302822926,0.9826989619377162,,
0.12104362703165099,0.9826388888888888,,
0.12061591103507271,0.9825783972125436,,
0.12018819503849444,0.9825174825174825,,
0.11976047904191617,0.9824561403508771,,
0.1193327630453379,0.9823943661971831,,
0.11890504704875962,0.9823321554770318,,
0.11847733105218135,0.9822695035460993,,
0.11804961505560307,0.9822064056939501,,
0.11804961505560307,0.9857142857142858,,
0.1176218990590248,0.985663082437276,,
0.11719418306244654,0.9856115107913669,,
0.11676646706586827,0.9855595667870036,,
0.11633875106929,0.9855072463768116,,
0.11591103507271172,0.9854545454545455,,
0.11548331907613345,0.9854014598540146,,
0.11505560307955517,0.9853479853479854,,
0.1146278870829769,0.9852941176470589,,
0.11420017108639863,0.985239852398524,,
0.11377245508982035,0.9851851851851852,,
0.11334473909324208,0.9851301115241635,,
0.11291702309666382,0.9850746268656716,,
0.11248930710008555,0.9850187265917603,,
0.11206159110350727,0.9849624060150376,,
0.111633875106929,0.9849056603773585,,
0.11120615911035073,0.9848484848484849,,
0.11077844311377245,0.9847908745247148,,
0.11035072711719418,0.9847328244274809,,
0.10992301112061591,0.9846743295019157,,
0.10992301112061591,0.9884615384615385,,
0.10949529512403763,0.9884169884169884,,
0.10949529512403763,0.9922480620155039,,
0.10906757912745936,0.9922178988326849,,
0.1086398631308811,0.9921875,,
0.1086398631308811,0.996078431372549,,
0.1086398631308811,1.0,,
0.10821214713430283,1.0,,
0.10778443113772455,1.0,,
0.10735671514114628,1.0,,
0.10692899914456801,1.0,,
0.10650128314798973,1.0,,
0.10607356715141146,1.0,,
0.10564585115483319,1.0,,
0.10521813515825491,1.0,,
0.10479041916167664,1.0,,
0.10436270316509838,1.0,,
0.10393498716852011,1.0,,
0.10350727117194183,1.0,,
0.10307955517536356,1.0,,
0.10265183917878529,1.0,,
0.10222412318220701,1.0,,
0.10179640718562874,1.0,,
0.10136869118905047,1.0,,
0.1009409751924722,1.0,,
0.10051325919589392,1.0,,
0.10008554319931566,1.0,,
0.09965782720273739,1.0,,
0.09923011120615911,1.0,,
0.09880239520958084,1.0,,
0.09837467921300257,1.0,,
0.0979469632164243,1.0,,
0.09751924721984602,1.0,,
0.09709153122326775,1.0,,
0.09666381522668947,1.0,,
0.0962360992301112,1.0,,
0.09580838323353294,1.0,,
0.09538066723695467,1.0,,
0.0949529512403764,1.0,,
0.09452523524379812,1.0,,
0.09409751924721985,1.0,,
0.09366980325064157,1.0,,
0.0932420872540633,1.0,,
0.09281437125748503,1.0,,
0.09238665526090675,1.0,,
0.09195893926432848,1.0,,
0.09153122326775022,1.0,,
0.09110350727117195,1.0,,
0.09067579127459367,1.0,,
0.0902480752780154,1.0,,
0.08982035928143713,1.0,,
0.08939264328485885,1.0,,
0.08896492728828058,1.0,,
0.0885372112917023,1.0,,
0.08810949529512403,1.0,,
0.08768177929854576,1.0,,
0.0872540633019675,1.0,,
0.08682634730538923,1.0,,
0.08639863130881095,1.0,,
0.08597091531223268,1.0,,
0.0855431993156544,1.0,,
0.08511548331907613,1.0,,
0.08468776732249786,1.0,,
0.08426005132591959,1.0,,
0.08383233532934131,1.0,,
0.08340461933276304,1.0,,
0.08297690333618478,1.0,,
0.0825491873396065,1.0,,
0.08212147134302823,1.0,,
0.08169375534644996,1.0,,
0.08126603934987169,1.0,,
0.08083832335329341,1.0,,
0.08041060735671514,1.0,,
0.07998289136013687,1.0,,
0.07955517536355859,1.0,,
0.07912745936698032,1.0,,
0.07869974337040206,1.0,,
0.07827202737382379,1.0,,
0.07784431137724551,1.0,,
0.07741659538066724,1.0,,
0.07698887938408897,1.0,,
0.07656116338751069,1.0,,
0.07613344739093242,1.0,,
0.07570573139435414,1.0,,
0.07527801539777587,1.0,,
0.0748502994011976,1.0,,
0.07442258340461934,1.0,,
0.07399486740804107,1.0,,
0.07356715141146279,1.0,,
0.07313943541488452,1.0,,
0.07271171941830624,1.0,,
0.07228400342172797,1.0,,
0.0718562874251497,1.0,,
0.07142857142857142,1.0,,
0.07100085543199315,1.0,,
0.07057313943541488,1.0,,
0.07014542343883662,1.0,,
0.06971770744225834,1.0,,
0.06928999144568007,1.0,,
0.0688622754491018,1.0,,
0.06843455945252352,1.0,,
0.06800684345594525,1.0,,
0.06757912745936698,1.0,,
0.0671514114627887,1.0,,
0.06672369546621043,1.0,,
0.06629597946963216,1.0,,
0.0658682634730539,1.0,,
0.06544054747647562,1.0,,
0.06501283147989735,1.0,,
0.06458511548331908,1.0,,
0.0641573994867408,1.0,,
0.06372968349016253,1.0,,
0.06330196749358426,1.0,,
0.06287425149700598,1.0,,
0.06244653550042772,1.0,,
0.062018819503849444,1.0,,
0.06159110350727117,1.0,,
0.0611633875106929,1.0,,
0.06073567151411463,1.0,,
0.06030795551753636,1.0,,
0.059880239520958084,1.0,,
0.05945252352437981,1.0,,
0.05902480752780154,1.0,,
0.05859709153122327,1.0,,
0.058169375534645,1.0,,
0.057741659538066724,1.0,,
0.05731394354148845,1.0,,
0.05688622754491018,1.0,,
0.05645851154833191,1.0,,
0.05603079555175364,1.0,,
0.055603079555175364,1.0,,
0.05517536355859709,1.0,,
0.05474764756201882,1.0,,
0.05431993156544055,1.0,,
0.05389221556886228,1.0,,
0.053464499572284004,1.0,,
0.05303678357570573,1.0,,
0.05260906757912746,1.0,,
0.05218135158254919,1.0,,
0.05175363558597092,1.0,,
0.05132591958939264,1.0,,
0.05089820359281437,1.0,,
0.0504704875962361,1.0,,
0.05004277159965783,1.0,,
0.04961505560307956,1.0,,
0.04918733960650128,1.0,,
0.04875962360992301,1.0,,
0.048331907613344736,1.0,,
0.04790419161676647,1.0,,
0.0474764756201882,1.0,,
0.04704875962360992,1.0,,
0.04662104362703165,1.0,,
0.046193327630453376,1.0,,
0.04576561163387511,1.0,,
0.045337895637296836,1.0,,
0.04491017964071856,1.0,,
0.04448246364414029,1.0,,
0.044054747647562016,1.0,,
0.04362703165098375,1.0,,
0.043199315654405476,1.0,,
0.0427715996578272,1.0,,
0.04234388366124893,1.0,,
0.041916167664670656,1.0,,
0.04148845166809239,1.0,,
0.041060735671514116,1.0,,
0.04063301967493584,1.0,,
0.04020530367835757,1.0,,
0.039777587681779296,1.0,,
0.03934987168520103,1.0,,
0.038922155688622756,1.0,,
0.03849443969204448,1.0,,
0.03806672369546621,1.0,,
0.037639007698887936,1.0,,
0.03721129170230967,1.0,,
0.036783575705731396,1.0,,
0.03635585970915312,1.0,,
0.03592814371257485,1.0,,
0.035500427715996576,1.0,,
0.03507271171941831,1.0,,
0.034644995722840036,1.0,,
0.03421727972626176,1.0,,
0.03378956372968349,1.0,,
0.033361847733105215,1.0,,
0.03293413173652695,1.0,,
0.032506415739948676,1.0,,
0.0320786997433704,1.0,,
0.03165098374679213,1.0,,
0.03122326775021386,1.0,,
0.030795551753635585,1.0,,
0.030367835757057315,1.0,,
0.029940119760479042,1.0,,
0.02951240376390077,1.0,,
0.0290846877673225,1.0,,
0.028656971770744225,1.0,,
0.028229255774165955,1.0,,
0.027801539777587682,1.0,,
0.02737382378100941,1.0,,
0.02694610778443114,1.0,,
0.026518391787852865,1.0,,
0.026090675791274595,1.0,,
0.02566295979469632,1.0,,
0.02523524379811805,1.0,,
0.02480752780153978,1.0,,
0.024379811804961505,1.0,,
0.023952095808383235,1.0,,
0.02352437981180496,1.0,,
0.023096663815226688,1.0,,
0.022668947818648418,1.0,,
0.022241231822070145,1.0,,
0.021813515825491875,1.0,,
0.0213857998289136,1.0,,
0.020958083832335328,1.0,,
0.020530367835757058,1.0,,
0.020102651839178785,1.0,,
0.019674935842600515,1.0,,
0.01924721984602224,1.0,,
0.018819503849443968,1.0,,
0.018391787852865698,1.0,,
0.017964071856287425,1.0,,
0.017536355859709155,1.0,,
0.01710863986313088,1.0,,
0.016680923866552608,1.0,,
0.016253207869974338,1.0,,
0.015825491873396064,1.0,,
0.015397775876817793,1.0,,
0.014970059880239521,1.0,,
0.01454234388366125,1.0,,
0.014114627887082978,1.0,,
0.013686911890504704,1.0,,
0.013259195893926433,1.0,,
0.01283147989734816,1.0,,
0.01240376390076989,1.0,,
0.011976047904191617,1.0,,
0.011548331907613344,1.0,,
0.011120615911035072,1.0,,
0.0106928999144568,1.0,,
0.010265183917878529,1.0,,
0.009837467921300257,1.0,,
0.009409751924721984,1.0,,
0.008982035928143712,1.0,,
0.00855431993156544,1.0,,
0.008126603934987169,1.0,,
0.007698887938408896,1.0,,
0.007271171941830625,1.0,,
0.006843455945252352,1.0,,
0.00641573994867408,1.0,,
0.005560307955517536,1.0,,
0.004704875962360992,1.0,,
0.003849443969204448,1.0,,
0.003421727972626176,1.0,,
0.0029940119760479044,1.0,,
0.0025662959794696323,1.0,,
0.00213857998289136,1.0,,
0.001710863986313088,1.0,,
0.0012831479897348161,1.0,,
0.000855431993156544,1.0,,
0.000427715996578272,1.0,,
0.0,1.0,,
